Agency,Description,Uploaded On,Link,Value,Saved,0
BUREAU OF LAND MANAGEMENT,EEO DEIA SUPPORT,2/13/2025,,440000,145000,295000
CORPORATION FOR NATIONAL AND COMMUNITY SERVICE,CHANGE MANAGEMENT AND BUSINESS PROCESS REENGINEERING PROFESSIONAL SERVICES.,2/26/2025,,3204278,0,3204278
COMMITTEE FOR PURCHASE FROM PEOPLE WHO ARE BLIND OR SEVERELY DISABLED,Legal Database that allows lawyers to conduct research and prepare for litigation,2/20/2025,,199305,21341,177964
COMMODITY FUTURES TRADING COMMISSION,Annual subscription to Politico Pro,2/13/2025,,255863,60373,195490
COMMODITY FUTURES TRADING COMMISSION,FT.COM SUBSCRIPTION,2/25/2025,,188073,129286,58787
COMMODITY FUTURES TRADING COMMISSION,RENEW ONLINE SUBSCRIPTION TO THE WALL STREET JOURNAL.,2/25/2025,,169259,79998,89261
COMMODITY FUTURES TRADING COMMISSION,ONLINE SUBSCRIPTION TO THE NEW YORK TIMES.,2/25/2025,,41106,0,41106
COMMODITY FUTURES TRADING COMMISSION,DEIA INCLUSIVE LEADERSHIP TRAINING FOR SUPERVISORS,2/26/2025,,443742,0,443742
COMMODITY FUTURES TRADING COMMISSION,BLOOMBERG LAW SUBSCRIPTION RENEWAL,2/27/2025,,194759,0,194759
COMMODITY FUTURES TRADING COMMISSION,INTEGRATED MARKETING SUPPORT FOR THE OFFICE OF CUSTOMER EDUCATION AND OUTREACH,2/28/2025,,1410518,1410518,0
COMMODITY FUTURES TRADING COMMISSION,Travel Support Services,3/5/2025,,2709934,2413600,296334
COMMODITY FUTURES TRADING COMMISSION,Expert witness support services,3/5/2025,,3495568,361977,3133591
COMMODITY FUTURES TRADING COMMISSION,Training Support Services,3/5/2025,,1123601,238197,885404
COMMODITY FUTURES TRADING COMMISSION,Executive Coaching Services,3/5/2025,,2445470,1929796,515674
COMMODITY FUTURES TRADING COMMISSION,Policy Program Support Services,3/5/2025,,386531,0,386531
COMMODITY FUTURES TRADING COMMISSION,Strategic Program Management and Communications,3/5/2025,,575166,0,575166
COMMODITY FUTURES TRADING COMMISSION,Personnel/Physical Security Support Services,3/5/2025,,1842114,769662,1072452
COMMODITY FUTURES TRADING COMMISSION,Renew the annual subscription to CQ for 30 users in accordance with Section I - Statement of Work (SOW).,3/5/2025,,146550,119868,26682
COMMODITY FUTURES TRADING COMMISSION,ONLINE SUBSCRIPTION TO MLEX FOR FINANCIAL SERVICES REGULATION AND DIGITAL RISK FOR UP TO 200 USERS,3/11/2025,,109602,23672,85930
CONSUMER FINANCIAL PROTECTION BUREAU,OMWI Training Support - Psychological Safety - Termination,1/29/2025,,9999999,9999999,0
CONSUMER FINANCIAL PROTECTION BUREAU,OMWI Training Support - DEIA Training Termination,1/29/2025,,9999999,9999999,0
CONSUMER FINANCIAL PROTECTION BUREAU,POLITICO PRO,2/11/2025,,635375,522660,112715
CONSUMER FINANCIAL PROTECTION BUREAU,CQ ROLLCALL,2/11/2025,,299250,242950,56300
CONSUMER FINANCIAL PROTECTION BUREAU,CQ ROLL CALL SUBSCRIPTION - TERMINATION FOR CONVENIENCE,2/11/2025,,245616,0,245616
CONSUMER FINANCIAL PROTECTION BUREAU,WALL STREET JOURNAL SBSCRIPTION,2/11/2025,,216665,176665,40000
CONSUMER FINANCIAL PROTECTION BUREAU,WASHINGTON POST SUBSCRIPTION,2/11/2025,,127398,103398,24000
CONSUMER FINANCIAL PROTECTION BUREAU,CYBERSECURITY SUPPORT SERVICES BPA ORDER - SAFEGUARDS AND RISK MANAGEMENT (SRM),2/14/2025,,10818787,1863492,8955295
CONSUMER FINANCIAL PROTECTION BUREAU,CYBERSECURITY SUPPORT SERVICES BPA ORDER - SECURITY ARCHITECTURE AND ENGINEERING (SAE),2/14/2025,,5405885,1917787,3488098
CONSUMER FINANCIAL PROTECTION BUREAU,EVALUATION AND RESEARCH SERVICES BPA,2/14/2025,,5000000,0,5000000
CONSUMER FINANCIAL PROTECTION BUREAU,EVALUATION AND RESEARCH SERVICES BPA,2/14/2025,,5000000,0,5000000
CONSUMER FINANCIAL PROTECTION BUREAU,EVALUATION AND RESEARCH SERVICES BPA,2/14/2025,,5000000,0,5000000
CONSUMER FINANCIAL PROTECTION BUREAU,EVALUATION AND RESEARCH SERVICES BPA,2/14/2025,,5000000,0,5000000
CONSUMER FINANCIAL PROTECTION BUREAU,RESEARCH AND EVALUATION SERVICES BPA,2/14/2025,,5000000,0,5000000
CONSUMER FINANCIAL PROTECTION BUREAU,EVALUATION AND RESEARCH SERVICES BPA,2/14/2025,,5000000,0,5000000
CONSUMER FINANCIAL PROTECTION BUREAU,EVALUATION AND RESEARCH SERVICES BPA,2/14/2025,,5000000,0,5000000
CONSUMER FINANCIAL PROTECTION BUREAU,CONTRACTOR SUPPORT SERVICES FOR EDITORIAL SUPPORT,2/14/2025,,4457776,592043,3865733
CONSUMER FINANCIAL PROTECTION BUREAU,508 SUPPORT SERVICES,2/14/2025,,3713712,732081,2981631
CONSUMER FINANCIAL PROTECTION BUREAU,CYBERSECURITY SUPPORT SERVICES - INFORMATION SECURITY STANDARDS (ISS),2/14/2025,,3441633,1022444,2419189
CONSUMER FINANCIAL PROTECTION BUREAU,IT RESEARCH & ADVISORY SUBSCRIPTIONS,2/14/2025,,3437246,434348,3002898
CONSUMER FINANCIAL PROTECTION BUREAU,ECONOMIC ANAYSIS EXPERT SUPPORT,2/14/2025,,3299900,596513,2703387
CONSUMER FINANCIAL PROTECTION BUREAU,AMERICAN BANKERS ASSOCIATION TRAINING SERVICES BPA,2/14/2025,,1673640,0,1673640
CONSUMER FINANCIAL PROTECTION BUREAU,AUTO-LOAN-SERVICING EXPERT,2/14/2025,,1619850,387161,1232689
CONSUMER FINANCIAL PROTECTION BUREAU,EXPERT WITNESS AND TESTING SERVICES BPA,2/14/2025,,1396381,0,1396381
CONSUMER FINANCIAL PROTECTION BUREAU,EXPERT WITNESS,2/14/2025,,1380420,409991,970429
CONSUMER FINANCIAL PROTECTION BUREAU,TABLEAU LICENSES,2/14/2025,,1244995,0,1244995
CONSUMER FINANCIAL PROTECTION BUREAU,CONSUMER SURVEY - PILOT,2/14/2025,,1139381,135710,1003671
CONSUMER FINANCIAL PROTECTION BUREAU,EXPERIAN VELOCITY,2/14/2025,,1119250,186750,932500
CONSUMER FINANCIAL PROTECTION BUREAU,CONSUMER CREDIT INFORMATION PANEL IDIQ CONTRACT - AUTO LOAN SURVEY,2/14/2025,,899985,899985,0
CONSUMER FINANCIAL PROTECTION BUREAU,NEW EXPERT WITNESS CONTRACT - RESEARCH FIRM,2/14/2025,,865930,409633,456297
CONSUMER FINANCIAL PROTECTION BUREAU,"TRANSLATIONS, COMPLIANCE AND QUALITY REVIEW",2/14/2025,,783300,87789,695511
CONSUMER FINANCIAL PROTECTION BUREAU,NATIONAL INSTITUTE FOR TRIAL ADVOCACY (NITA) BPA,2/14/2025,,730000,0,730000
CONSUMER FINANCIAL PROTECTION BUREAU,LITIGATION EXPERT SERVICES FOR CFPB LEGAL DIVISION,2/14/2025,,625730,134051,491679
CONSUMER FINANCIAL PROTECTION BUREAU,CLEAR INVESTIGATION SOFTWARE,2/14/2025,,602834,81582,521252
CONSUMER FINANCIAL PROTECTION BUREAU,CONSUMER CREDIT INFORMATION PANEL AUTO FINANCE DATA COLLECTION,2/14/2025,,576384,0,576384
CONSUMER FINANCIAL PROTECTION BUREAU,EXPERT CONTRACT - HMDA ANALYSIS,2/14/2025,,564580,252781,311799
CONSUMER FINANCIAL PROTECTION BUREAU,YUBIENTERPRISE COMPLIANCE TIER PLUS PLAN,2/14/2025,,512500,0,512500
CONSUMER FINANCIAL PROTECTION BUREAU,NUVOLO IWMS LICENSES,2/14/2025,,467095,0,467095
CONSUMER FINANCIAL PROTECTION BUREAU,CISCO SMARTNET MAINTENANCE,2/14/2025,,446087,0,446087
CONSUMER FINANCIAL PROTECTION BUREAU,NEW EXPERT WITNESS CONTRACT - TELEPHONE SURVEYS,2/14/2025,,421313,160536,260777
CONSUMER FINANCIAL PROTECTION BUREAU,IBM I2 ANALYST NOTEBOOK LICENSES AND SOFTWARE SUBSCRIPTION FOR CFPB,2/14/2025,,401733,0,401733
CONSUMER FINANCIAL PROTECTION BUREAU,OFLEO/ENF FORECLOSURE DATA,2/14/2025,,341150,0,341150
CONSUMER FINANCIAL PROTECTION BUREAU,MOBILE INTELLIGENCE DATA PLATFORM,2/14/2025,,321000,64200,256800
CONSUMER FINANCIAL PROTECTION BUREAU,MORTGAGE RATE LOCK DATA,2/14/2025,,291950,0,291950
CONSUMER FINANCIAL PROTECTION BUREAU,COMPENSATION AND CONSULTING EXPERT,2/14/2025,,288210,135988,152222
CONSUMER FINANCIAL PROTECTION BUREAU,EXPERT SERVICES,2/14/2025,,279000,190000,89000
CONSUMER FINANCIAL PROTECTION BUREAU,ACCURINT GOVERNMENT PLUS LICENSES,2/14/2025,,270900,36120,234780
CONSUMER FINANCIAL PROTECTION BUREAU,VIRTUAL ANONYMOUS WORKSTATION,2/14/2025,,243341,0,243341
CONSUMER FINANCIAL PROTECTION BUREAU,AITE GROUP RESEARCH SERVICES,2/14/2025,,241235,61057,180178
CONSUMER FINANCIAL PROTECTION BUREAU,BARRIER ANALYSIS SERVICES,2/14/2025,,218804,85635,133169
CONSUMER FINANCIAL PROTECTION BUREAU,NEW EXPERT CONTRACT - WEB SURVEYS,2/14/2025,,209452,113890,95562
CONSUMER FINANCIAL PROTECTION BUREAU,ONSITE & VIRTUAL FEDERAL ACQUISITION TRAINING,2/14/2025,,207137,0,207137
CONSUMER FINANCIAL PROTECTION BUREAU,STUDENT LOAN EXPERT WITNESS/LITIGATION CONSULTANT SERVICES FOR OFFICE OF ENFORCEMENT,2/14/2025,,191789,87670,104119
CONSUMER FINANCIAL PROTECTION BUREAU,PROQUEST DIGITAL CONTENT,2/14/2025,,170492,0,170492
CONSUMER FINANCIAL PROTECTION BUREAU,LEGAL SUPPORT SERVICES - PARALEGAL SERVICES - OCR,2/14/2025,,157560,25603,131957
CONSUMER FINANCIAL PROTECTION BUREAU,ESRI ARCGIS ENTERPRISE LICENSE SUITE,2/14/2025,,151277,0,151277
CONSUMER FINANCIAL PROTECTION BUREAU,NEW EXPERT WITNESS CONTRACT - BEHAVIORAL ECONOMIST,2/14/2025,,151000,39438,111562
CONSUMER FINANCIAL PROTECTION BUREAU,TRANSLATION AND INTERPRETATION SERVICES BPA CALL - SUPERVISION EXAMINATIONS,2/14/2025,,150000,135780,14220
CONSUMER FINANCIAL PROTECTION BUREAU,CITRIX MAINTENANCE RENEWAL,2/14/2025,,125655,0,125655
CONSUMER FINANCIAL PROTECTION BUREAU,NATIONAL INSTITUTE FOR TRIAL ADVOCACY (NITA) BPA ORDER,2/14/2025,,123195,119805,3390
CONSUMER FINANCIAL PROTECTION BUREAU,LINKEDIN RECRUITER LICENSES FOR THE OFFICE OF ENFORCEMENT INVESTIGATORS,2/14/2025,,117153,0,117153
CONSUMER FINANCIAL PROTECTION BUREAU,EXTERNAL TRAINING COURSES - AMA TALENT MANAGEMENT,2/14/2025,,110250,92902,17348
CONSUMER FINANCIAL PROTECTION BUREAU,ARBITRATION SERVICES,2/14/2025,,100000,52300,47700
CONSUMER FINANCIAL PROTECTION BUREAU,LAWPROSE FY24 ADVANCED LEGAL WRITING & EDITING CLASSES,2/14/2025,,97590,65370,32220
CONSUMER FINANCIAL PROTECTION BUREAU,BEYONDTRUST LICENSES,2/14/2025,,92135,0,92135
CONSUMER FINANCIAL PROTECTION BUREAU,PROVAR LICENSE RENEWAL,2/14/2025,,72154,0,72154
CONSUMER FINANCIAL PROTECTION BUREAU,ROSETTA STONE CATALYST BRONZE SOFTWARE,2/14/2025,,56544,0,56544
CONSUMER FINANCIAL PROTECTION BUREAU,MAINTENANCE RENEWAL FOR MATLAB LICENSES,2/14/2025,,54124,0,54124
CONSUMER FINANCIAL PROTECTION BUREAU,NEW RELIC LICENSE RENEWAL,2/14/2025,,45321,0,45321
CONSUMER FINANCIAL PROTECTION BUREAU,NEW EXPERT CONTRACT-GLM-LD,2/14/2025,,40800,17568,23232
CONSUMER FINANCIAL PROTECTION BUREAU,TRANSLATION AND INTERPRETATION SERVICES - ENFORCEMENT,2/14/2025,,40005,36258,3747
CONSUMER FINANCIAL PROTECTION BUREAU,TERRITORIES EXPERT,2/14/2025,,28000,27200,800
CONSUMER FINANCIAL PROTECTION BUREAU,"CONSUMER CREDIT INFORMATION PANEL, MAKING ENDS MEET",2/14/2025,,27112,27112,0
CONSUMER FINANCIAL PROTECTION BUREAU,MAKING ENDS MEET - CREDIT PANEL DATA FOR PREVIOUS SURVEY RESPONDENTS,2/14/2025,,26322,26322,0
CONSUMER FINANCIAL PROTECTION BUREAU,EXAMINER IN CHARGE PROJECT MANAGEMENT COURSE,2/14/2025,,24942,24942,0
CONSUMER FINANCIAL PROTECTION BUREAU,VIRTUAL EFFECTIVE EDGE TRAINING COURSES,2/14/2025,,16470,16470,0
CONSUMER FINANCIAL PROTECTION BUREAU,APPLECARE OS SUPPORT - PREFERRED,2/14/2025,,16309,0,16309
CONSUMER FINANCIAL PROTECTION BUREAU,MURAL BUSINESS EDITION LICENSES,2/14/2025,,14569,0,14569
CONSUMER FINANCIAL PROTECTION BUREAU,NEW ORDER FOR ONSITE/VIRTUAL ACQUISITION TRAINING,2/14/2025,,13097,13097,0
CONSUMER FINANCIAL PROTECTION BUREAU,BLOOMBERG GOVERNMENT SUBSCRIPTIONS - EXERCISE OPTION PERIOD 1 AND ADD JAWAD SYEDAIN AS ACOR.,2/11/2025,,850353,584172,266181
CONSUMER FINANCIAL PROTECTION BUREAU,BLOOMBERG TERMINALS - TERMINATION FOR CONVENIENCE,2/11/2025,,178350,148350,30000
CONSUMER FINANCIAL PROTECTION BUREAU,MANAGEMENT AND STRATEGY CONSULTING SERVICES,2/14/2025,,100000000,0,100000000
CONSUMER FINANCIAL PROTECTION BUREAU,MANAGEMENT AND STRATEGY CONSULTING SERVICES,2/14/2025,,100000000,0,100000000
CONSUMER FINANCIAL PROTECTION BUREAU,MANAGEMENT AND STRATEGY CONSULTING SERVICES,2/14/2025,,100000000,0,100000000
CONSUMER FINANCIAL PROTECTION BUREAU,MANAGEMENT AND STRATEGY CONSULTING SERVICES,2/14/2025,,100000000,0,100000000
CONSUMER FINANCIAL PROTECTION BUREAU,MANAGEMENT AND STRATEGY CONSULTING SERVICES,2/14/2025,,100000000,0,100000000
CONSUMER FINANCIAL PROTECTION BUREAU,MANAGEMENT AND STRATEGY CONSULTING SERVICES,2/14/2025,,100000000,0,100000000
CONSUMER FINANCIAL PROTECTION BUREAU,MANAGEMENT AND STRATEGY CONSULTING SERVICES,2/14/2025,,100000000,0,100000000
CONSUMER FINANCIAL PROTECTION BUREAU,PMO SUPPORT SERVICES,2/14/2025,,65495874,2545007,62950867
CONSUMER FINANCIAL PROTECTION BUREAU,ENTERPRISE ARCHITECTURE AND ENTERPRISE GOVERNANCE SUPPORT SERVICES,2/14/2025,,23621838,2332380,21289458
CONSUMER FINANCIAL PROTECTION BUREAU,DATA SHARING SUPPORT SERVICES,2/14/2025,,20589454,2010367,18579087
CONSUMER FINANCIAL PROTECTION BUREAU,LEGAL SUPPORT SERVICES - ATTORNEY SERVICES,2/14/2025,,20000000,0,20000000
CONSUMER FINANCIAL PROTECTION BUREAU,LEGAL SUPPORT SERVICES - ATTORNEY SERVICES,2/14/2025,,20000000,0,20000000
CONSUMER FINANCIAL PROTECTION BUREAU,LEGAL SUPPORT SERVICES - ATTORNEY SERVICES,2/14/2025,,20000000,0,20000000
CONSUMER FINANCIAL PROTECTION BUREAU,LEGAL SUPPORT SERVICES - ATTORNEY SERVICES,2/14/2025,,20000000,0,20000000
CONSUMER FINANCIAL PROTECTION BUREAU,OFFICE OF THE CHIEF DATA OFFICER (OCDO) SUPPORT SERVICES BPA CALL,2/14/2025,,17865471,900570,16964901
CONSUMER FINANCIAL PROTECTION BUREAU,EDITORIAL SUPPORT SERVICES BPA,2/14/2025,,15000000,0,15000000
CONSUMER FINANCIAL PROTECTION BUREAU,DATA ANALYTICS SUPPORT SERVICES,2/14/2025,,14052190,0,14052190
CONSUMER FINANCIAL PROTECTION BUREAU,DEVOPS,2/14/2025,,13808645,958422,12850223
CONSUMER FINANCIAL PROTECTION BUREAU,DIRECT EDISCOVERY SERVICES,2/14/2025,,12922901,0,12922901
CONSUMER FINANCIAL PROTECTION BUREAU,PROJECT MANAGEMENT AND USER RESEARCH SUPPORT SERVICES,2/14/2025,,11466573,1466208,10000365
CONSUMER FINANCIAL PROTECTION BUREAU,BPA CALL FOR OHC OD & REALIGNMENT SUPPORT,2/14/2025,,10380321,386791,9993530
CONSUMER FINANCIAL PROTECTION BUREAU,LEGAL SUPPORT SERVICES - PARALEGAL SERVICES,2/14/2025,,10000000,0,10000000
CONSUMER FINANCIAL PROTECTION BUREAU,LEGAL SUPPORT SERVICES - PARALEGAL SERVICES,2/14/2025,,10000000,0,10000000
CONSUMER FINANCIAL PROTECTION BUREAU,LEGAL SUPPORT SERVICES - PARALEGAL SERVICES,2/14/2025,,10000000,0,10000000
CONSUMER FINANCIAL PROTECTION BUREAU,LEGAL SUPPORT SERVICE - PARALEGAL SERVICES,2/14/2025,,10000000,0,10000000
CONSUMER FINANCIAL PROTECTION BUREAU,LEGAL SUPPORT SERVICES - PARALEGAL SERVICES,2/14/2025,,10000000,0,10000000
CONSUMER FINANCIAL PROTECTION BUREAU,LEGAL SUPPORT SERVICES - PARALEGAL SERVICES,2/14/2025,,10000000,0,10000000
CONSUMER FINANCIAL PROTECTION BUREAU,"FURNITURE, FIXTURE AND EQUIPMENT - NEW BPA ISSUED TO REPLACE BPA 9531CB22A0002 TO ACKNOWLEDGE NOVATION OF GSA CONTRACT GS-28F-016CA FROM COFCO TO HENRICKSEN DC LLC",2/14/2025,,10000000,0,10000000
CONSUMER FINANCIAL PROTECTION BUREAU,DATA MANAGEMENT SUPPORT SERVICES,2/14/2025,,9011664,2105046,6906618
CONSUMER FINANCIAL PROTECTION BUREAU,BPA FOR DATA ANALYTICS SERVICES,2/14/2025,,8850780,0,8850780
CONSUMER FINANCIAL PROTECTION BUREAU,ATTORNEY CONTRACTOR SUPPORT SERVICES,2/14/2025,,7998900,1068189,6930711
CONSUMER FINANCIAL PROTECTION BUREAU,COMPLAINT HANDLING & CONTINUOUS IMPROVEMENT SUPPORT SERVIES,2/14/2025,,7569592,722552,6847040
CONSUMER FINANCIAL PROTECTION BUREAU,"BLANKET PURCHASE AGREEMENT FOR ORGANIZATION DEVELOPMENT, FACILITATION, AND COACHING SUPPORT SERVICES",2/14/2025,,7338122,0,7338122
CONSUMER FINANCIAL PROTECTION BUREAU,MANAGEMENT AND STRATEGY CONSULTING SERVICES FOR CONSUMER RESPONSE,2/14/2025,,5483465,664145,4819320
CONSUMER FINANCIAL PROTECTION BUREAU,TRANSLATION AND INTERPRETATION SERVICES BPA,2/14/2025,,5000000,0,5000000
CONSUMER FINANCIAL PROTECTION BUREAU,BARRIER ANALYSIS SERVICES,2/14/2025,,5000000,0,5000000
CONSUMER FINANCIAL PROTECTION BUREAU,YOUTH FINANCIAL EDUCATION BPA,2/14/2025,,5000000,0,5000000
CONSUMER FINANCIAL PROTECTION BUREAU,BPA FOR DATA ANALYTICS,2/14/2025,,4794039,0,4794039
CONSUMER FINANCIAL PROTECTION BUREAU,ACQUISITION SUPPORT SERVICES TO ASSIST CFPB'S OFFICE OF PROCUREMENT,2/14/2025,,4500000,0,4500000
CONSUMER FINANCIAL PROTECTION BUREAU,"DESIGN, DEVELOPMENT, AND HOSTING OF LEARNING MODULES",2/14/2025,,4500000,0,4500000
CONSUMER FINANCIAL PROTECTION BUREAU,DATA QUALITY OPERATIONS_RECOMPETE,2/14/2025,,4303039,371685,3931354
CONSUMER FINANCIAL PROTECTION BUREAU,DATA ANALYST SUPPORT SERVICES,2/14/2025,,4236126,1554625,2681501
CONSUMER FINANCIAL PROTECTION BUREAU,CONTENT STRATEGY SUPPORT SERVICES,2/14/2025,,3911255,482692,3428563
CONSUMER FINANCIAL PROTECTION BUREAU,"DESIGN, DEVELOPMENT, CONTENT, AND MARKETING (DDCM) SUPPORT SERVICES",2/14/2025,,3678624,867110,2811514
CONSUMER FINANCIAL PROTECTION BUREAU,ORDER 1 - CYBER PROGRAM MANAGEMENT,2/14/2025,,3623429,1086524,2536905
CONSUMER FINANCIAL PROTECTION BUREAU,ATTORNEY CONTRACTOR SUPPORT SERVICES,2/14/2025,,3363189,443983,2919206
CONSUMER FINANCIAL PROTECTION BUREAU,QUALITATIVE TESTING SERVICES,2/14/2025,,3212697,204228,3008469
CONSUMER FINANCIAL PROTECTION BUREAU,ATTORNEY CONTRACTOR SUPPORT SERVICES,2/14/2025,,3062221,414025,2648196
CONSUMER FINANCIAL PROTECTION BUREAU,BLANKET PURCHASE AGREEMENT FOR TRAINING AND TECHNICAL ASSISTANCE,2/14/2025,,3000000,0,3000000
CONSUMER FINANCIAL PROTECTION BUREAU,LEGAL ANALYTICS SUPPORT SERVICES,2/14/2025,,2935488,561401,2374087
CONSUMER FINANCIAL PROTECTION BUREAU,AV SUPPORT SERVICES,2/14/2025,,2829581,1286369,1543212
CONSUMER FINANCIAL PROTECTION BUREAU,WESTLAW EDGE LEGAL DATABASE SUBSCRIPTION,2/14/2025,,2664855,0,2664855
CONSUMER FINANCIAL PROTECTION BUREAU,VIDEO PRODUCTION SUPPORT SERVICES,2/14/2025,,2647281,712984,1934297
CONSUMER FINANCIAL PROTECTION BUREAU,"SERVICES RELATED TO VALIDATING THE EXAMINER COMMISSIONING MULTIPLE-CHOICE TEST, THE IN-PERSON EXAMINER IN CHARGE (EIC) CASE STUDY, AND THE VIRTUAL EXAMINER IN CHA",2/14/2025,,2500000,0,2500000
CONSUMER FINANCIAL PROTECTION BUREAU,MOODY'S CREDIT FORECAST,2/14/2025,,2379884,0,2379884
CONSUMER FINANCIAL PROTECTION BUREAU,WEB ANALYTICS SUPPORT SERVICES,2/14/2025,,2310067,818833,1491234
CONSUMER FINANCIAL PROTECTION BUREAU,COMPLIANCE TRAINING,2/14/2025,,2250000,0,2250000
CONSUMER FINANCIAL PROTECTION BUREAU,COMPLIANCE TRAINING,2/14/2025,,2250000,0,2250000
CONSUMER FINANCIAL PROTECTION BUREAU,DATA ANALYTICS SUPPORT SERVICES,2/14/2025,,2246458,872118,1374340
CONSUMER FINANCIAL PROTECTION BUREAU,PROCURE INFORMA MORTGAGE DATA THROUGH LIBRARY OF CONGRESS CONTRACT.,2/14/2025,,2138274,0,2138274
CONSUMER FINANCIAL PROTECTION BUREAU,DEED NATIONAL DATA,2/14/2025,,2078701,0,2078701
CONSUMER FINANCIAL PROTECTION BUREAU,ANOMALI LICENSES FOR CFPB,2/14/2025,,2038330,0,2038330
CONSUMER FINANCIAL PROTECTION BUREAU,SOW #1&2-CLI,2/14/2025,,2010000,212601,1797399
CONSUMER FINANCIAL PROTECTION BUREAU,EXPERT WITNESS CONTRACT,2/14/2025,,1926660,1866635,60025
CONSUMER FINANCIAL PROTECTION BUREAU,SNL US FIG VIA THE S&P GLOBAL MARKET INTELLIGENCE PLATFORM AND SNL ASSET DATA VIA MI FEED WITH SUBSCRIBER-WIDE ACCESS.,2/14/2025,,1896280,0,1896280
CONSUMER FINANCIAL PROTECTION BUREAU,"DESIGN, DEVELOPMENT, CONTENT, AND MARKETING (DDCM) SUPPORT SERVICES",2/14/2025,,1895601,380637,1514964
CONSUMER FINANCIAL PROTECTION BUREAU,FUTURE LEADERS TRAINING PROGRAM (FLTP) AND CAREER DEVELOPMENT SUPPORT,2/14/2025,,1834349,744206,1090143
CONSUMER FINANCIAL PROTECTION BUREAU,DEVOPS SUPPORT SERVICES,2/14/2025,,1743350,561386,1181964
CONSUMER FINANCIAL PROTECTION BUREAU,CYBERARK ENTERPRISE LICENSES AND MAINTENANCE,2/14/2025,,1730621,0,1730621
CONSUMER FINANCIAL PROTECTION BUREAU,LEGAL SUPPORT SERVICES - ATTORNEY SERVICES,2/14/2025,,1709899,183834,1526065
CONSUMER FINANCIAL PROTECTION BUREAU,CENTRALIZED PLATFORM CONTROL STANDARDS SUPPORT SERVICES,2/14/2025,,1697821,0,1697821
CONSUMER FINANCIAL PROTECTION BUREAU,CLOUD PROGRAM MANAGEMENT AND PROJECT ENGINEERING SUPPORT SERVICES FOR CFPB,2/14/2025,,1588269,276575,1311694
CONSUMER FINANCIAL PROTECTION BUREAU,BACK END DEVELOPER SUPPORT SERVICES,2/14/2025,,1581590,516995,1064595
CONSUMER FINANCIAL PROTECTION BUREAU,AMERICAN BANKER & NATIONAL MORTGAGE NEWS SUBSCRIPTION,2/14/2025,,1437948,0,1437948
CONSUMER FINANCIAL PROTECTION BUREAU,USER RESEARCH SERVICES,2/14/2025,,1414907,108537,1306370
CONSUMER FINANCIAL PROTECTION BUREAU,ATTORNEY SUPPORT SERVICES - OFFICE OF ENFORCEMENT,2/14/2025,,1411859,153322,1258537
CONSUMER FINANCIAL PROTECTION BUREAU,TABLEAU SUPPORT SERVICES,2/14/2025,,1406652,321145,1085507
CONSUMER FINANCIAL PROTECTION BUREAU,BPA CALL NO.1 - YOUR MONEY YOUR GOALS (YMYG) SUPPORT,2/14/2025,,1393907,349941,1043966
CONSUMER FINANCIAL PROTECTION BUREAU,CFPB EXPERT,2/14/2025,,1314420,759558,554862
CONSUMER FINANCIAL PROTECTION BUREAU,CFPB EXPERT,2/14/2025,,1267935,1167385,100550
CONSUMER FINANCIAL PROTECTION BUREAU,ATTORNEY SERVICES - OFFICE OF ENFORCEMENT,2/14/2025,,1252266,175958,1076308
CONSUMER FINANCIAL PROTECTION BUREAU,OSR PFM RESOURCE SUPPORT,2/14/2025,,1214184,286086,928098
CONSUMER FINANCIAL PROTECTION BUREAU,DATA SCIENCE AND ANALYTICS SUPPORT,2/14/2025,,1199801,20369,1179432
CONSUMER FINANCIAL PROTECTION BUREAU,ADDRESS VALIDATION TOOL,2/14/2025,,1177877,0,1177877
CONSUMER FINANCIAL PROTECTION BUREAU,MORTGAGE DATA FOR CFPB,2/14/2025,,1075000,370000,705000
CONSUMER FINANCIAL PROTECTION BUREAU,ATTORNEY SERVICES - OFFICE OF ENFORCEMENT,2/14/2025,,1072632,97512,975120
CONSUMER FINANCIAL PROTECTION BUREAU,GARTNER INC SUBSCRIPTION SERVICES,2/14/2025,,1070364,0,1070364
CONSUMER FINANCIAL PROTECTION BUREAU,DAMAGES EXPERT,2/14/2025,,1030850,799613,231237
CONSUMER FINANCIAL PROTECTION BUREAU,SUPPORT TO ENSURE POSITIONS ARE ACCURATELY CLASSIFIED IN ACCORDANCE WITH CFPB POSITION CLASSIFICATION CRITERIA AND GUIDANCE,2/14/2025,,975093,336247,638846
CONSUMER FINANCIAL PROTECTION BUREAU,ATTORNEY SUPPORT SERVICES - OFFICE OF ENFORCEMENT,2/14/2025,,960426,160508,799918
CONSUMER FINANCIAL PROTECTION BUREAU,"CONSUMER FINANCIAL PROTECTION BUREAU EXTERNAL CONCRETE REPAIRS, 1700 G ST. NW, WASHINGTON, DC 20522",2/14/2025,,948821,0,948821
CONSUMER FINANCIAL PROTECTION BUREAU,"BPA CALL FOR ORGANIZATION DEVELOPMENT, COACHING, FACILITATION SERVICES",2/14/2025,,946785,946785,0
CONSUMER FINANCIAL PROTECTION BUREAU,ASK CFPB PROJECT MANAGEMENT SERVICES,2/14/2025,,889594,204267,685327
CONSUMER FINANCIAL PROTECTION BUREAU,GOOGLE ANALYTICS AND OPTIMIZATION SOFTWARE AND SUPPORT,2/14/2025,,867201,0,867201
CONSUMER FINANCIAL PROTECTION BUREAU,TENABLE LICENSES AND SCANNER,2/14/2025,,833864,5405,828459
CONSUMER FINANCIAL PROTECTION BUREAU,INTERNAL COMMS SUPPORT BPA CALL 2,2/14/2025,,824256,237660,586596
CONSUMER FINANCIAL PROTECTION BUREAU,DATA SCIENCE SUPPORT SERVICES,2/14/2025,,823296,407118,416178
CONSUMER FINANCIAL PROTECTION BUREAU,"COPY-TESTING EXPERT SERVICES, IN ACCORDANCE WITH THE ATTACHED STATEMENT OF WORK.",2/14/2025,,815050,265822,549228
CONSUMER FINANCIAL PROTECTION BUREAU,SAS LICENSES,2/14/2025,,801580,0,801580
CONSUMER FINANCIAL PROTECTION BUREAU,EVENT MANAGEMENT LOGISTICAL SUPPORT,2/14/2025,,761261,423849,337412
CONSUMER FINANCIAL PROTECTION BUREAU,ASL/CART SERVICES,2/14/2025,,750000,0,750000
CONSUMER FINANCIAL PROTECTION BUREAU,ASL/CART SERVICES,2/14/2025,,750000,0,750000
CONSUMER FINANCIAL PROTECTION BUREAU,ELDER FRAUD PREVENTION AND RESPONSE NETWORKS,2/14/2025,,697239,204454,492785
CONSUMER FINANCIAL PROTECTION BUREAU,ELASTICSEARCH PLATINUM SUBSCRIPTION RENEWAL,2/14/2025,,688156,0,688156
CONSUMER FINANCIAL PROTECTION BUREAU,CONTRACT CLOSEOUT SUPPORT SERVICES,2/14/2025,,606864,74939,531925
CONSUMER FINANCIAL PROTECTION BUREAU,USER EXPERIENCE AND WEB DESIGN EXPERT,2/14/2025,,586900,279288,307612
CONSUMER FINANCIAL PROTECTION BUREAU,WRITING AND EDITORIAL SUPPORT FOR CONSUMER RIGHTS,2/14/2025,,586491,322221,264270
CONSUMER FINANCIAL PROTECTION BUREAU,INSIDE MORTGAGE FINANCE ACCESS FOR 150 LICENSES,2/14/2025,,577500,0,577500
CONSUMER FINANCIAL PROTECTION BUREAU,CFPB EXPERT,2/14/2025,,546500,546500,0
CONSUMER FINANCIAL PROTECTION BUREAU,ACQUISITION DATA ANALYST SUPPORT SERVICES FOR THE OFFICE OF PROCUREMENT,2/14/2025,,533445,112057,421388
CONSUMER FINANCIAL PROTECTION BUREAU,SHAREPOINT INTRANET SUPPORT SERVICES,2/14/2025,,529620,168000,361620
CONSUMER FINANCIAL PROTECTION BUREAU,PRIVACY SUPPORT SERVICES BPA CALL 2,2/14/2025,,529503,529503,0
CONSUMER FINANCIAL PROTECTION BUREAU,CLOUD TRAINING,2/14/2025,,528570,0,528570
CONSUMER FINANCIAL PROTECTION BUREAU,CFPB EXPERT,2/14/2025,,521250,482280,38970
CONSUMER FINANCIAL PROTECTION BUREAU,PRIVACY SUPPORT SERVICES BPA CALL #1,2/14/2025,,519905,54002,465903
CONSUMER FINANCIAL PROTECTION BUREAU,ESCALENT ADVISORY SERVICES,2/14/2025,,516500,0,516500
CONSUMER FINANCIAL PROTECTION BUREAU,CREDIT PRODUCT CONSUMER DIRECT MARKETING,2/14/2025,,503810,0,503810
CONSUMER FINANCIAL PROTECTION BUREAU,INFORMATION SERVICES TESTIFYING EXPERT AND SERVICES PROVIDER,2/14/2025,,483200,128630,354570
CONSUMER FINANCIAL PROTECTION BUREAU,PARALEGAL CONTRACTOR SERVICES FOR THE OFFICE OF ENFORCEMENT,2/14/2025,,480151,52327,427824
CONSUMER FINANCIAL PROTECTION BUREAU,CORNERSTONE ONDEMAND,2/14/2025,,458143,0,458143
CONSUMER FINANCIAL PROTECTION BUREAU,CFPB EXPERT,2/14/2025,,453600,421681,31919
CONSUMER FINANCIAL PROTECTION BUREAU,ASL/CART SERVICES,2/14/2025,,449145,181185,267960
CONSUMER FINANCIAL PROTECTION BUREAU,COMPLIANCE ANALYSIS TOOL LICENSES,2/14/2025,,442414,0,442414
CONSUMER FINANCIAL PROTECTION BUREAU,INFORMATION SECURITY EXPERT,2/14/2025,,442200,439950,2250
CONSUMER FINANCIAL PROTECTION BUREAU,EXPERT CONTRACT - CR - BS,2/14/2025,,438172,438172,0
CONSUMER FINANCIAL PROTECTION BUREAU,HOUSE PRICE INDEX DATA SUBSCRIPTION,2/14/2025,,435000,90000,345000
CONSUMER FINANCIAL PROTECTION BUREAU,ADOBE LICENSE RENEWAL,2/14/2025,,434585,0,434585
CONSUMER FINANCIAL PROTECTION BUREAU,RELATIONAL JUNCTION SW RENEWAL,2/14/2025,,427368,0,427368
CONSUMER FINANCIAL PROTECTION BUREAU,QUALITATIVE RESEARCH IN THE FINANCIAL MARKET PLACE,2/14/2025,,423131,211303,211828
CONSUMER FINANCIAL PROTECTION BUREAU,RADIANT LOGIC LICENSES,2/14/2025,,422875,0,422875
CONSUMER FINANCIAL PROTECTION BUREAU,CFPB EXPERT,2/14/2025,,420525,420525,0
CONSUMER FINANCIAL PROTECTION BUREAU,TALENT MANAGEMENT TRAINING & LOGISTICS SUPPORT,2/14/2025,,400275,91554,308721
CONSUMER FINANCIAL PROTECTION BUREAU,"COPIER LEASE - WASHINGTON, DC",2/14/2025,,391860,45717,346143
CONSUMER FINANCIAL PROTECTION BUREAU,FCRA TOOL ENHANCEMENTS LOGICAL FOLLOW-ON,2/14/2025,,391193,96963,294230
CONSUMER FINANCIAL PROTECTION BUREAU,ATTORNEY SERVICES,2/14/2025,,383566,36080,347486
CONSUMER FINANCIAL PROTECTION BUREAU,CFPB EXPERT,2/14/2025,,363570,363570,0
CONSUMER FINANCIAL PROTECTION BUREAU,LEGAL SUPPORT SERVICES - ATTORNEY SERVICES - LEGAL DOCUMENT REVIEW,2/14/2025,,361601,53349,308252
CONSUMER FINANCIAL PROTECTION BUREAU,SOCIAL PSYCHOLOGY AND SURVEY AND COPY TESTING EXPERT,2/14/2025,,361500,79160,282340
CONSUMER FINANCIAL PROTECTION BUREAU,NEW EXPERT CONTRACT - SMC - MC,2/14/2025,,360750,342938,17812
CONSUMER FINANCIAL PROTECTION BUREAU,NEW EXPERT CONTRACT - PAYMENTS EXPERT,2/14/2025,,360388,58671,301717
CONSUMER FINANCIAL PROTECTION BUREAU,AXONIUS SECURITY ASSET MANAGEMENT PLATFORM,2/14/2025,,359966,0,359966
CONSUMER FINANCIAL PROTECTION BUREAU,CFPB EXPERT,2/14/2025,,358862,22278,336584
CONSUMER FINANCIAL PROTECTION BUREAU,HANDSHAKE SUBSCRIPTION SERVICE,2/14/2025,,341685,0,341685
CONSUMER FINANCIAL PROTECTION BUREAU,BREACH NOTIFICATION SERVICES FOR CFPB,2/14/2025,,340554,58973,281581
CONSUMER FINANCIAL PROTECTION BUREAU,VIRTUAL (ONLINE) RESEARCH SUPPORT,2/14/2025,,329983,21327,308656
CONSUMER FINANCIAL PROTECTION BUREAU,SMALL COPIER LEASE,2/14/2025,,329760,36080,293680
CONSUMER FINANCIAL PROTECTION BUREAU,ADMINISTRATIVE SUPPORT SERVICES,2/14/2025,,326318,88399,237919
CONSUMER FINANCIAL PROTECTION BUREAU,COMPLIANCE TRAINING,2/14/2025,,325050,301889,23161
CONSUMER FINANCIAL PROTECTION BUREAU,PERSONAL LOAN DATA,2/14/2025,,312000,61000,251000
CONSUMER FINANCIAL PROTECTION BUREAU,LEAPTREE OPTIMIZE LICENSES,2/14/2025,,305382,0,305382
CONSUMER FINANCIAL PROTECTION BUREAU,STATISTICIAN AND ECONOMIC EXPERT,2/14/2025,,297300,198258,99042
CONSUMER FINANCIAL PROTECTION BUREAU,NATIONAL CONSUMER LAW CENTER LIBRARY ACCESS,2/14/2025,,287030,0,287030
CONSUMER FINANCIAL PROTECTION BUREAU,EXPERT CONTRACT - MRC - AM,2/14/2025,,286750,286750,0
CONSUMER FINANCIAL PROTECTION BUREAU,CRIBL - LOG ROUTING & VOLUME MANAGEMENT,2/14/2025,,277679,11990,265689
CONSUMER FINANCIAL PROTECTION BUREAU,EBSCO HOST SUBSCRIPTION,2/14/2025,,270845,0,270845
CONSUMER FINANCIAL PROTECTION BUREAU,FY2021 PURCHASE OF LARGE COPIER CONTRACT,2/14/2025,,268145,10633,257512
CONSUMER FINANCIAL PROTECTION BUREAU,LEXISNEXIS LAW 360 SUBSCRIPTION RENEWAL,2/14/2025,,266418,88806,177612
CONSUMER FINANCIAL PROTECTION BUREAU,NUTANIX HARDWARE DESKTOP ENGINEERING LAB SYSTEM UPGRADE,2/14/2025,,263402,0,263402
CONSUMER FINANCIAL PROTECTION BUREAU,EXPERT WITNESS SERVICES,2/14/2025,,260500,225500,35000
CONSUMER FINANCIAL PROTECTION BUREAU,OFFICE OF HUMAN CAPITAL ANALYTIC SERVICES,2/14/2025,,259573,108321,151252
CONSUMER FINANCIAL PROTECTION BUREAU,AXWAY PREMIER LEVEL MAINTENANCE SUPPORT,2/14/2025,,259447,0,259447
CONSUMER FINANCIAL PROTECTION BUREAU,JURY SELECTION EXPERT,2/14/2025,,255800,189257,66543
CONSUMER FINANCIAL PROTECTION BUREAU,MEDIATION SUPPORT SERVICES BPA,2/14/2025,,250000,0,250000
CONSUMER FINANCIAL PROTECTION BUREAU,CLOUD ENGINEERING SUPPORT SERVICES BPA CALL 0006 - AZURE CLOUD PLATFORM ARCHITECTURE SUPPORT,2/14/2025,,246349,72901,173448
CONSUMER FINANCIAL PROTECTION BUREAU,VERACODE SERVICE BUNDLE SUBSCRIPTION,2/14/2025,,234835,0,234835
CONSUMER FINANCIAL PROTECTION BUREAU,CARDBEAT AND PAYMENTS REPORT,2/14/2025,,233000,0,233000
CONSUMER FINANCIAL PROTECTION BUREAU,CISCO WIRELESS INFRASTRUCTURE,2/14/2025,,229897,0,229897
CONSUMER FINANCIAL PROTECTION BUREAU,CYBERFEDS AND WORKER'S COMPENSATION LIBRARY,2/14/2025,,229477,0,229477
CONSUMER FINANCIAL PROTECTION BUREAU,BARRIER ANALYSIS TRIGGER SOFTWARE,2/14/2025,,229047,29000,200047
CONSUMER FINANCIAL PROTECTION BUREAU,CFPB EXPERT,2/14/2025,,218850,218850,0
CONSUMER FINANCIAL PROTECTION BUREAU,TALENT MANAGEMENT CUSTOM LEARNING SERVICES,2/14/2025,,216036,86695,129341
CONSUMER FINANCIAL PROTECTION BUREAU,EXPERT FOR CFPB,2/14/2025,,212230,84753,127477
CONSUMER FINANCIAL PROTECTION BUREAU,CFPB EXPERT,2/14/2025,,205450,48324,157126
CONSUMER FINANCIAL PROTECTION BUREAU,MORNING CONSULT ECONOMIC INTELLIGENCE ANNUAL SUBSCRIPTION,2/14/2025,,202904,67600,135304
CONSUMER FINANCIAL PROTECTION BUREAU,COMMISSIONING AND TEST SERVICES TASK ORDER #3,2/14/2025,,202164,161994,40170
CONSUMER FINANCIAL PROTECTION BUREAU,CFPB EXPERT,2/14/2025,,201850,76621,125229
CONSUMER FINANCIAL PROTECTION BUREAU,FINANCIAL TIMES SERVICES,2/14/2025,,201108,0,201108
CONSUMER FINANCIAL PROTECTION BUREAU,HYBRID LEARNING CLASSROOM,2/14/2025,,200000,0,200000
CONSUMER FINANCIAL PROTECTION BUREAU,BPA FOR CRUCIAL CONVERSATION AND CRUCIAL CONVERSATION TRAINING,2/14/2025,,200000,0,200000
CONSUMER FINANCIAL PROTECTION BUREAU,BPA FOR EEO COUNSELING SERVICES,2/14/2025,,200000,0,200000
CONSUMER FINANCIAL PROTECTION BUREAU,REMOTE USER TESTING PLATFORM,2/14/2025,,200000,0,200000
CONSUMER FINANCIAL PROTECTION BUREAU,EEO INVESTIGATIONS BPA,2/14/2025,,197130,0,197130
CONSUMER FINANCIAL PROTECTION BUREAU,COMMISSIONING TEST AND CASE STUDY VALIDATION SUPPORT SERVICES,2/14/2025,,196276,0,196276
CONSUMER FINANCIAL PROTECTION BUREAU,EXPERT CONTRACT - EH - MP,2/14/2025,,190210,190210,0
CONSUMER FINANCIAL PROTECTION BUREAU,CFPB EXPERT,2/14/2025,,189460,172593,16867
CONSUMER FINANCIAL PROTECTION BUREAU,CFPB EXPERT,2/14/2025,,183000,183000,0
CONSUMER FINANCIAL PROTECTION BUREAU,ZIXGATEWAY ENTERPRISE LICENSE RENEWAL,2/14/2025,,177774,0,177774
CONSUMER FINANCIAL PROTECTION BUREAU,ANNUAL SUBSCRIPTION TO THE BITSIGHT LARGE TPRM PACKAGE,2/14/2025,,170798,0,170798
CONSUMER FINANCIAL PROTECTION BUREAU,OCLC WORLDSHARE MANAGEMENT SERVICE ILS PLATFORM SUBSCRIPTION,2/14/2025,,165476,0,165476
CONSUMER FINANCIAL PROTECTION BUREAU,FORENSIC ACCOUNTING EXPERT,2/14/2025,,155200,155200,0
CONSUMER FINANCIAL PROTECTION BUREAU,EXPERT CONTRACT - HCS - MH,2/14/2025,,153650,147525,6125
CONSUMER FINANCIAL PROTECTION BUREAU,SOLARWINDS MAINTENANCE AND SUPPORT,2/14/2025,,152587,0,152587
CONSUMER FINANCIAL PROTECTION BUREAU,"OHC HARASSMENT INVESTIGATIONS SUPPORT INDEFINITE DELIVERY, INDEFINITE QUANTITY CONTRACT",2/14/2025,,150000,0,150000
CONSUMER FINANCIAL PROTECTION BUREAU,BPA CALL FOR FACILITATION SERVICES FOR ENGAGEMENTS BEGINNING IN JANUARY 2024,2/14/2025,,145555,27510,118045
CONSUMER FINANCIAL PROTECTION BUREAU,HEIN ONLINE ELECTRONIC SUBSCRIPTION,2/14/2025,,140011,0,140011
CONSUMER FINANCIAL PROTECTION BUREAU,YEARLY SUBSCRIPTION TO WEST LEGAL ED,2/14/2025,,138100,0,138100
CONSUMER FINANCIAL PROTECTION BUREAU,TESTIFYING EXPERT,2/14/2025,,137600,113278,24322
CONSUMER FINANCIAL PROTECTION BUREAU,REAL ESTATE ECONOMICS EXPERT,2/14/2025,,137000,109500,27500
CONSUMER FINANCIAL PROTECTION BUREAU,MONETARY REMEDIES EXPERT,2/14/2025,,135650,102871,32779
CONSUMER FINANCIAL PROTECTION BUREAU,MEDIATION AND FACILITATION SUPPORT SERVICES,2/14/2025,,133119,91345,41774
CONSUMER FINANCIAL PROTECTION BUREAU,TESTIFYING ECONOMICS EXPERT,2/14/2025,,129500,51810,77690
CONSUMER FINANCIAL PROTECTION BUREAU,EXPERT CONTRACT,2/14/2025,,128700,128700,0
CONSUMER FINANCIAL PROTECTION BUREAU,CONSUMER REPORTING EXPERT,2/14/2025,,128500,128500,0
CONSUMER FINANCIAL PROTECTION BUREAU,CFPB EXPERT,2/14/2025,,125500,121750,3750
CONSUMER FINANCIAL PROTECTION BUREAU,CONFLICT COACH TRAINING,2/14/2025,,125000,0,125000
CONSUMER FINANCIAL PROTECTION BUREAU,NEW EXPERT WITNESS CONTRACT - CODE EXPERT,2/14/2025,,122000,57926,64074
CONSUMER FINANCIAL PROTECTION BUREAU,EXPERT CONTRACT - MVR - JC,2/14/2025,,121100,121100,0
CONSUMER FINANCIAL PROTECTION BUREAU,DEQUE LICENSES,2/14/2025,,116943,0,116943
CONSUMER FINANCIAL PROTECTION BUREAU,MANAGEMENT CONCEPTS INC TRAINING COURSES,2/14/2025,,109528,98208,11320
CONSUMER FINANCIAL PROTECTION BUREAU,EXPERT CONTRACT - CR - PB,2/14/2025,,106800,106800,0
CONSUMER FINANCIAL PROTECTION BUREAU,STORAGE SERVER HARDWARE MAINTENANCE,2/14/2025,,105605,0,105605
CONSUMER FINANCIAL PROTECTION BUREAU,O'REILLY LEARNING PLATFORM,2/14/2025,,95340,0,95340
CONSUMER FINANCIAL PROTECTION BUREAU,LARGE COPIER LEASE,2/14/2025,,93300,11507,81793
CONSUMER FINANCIAL PROTECTION BUREAU,TESTIFYING EXPERT,2/14/2025,,90900,84006,6894
CONSUMER FINANCIAL PROTECTION BUREAU,CFPB EXPERT,2/14/2025,,90000,75150,14850
CONSUMER FINANCIAL PROTECTION BUREAU,LINKEDIN SUBSCRIPTION SERVICES,2/14/2025,,88960,0,88960
CONSUMER FINANCIAL PROTECTION BUREAU,CFPB EXPERT,2/14/2025,,86750,28478,58272
CONSUMER FINANCIAL PROTECTION BUREAU,LEADERSHIP CONNECT,2/14/2025,,85300,0,85300
CONSUMER FINANCIAL PROTECTION BUREAU,BPA CALL FOR ORGANIZATION DEVELOPMENT SERVICES FOR THE OFFICE OF TECHNOLOGY AND INNOVATION.,2/14/2025,,84000,68553,15447
CONSUMER FINANCIAL PROTECTION BUREAU,CAPITOL FORUM SUBSCRIPTION,2/14/2025,,82884,0,82884
CONSUMER FINANCIAL PROTECTION BUREAU,ACCESS TO WILEY PUBLICATION JOURNALS,2/14/2025,,80383,17662,62721
CONSUMER FINANCIAL PROTECTION BUREAU,EXPERT CONTRACT - RM - RJ,2/14/2025,,79800,79800,0
CONSUMER FINANCIAL PROTECTION BUREAU,THE ECONOMIST SUBSCRIPTION,2/14/2025,,77777,0,77777
CONSUMER FINANCIAL PROTECTION BUREAU,"BPA CALL FOR EEO COUNSELING SERVICES STARTING FEBRUARY 24, 2024",2/14/2025,,77393,71588,5805
CONSUMER FINANCIAL PROTECTION BUREAU,EXPERT FOR CFPB,2/14/2025,,69800,18430,51370
CONSUMER FINANCIAL PROTECTION BUREAU,SAFECONSOLE LICENSES,2/14/2025,,67168,14473,52695
CONSUMER FINANCIAL PROTECTION BUREAU,CFPB EXPERT WITNESS,2/14/2025,,65676,58596,7080
CONSUMER FINANCIAL PROTECTION BUREAU,CFPB EXPERT,2/14/2025,,64110,64110,0
CONSUMER FINANCIAL PROTECTION BUREAU,VIRUSTOTAL BASIC SUBSCRIPTION,2/14/2025,,62956,0,62956
CONSUMER FINANCIAL PROTECTION BUREAU,CYBERFEDS LICENSES.,2/14/2025,,58370,0,58370
CONSUMER FINANCIAL PROTECTION BUREAU,AVENIR NEXT FONT LICENSE,2/14/2025,,56710,0,56710
CONSUMER FINANCIAL PROTECTION BUREAU,COPIER LEASE,2/14/2025,,55980,7775,48205
CONSUMER FINANCIAL PROTECTION BUREAU,CFPB EXPERT,2/14/2025,,54375,32625,21750
CONSUMER FINANCIAL PROTECTION BUREAU,LINKEDIN LEARNING LICENSES,2/14/2025,,52866,0,52866
CONSUMER FINANCIAL PROTECTION BUREAU,2024 CRA & FAIR LENDING COLLOQUIUM,2/14/2025,,51502,51502,0
CONSUMER FINANCIAL PROTECTION BUREAU,SECUREAUTH IDP LICENSE RENEWAL,2/14/2025,,49667,0,49667
CONSUMER FINANCIAL PROTECTION BUREAU,SCANWRITER SOFTWARE LICENSE AND MAINTENANCE,2/14/2025,,49586,0,49586
CONSUMER FINANCIAL PROTECTION BUREAU,CFPB EXPERT,2/14/2025,,48700,27045,21655
CONSUMER FINANCIAL PROTECTION BUREAU,TESTIFYING EXPERT,2/14/2025,,46800,21610,25190
CONSUMER FINANCIAL PROTECTION BUREAU,DELL POWEREDGE SERVER MAINTENANCE,2/14/2025,,41901,0,41901
CONSUMER FINANCIAL PROTECTION BUREAU,SQL TRAINING,2/14/2025,,40810,0,40810
CONSUMER FINANCIAL PROTECTION BUREAU,EEO INVESTIGATIONS BPA CALL,2/14/2025,,40000,40000,0
CONSUMER FINANCIAL PROTECTION BUREAU,IT DEVICE DESTRUCTION,2/14/2025,,39000,5564,33436
CONSUMER FINANCIAL PROTECTION BUREAU,"DESIGN, DEVELOPMENT, AND HOSTING OF LEARNING MODULES",2/14/2025,,38648,0,38648
CONSUMER FINANCIAL PROTECTION BUREAU,TESTIFYING EXPERT,2/14/2025,,38375,12192,26183
CONSUMER FINANCIAL PROTECTION BUREAU,"FURNITURE, FIXTURE & EQUIPMENT - NEW CALL ISSUED TO REPLACE BPA 9531CB24F0039 TO ACKNOWLEDGE NOVATION OF GSA CONTRACT GS-28F-016CA FROM COFCO TO HENRICKSEN DC LLC",2/14/2025,,36705,36705,0
CONSUMER FINANCIAL PROTECTION BUREAU,TESTIFYING EXPERT,2/14/2025,,35800,6550,29250
CONSUMER FINANCIAL PROTECTION BUREAU,TESTING EXPERT,2/14/2025,,35750,10238,25512
CONSUMER FINANCIAL PROTECTION BUREAU,FY2024 GENERAL OFFICE SUPPLIES,2/14/2025,,35000,31690,3310
CONSUMER FINANCIAL PROTECTION BUREAU,PERSONAL ASSISTANT SERVICES CONTRACT,2/14/2025,,29447,17528,11919
CONSUMER FINANCIAL PROTECTION BUREAU,ECONOMETRICS EXPERT,2/14/2025,,21900,21900,0
CONSUMER FINANCIAL PROTECTION BUREAU,OHC HARASSMENT INVESTIGATIONS TASK ORDER FY 24,2/14/2025,,21750,21750,0
CONSUMER FINANCIAL PROTECTION BUREAU,CFPB EXPERT,2/14/2025,,20069,6256,13813
CONSUMER FINANCIAL PROTECTION BUREAU,BPA CALL FOR ORGANIZATION DEVELOPMENT FOR SUPERVISION EXAMINATIONS DIVISION,2/14/2025,,19998,69,19929
CONSUMER FINANCIAL PROTECTION BUREAU,OXFORD JOURNALS,2/14/2025,,19366,19366,0
CONSUMER FINANCIAL PROTECTION BUREAU,CONFLICT COACH TRAINING,2/14/2025,,17000,1250,15750
CONSUMER FINANCIAL PROTECTION BUREAU,CONFLICT COACH TRAINING,2/14/2025,,17000,0,17000
CONSUMER FINANCIAL PROTECTION BUREAU,CERTIFIED INFORMATION SYSTEMS AUDITOR (CISA) IN-PERSON TRAINING,2/14/2025,,15008,0,15008
CONSUMER FINANCIAL PROTECTION BUREAU,MURAL SOFTWARE,2/14/2025,,14456,14456,0
CONSUMER FINANCIAL PROTECTION BUREAU,EQUEST SUBSCRIPTION,2/14/2025,,14375,0,14375
CONSUMER FINANCIAL PROTECTION BUREAU,ATD FORUM MEMBERSHIP - FY25,2/14/2025,,13000,0,13000
CONSUMER FINANCIAL PROTECTION BUREAU,FINTECH MEETUP 2025 MEETING POD PACKAGE,2/14/2025,,12000,0,12000
CONSUMER FINANCIAL PROTECTION BUREAU,JSTOR ONLINE JOURNAL,2/14/2025,,11400,0,11400
CONSUMER FINANCIAL PROTECTION BUREAU,ADMINISTRATIVE LAW TREATISE CURRENT & ARCHIVE VITALLAW AND BANKING LAW AND REGULATION CURRENT & ARCHIVE VITALLAW DIGITAL SUBSCRIPTION,2/14/2025,,11000,0,11000
CONSUMER FINANCIAL PROTECTION BUREAU,TESTIFYING APPRAISAL EXPERT,2/14/2025,,10800,6800,4000
CONSUMER FINANCIAL PROTECTION BUREAU,FURNISHING EXPERT,2/14/2025,,10625,0,10625
CONSUMER FINANCIAL PROTECTION BUREAU,"BPA CALL 0002 - FURNITURE, FIXTURES AND EQUIPMENT (FF&E) FOR THE CONSUMER FINANCIAL PROTECTION BUREAU",2/14/2025,,8295,0,8295
CONSUMER FINANCIAL PROTECTION BUREAU,THE BUREAU'S NEW OFFICE OF THE CHIEF RISK OFFICER (OCRO) IS SEEKING MANAGEMENT CONSULTING SUPPORT TO HELP ACHIEVE ITS MISSION GOALS AND INCREASE ITS ORGANIZATIONAL MATURITY LEVELS.,2/18/2025,,6310727,3705807,2604920
CONSUMER FINANCIAL PROTECTION BUREAU,BPA CALL FOR FY 22 ORGANIZATION DEVELOPMENT SERVICES,2/18/2025,,533785,279785,254000
CONSUMER PRODUCT SAFETY COMMISSION,NEWS-CLIPS CONTRACT,2/20/2025,,224443,222950,1493
CONSUMER PRODUCT SAFETY COMMISSION,NEWS-CLIPS CONTRACT,2/20/2025,,276010,17366,258644
CONSUMER PRODUCT SAFETY COMMISSION,NEWS RELEASE DISTRIBUTION SERVICE,2/20/2025,,187514,0,187514
COUNCIL OF THE INSPECTORS GENERAL ON INTEGRITY AND EFFICIENCY,TERMINATION FOR CONVENIENCE.,2/11/2025,,24250,24250,0
DEPARTMENT OF AGRICULTURE,DEIA Training,1/22/2025,,25000000,25000000,0
DEPARTMENT OF AGRICULTURE,DEIA Training,1/22/2025,,25000000,25000000,0
DEPARTMENT OF AGRICULTURE,DEIA Training,1/22/2025,,25000000,25000000,0
DEPARTMENT OF AGRICULTURE,DEIA Training,1/22/2025,,2035756,920259,1115497
DEPARTMENT OF AGRICULTURE,"DIVERSITY, EQUITY, INCLUSION, AND ACCESSIBILITY TRAINING",1/28/2025,,414892,121770,293122
DEPARTMENT OF AGRICULTURE,"DIVERSITY, EQUITY, INCLUSION AND ACCESSIBILITY (DEIA) ASSESSMENT AND TRAINING SERVICES",1/30/2025,,25000000,25000000,0
DEPARTMENT OF AGRICULTURE,"THE OBJECTIVE OF THIS BLANKET PURCHASE AGREEMENT (BPA) IS TO ASSIST THE USDA FOREST SERVICE IN DELIVERING A BROAD RANGE OF CULTURALLY AND LINGUISTICALLY RELEVANT COMMUNICATIONS AND MARKETING SERVICES DESIGNED TO REACH, SERVE, AND ENGAGE MULTICULTURAL",1/30/2025,,7500000,7500000,0
DEPARTMENT OF AGRICULTURE,"Civil Rights requests assistance in the ongoing implementation of the existing DEIA Strategic Plan aligned with the Agency's overall organizational strategy, core values, and code and commitments, including the newly developed training curriculum",1/30/2025,,2473872,1963603,510269
DEPARTMENT OF AGRICULTURE,CR DEI LEP ALANGUAGE BANK VIA TASK ORDER MODIFICATION TO EXECUTE DE-OBLIGATION AND CLOSEOUT DUE TO TERMINATION OF CONVENIENCE FOR THE GOVERNMENT,1/30/2025,,170000,113047,56953
DEPARTMENT OF AGRICULTURE,IP VALUES AND DEIA COURSE DELIVERYSERVICES FOR FOREST SERVICE IP,1/31/2025,,293632,0,293632
DEPARTMENT OF AGRICULTURE,WEPO EQUITY/ENVIRONMENTAL JUSTICE ASSESSMENTS AND SPEAKER SERIES.SPEAKER SERIES PRESENTATIONS NEEDED FOR EQUITY BRIDGE BUILDER PROGRAMMING - METROPOLITAN GROUP CURRENT BPA CONTRACT 12344V19A 0003 AND GSA CONTRACT GS-07F-0224X.,1/31/2025,,11785,0,11785
DEPARTMENT OF AGRICULTURE,USDA COMMUNICATIONS CAMPAIGN TO CULTIVATE THE NEXT GENERATION OF DIVERSE AGRICULTURAL PROFESSIONALS - NEXTGEN PROGRAMSTERMINATION FOR CONVENIENCE OF THE GOVERNMENT,2/4/2025,,1010208,25277,984931
DEPARTMENT OF AGRICULTURE,"USDA, OC, POLITICO PLUS SUBSCRIPTION. POP: MARCH 5, 2022 - MARCH 4, 2025. THIS ORDER INCORPORATES FAR 52.204-24 CONTRACTOR CERTIFICATION AND FAR 52.204-25.",2/6/2025,,684103,308650,375453
DEPARTMENT OF AGRICULTURE,"TERMINATE FOR CONVENIENCE - USDA, OFFICE OF THE GENERAL COUNSEL (OGC). POLITICO PRO AND E&E NEWS SUBSCRIPTION RENEWALS. PERIOD OF PERFORMANCE: 09/24/2024 - 09/23/2025.",2/6/2025,,547688,453365,94323
DEPARTMENT OF AGRICULTURE,TERMINATION FOR CONVENIENCE OF THE GOVERNMENT MODIFICATION - E&E NEWS SERVICE RENEWAL FEE FOR EMPLOYEES IN THE FIVE DEPUTY AREAS IN THE USDA FS WO,2/6/2025,,512686,343605,169081
DEPARTMENT OF AGRICULTURE,"SOUTH ASIA CLIMATE CHANGE MITIGATION, ADAPTATION, AND RESILIENCE EXPERTSSERVICES FOR FOREST SERVICE IP MODIFICATION TO TERMINATE ALL SERVICES UNDER THIS ORDER EFFECTIVE IMMEDIATELY, 01/30/2025.",2/6/2025,,279675,0,279675
DEPARTMENT OF AGRICULTURE,TO CLOSE OUT THE LAPSED CONTRACT,2/6/2025,,159575,132600,26975
DEPARTMENT OF AGRICULTURE,E & E NEWS SUITE LICENSES,2/6/2025,,87913,73513,14400
DEPARTMENT OF AGRICULTURE,"DIVERSITY AND INCLUSION CONSULTING AND TRAINING, TO INITIATE AND COMPLETE A 3 YEAR STRATEGIC PLAN, FACILITATE MEETINGS, LEAD TRAINING AND REVIEW DIGITAL CONTENT.",2/6/2025,,70000,25750,44250
DEPARTMENT OF AGRICULTURE,"THE PURPOSE OF THIS MODIFICATION IS TO IMMEDIATELY (EFFECTIVE 02/05/2025) TERMINATE THIS PURCHASE ORDER FOR THE GOVERNMENT'S CONVENIENCE, IN ACCORDANCE WITH FAR 52.212-4(L).",2/6/2025,,42540,0,42540
DEPARTMENT OF AGRICULTURE,LAC GENDER EQUITY FACILITATORSERVICES FOR FOREST SERVICE IP,2/6/2025,,31940,0,31940
DEPARTMENT OF AGRICULTURE,"TERMINATE FOR CONVENIENCE - USDA, OFFICE OF THE SECRETARY OF AGRICULTURE (OSEC). POLITICO PRO PLUS SUBSCRIPTION RENEWAL. PERIOD OF PERFORMANCE: 09/30/2024 - 09/22/2025.",2/6/2025,,15325,0,15325
DEPARTMENT OF AGRICULTURE,"TERMINATE FOR CONVENIENCE - USDA, OFFICE OF PROPERTY AND ENVIRONMENTAL MANAGEMENT (OPEM), E&E NEWS SUBSCRIPTION, POP: 09/09/24 - 09/08/25.",2/6/2025,,14360,0,14360
DEPARTMENT OF AGRICULTURE,DIVERSITYCOMM ADVERTISING,2/7/2025,,500000,500000,0
DEPARTMENT OF AGRICULTURE,"DIVERSITY, EQUITY, INCLUSION AND ONBOARDING SPECIALISTSERVICES FOR FOREST SERVICE IP",2/7/2025,,374542,370370,4172
DEPARTMENT OF AGRICULTURE,INTERCULTURAL COMMUNICATION DIVERSITY DIALOGUE CIRCLE COMMUNICATING ACROSS DIFFERENCES (CAD) WORKSHOPS FY2024,2/7/2025,,254800,222300,32500
DEPARTMENT OF AGRICULTURE,"TERMINATE FOR CONVENIENCE - USDA, OFFICE OF THE CHIEF DIVERSITY AND INCLUSION OFFICER (OCDIO), TO PROVIDE PROVIDING DIVERSITY, EQUITY, INCLUSION, AND ACCESSIBILITY (DEIA) SUPPORT SERVICE, PERIOD OF PERFORMANCE 10/15/2024-10/14/2025.",2/7/2025,,200000,200000,0
DEPARTMENT OF AGRICULTURE,TERMINATE FOR CONVENIENCEPOLITICO PRO PLUS AS QUOTED ON QUOTE PBON072933 IN CONJUNCTION WITH THE FEDLINK SERIES OF CONTRACTS ISSUED BY THE LIBRARY OF CONGRESS.,2/7/2025,,178456,59360,119096
DEPARTMENT OF AGRICULTURE,TERMINATION FOR THE GOVERNMENT'S CONVEINENCE OF THE POLITICOPRO ANNUAL SUBSCRIPTION,2/7/2025,,177585,81000,96585
DEPARTMENT OF AGRICULTURE,DIVERSITYCOMM ADVERTISING,2/7/2025,,100000,0,100000
DEPARTMENT OF AGRICULTURE,MODIFICATION TO TERMINATE THIS TASK ORDER FOR THE GOVERNMENT'S CONVEINENCE FOR POLITICOPRO SUBSCRIPTION FOR 6 USERS FOR USDA/REE FRONT OFFICE,2/7/2025,,87270,71790,15480
DEPARTMENT OF AGRICULTURE,"TO TERMINATE THIS PURCHASE ORDER FOR GOVERNMENT'S CONVENIENCE FOR E&E NEWS SUBSCRIPTION THAT INCLUDES E&E NEWS, E&E PM, GREENWIRE, AND CLIMATEWIRE WITH A BASE PLUS FOUR OPTION YEARS FOR ERS.",2/7/2025,,79366,52066,27300
DEPARTMENT OF AGRICULTURE,"DEIA CONSULTING SERVICES, MOD TO TERMINATE THE CONTRACT FOR THE GOVERNMENT'S CONVENIENCE.",2/7/2025,,61243,0,61243
DEPARTMENT OF AGRICULTURE,ASIA PACIFIC- SRI LANKA CLIMATE CHANGE MITIGATION ADAPTION AND RESILIENCE COORDINATORSERVICES FOR FOREST SERVICE IPMODIFICATION 2THE PURPOSE OF THIS MODIFICATION IS:A). TO TERMINATE THIS ORDER IMMEDIATELY AT THE DIRECTION OF USDA PROCURE,2/7/2025,,57978,35338,22640
DEPARTMENT OF AGRICULTURE,POLITICO PRO PLUS RENEWAL FOR FY 2024 TO BE USED BY 8 USERS,2/7/2025,,23520,0,23520
DEPARTMENT OF AGRICULTURE,140D0424P9005,2/7/2025,,19540,0,19540
DEPARTMENT OF AGRICULTURE,THE PURPOSE OF THIS MODIFICATION IS TO TERMINATE THE CONTRACT FOR THE GOVERNMENT'S CONVENIENCE.,2/7/2025,,11235,0,11235
DEPARTMENT OF AGRICULTURE,BLANKET PURCHASE AGREEMENT (BPA) FOR RMA-NRC-FSA OUTREACH SUPPORT SERVICES,2/10/2025,,4000000,4000000,0
DEPARTMENT OF AGRICULTURE,"EEO SUPPORT SERVICES EIGHTEEN (18) MONTH BASE PERIOD EFFECTIVE SEPTEMBER 23, 2022 THRU MARCH 22, 2024",2/10/2025,,1999892,1461335,538557
DEPARTMENT OF AGRICULTURE,NIFA SMALL BUSINESS INNOVATION RESEARCH (SBIR) OUTREACH CONTRACT SERVICES,2/10/2025,,576365,83670,492695
DEPARTMENT OF AGRICULTURE,SNAP Change Management,2/10/2025,,420495,115384,305111
DEPARTMENT OF AGRICULTURE,OCDIO COMMUNICATIONS AND ENGAGEMENT SUPPORT SERVICESSTOP WORK ORDER,2/10/2025,,400000,225000,175000
DEPARTMENT OF AGRICULTURE,FOREST SERVICE OVERSEAS ENVIRONMENTAL EXPERIENCE (FORSEE) FELLOWSSERVICES FOR FOREST SERVICE IP,2/10/2025,,298622,0,298622
DEPARTMENT OF AGRICULTURE,BRAZIL FOREST AND GENDER CONSULTANTSERVICES FOR FOREST SERVICE IP,2/10/2025,,229637,0,229637
DEPARTMENT OF AGRICULTURE,DE-OBLIGATE ALL REMAINING FUNDING AFTER FINAL INVOICE APPROVAL TO FACILITATE THE CONTRACT CLOSE OUT FOLLOWING THE TERMINATION FOR CONVENIENCE.,2/10/2025,,170000,88907,81093
DEPARTMENT OF AGRICULTURE,"MODIFICATION TO DE-OBLIGATE THE REMAINING FUNDING TO FACILITATE THE CONTRACT CLOSE OUT DUE TO THE TERMINATION FOR CONVENIENCE OF THE GOVERNMENT FOR BPA CALL ORDER AGAINST SINGLE SOURCE BPA PARENT CONTRACT, WHICH WAS TERMINATED AS OF 01/29/2025.",2/10/2025,,149923,67400,82523
DEPARTMENT OF AGRICULTURE,2025 GETTYSBURG STAFF RIDESERVICES FOR FOREST SERVICE IP,2/10/2025,,148924,0,148924
DEPARTMENT OF AGRICULTURE,"SILVACARBON WOMEN IN FOREST CARBON INITIATIVE (WFCI) MENTORSHIP PROGRAM, PHASE IISERVICES FOR FOREST SERVICE IP",2/10/2025,,120950,14050,106900
DEPARTMENT OF AGRICULTURE,"WORKPLACE ENVIRONMENT, KNOWLEDGE, AND LEARNING SUPPORTSERVICES FOR FOREST SERVICE IP",2/10/2025,,116117,0,116117
DEPARTMENT OF AGRICULTURE,PROGRAM EVALUATION AND BASELINE ASSESSMENT FOR UKRAINE AND RUSSIASERVICES FOR FOREST SERVICE IP,2/10/2025,,82557,0,82557
DEPARTMENT OF AGRICULTURE,ENVIRONMENTAL REGULATION COMPLIANCE SUBJECT MATTER EXPERTSERVICES FOR FOREST SERVICE IP,2/10/2025,,80653,0,80653
DEPARTMENT OF AGRICULTURE,LATIN AMERICA URBAN ECOLOGY WORKSHOP COORDINATORSERVICES FOR FOREST SERVICE IP,2/10/2025,,47508,47508,0
DEPARTMENT OF AGRICULTURE,ASIA PACIFIC - SOLOMON ISLANDS COMMUNITY RANGER CONSULTANTSSERVICES FOR FOREST SERVICE IP,2/10/2025,,43753,7119,36634
DEPARTMENT OF AGRICULTURE,REGIONAL GENDER AND GABON PROGRAM MANAGERSERVICES FOR FOREST SERVICE IP MODIFICATION FOR TERMINATION FOR CONVENIENCE,2/10/2025,,37818,0,37818
DEPARTMENT OF AGRICULTURE,Brazil Community Tourism Consultant. Services for Forest Services.,2/10/2025,,29970,27066,2904
DEPARTMENT OF AGRICULTURE,CENTRAL AMERICA GENDER ASSESSMENT CONSULTANTSERVICES FOR FOREST SERVICE IPTHE PURPOSE OF THIS MODIFICATION IS:A). TO TERMINATE THIS ORDER IMMEDIATELY AT THE DIRECTION OF USDA PROCUREMENT MANAGEMENT VIA THE ACTING SECRETARY TO UNILATERALLY,2/10/2025,,28993,4213,24780
DEPARTMENT OF AGRICULTURE,EL SALVADOR AND HONDURAS GENDER ASSESSMENT CONSULTANTSERVICES FOR FOREST SERVICE IPMODIFICATION TERMINATION FOR CONVENIENCE,2/10/2025,,26215,0,26215
DEPARTMENT OF AGRICULTURE,BRAZIL WILDFIRE MANAGEMENT CONSULTANTSERVICES FOR FOREST SERVICE IP,2/10/2025,,20825,0,20825
DEPARTMENT OF AGRICULTURE,Guatemala and Belize Visual Communications and E-Learning Consultant,2/10/2025,,16245,10502,5743
DEPARTMENT OF AGRICULTURE,URBAN FOREST AND COMMUNITY ENGAGEMENT CONSULTANTSERVICES FOR FOREST SERVICE IP,2/10/2025,,11451,674,10777
DEPARTMENT OF AGRICULTURE,SERVICE STRATEGY PLANNING AND BUSINESS CAPABILITIES (RED MAPLE),2/12/2025,,34977118,17857032,17120086
DEPARTMENT OF AGRICULTURE,DEVELOP AND DEPLOY A NEW CUSTOMER RELATIONSHIP MANAGEMENT SYSTEM (CRMS),2/12/2025,,8993803,4854018,4139785
DEPARTMENT OF AGRICULTURE,HRES NATIONAL HIRING,2/12/2025,,4675956,2841895,1834061
DEPARTMENT OF AGRICULTURE,HANDSHAKE SOFTWARE SUITE WITH TALENT ENGAGEMENT SUITE; EXPERT ASSIST MODULE; PREMIUM BRAND PAGE; AND STRATEGIC INSIGHTS MODULE,2/12/2025,,3605291,3150558,454733
DEPARTMENT OF AGRICULTURE,THE NRCS OPERATIONAL EXCELLENCE (OP EX) SUPPORT OBJECTIVE IS TO IMPLEMENT A COMPREHENSIVE APPROACH TO BUSINESS OPERATIONS TO FACILITATE WORKLOAD MANAGEMENT AND IMPROVE PRODUCTIVITY. THIS WILL PROVIDE NRCS LEADERSHIP WITH THE INFORMATION AND INSIGHT,2/12/2025,,3008882,1666173,1342709
DEPARTMENT OF AGRICULTURE,"360 ASSESSMENT TOOL, ANALYSIS AND REPORTING FOR AGENCY LEADERSHIP DEVELOPMENT",2/12/2025,,2225018,1587766,637252
DEPARTMENT OF AGRICULTURE,WASHINGTON OFFICE STATE PRIVATE & TRIBAL FORESTRY FIRE & AVIATION MANAGEMENT LEADERSHIP DEVELOPMENT COACHING AND CONSULTING,2/12/2025,,1483816,920724,563092
DEPARTMENT OF AGRICULTURE,WEPO TRAINING AND EMPLOYEE DEVELOPMENT (TED) LEADERSHIP PROGRAM ASSESSMENTS,2/12/2025,,1453000,991950,461050
DEPARTMENT OF AGRICULTURE,THE UNITED STATES DEPARTMENT OF AGRICULTURE (USDA) NATIONAL RESOURCES CONSERVATION SERVICE (NRCS) REQUIRES LEADERSHIP DEVELOPMENT PROGRAM CREATION AND TRAINING SERVICES.,2/12/2025,,645132,123542,521590
DEPARTMENT OF AGRICULTURE,"LEADERSHIP DEVELOPMENT PROGRAM FOR NEBRASKA, MINNESOTA AND IOWA",2/12/2025,,629608,159759,469849
DEPARTMENT OF AGRICULTURE,THE OFFICE OF THE CHIEF IS A SEEKING FACILITATION SERVICES FOR ITS NATIONAL LEADERSHIP COUNCIL (NLC) QUARTERLY IN-PERSON MEETINGS. THE INITIAL PERIOD OF PERFORMANCE FOR THIS WORK IS A BASE 12-MONTH PERIOD WITH FOUR 1-YEAR OPTIONAL PERIODS. THE PLACE,2/12/2025,,617144,498271,118873
DEPARTMENT OF AGRICULTURE,"SENIOR LEADERSHIP TEAMBUILDING, COACHING AND TRAVEL WITH CI INTERNATIONAL",2/12/2025,,526974,425711,101263
DEPARTMENT OF AGRICULTURE,NON-MONETARY AWARDS,2/12/2025,,500000,350000,150000
DEPARTMENT OF AGRICULTURE,MARKETING COMMUNICATION SERVICE,2/12/2025,,400000,80000,320000
DEPARTMENT OF AGRICULTURE,"MEDIA DEVELOPMENT, PRODUCTION, AND DISTRIBUTION SERVICES FOR NRCS-CA.",2/12/2025,,150000,90000,60000
DEPARTMENT OF AGRICULTURE,ENVIRONMENTAL COMPLIANCE SERVICES FOR THE IMPLEMENTATION OF PILOT PROJECTS DEVELOPED UNDER THE PARTNERSHIP FOR CLIMATE-SMART COMMODITIES,2/14/2025,,10230256,2040682,8189574
DEPARTMENT OF AGRICULTURE,RENEWAL OF THE FINANCIAL TIMES ONLINE SUBSCRIPTION (FT.COM) FOR ALL USDA USERS.,2/14/2025,,498134,264448,233686
DEPARTMENT OF AGRICULTURE,USDA NAL WALL STREET JOURNAL SUBSCRIPTION,2/14/2025,,228497,50264,178233
DEPARTMENT OF AGRICULTURE,EED PROGRAM MANAGEMENT AND SUPPORT,2/18/2025,,4862953,2371600,2491353
DEPARTMENT OF AGRICULTURE,"CIO-COS-001, CIO-COS-002, CHANGE MANAGEMENT AND COMMUNICATIONS",2/18/2025,,4282825,1432948,2849877
DEPARTMENT OF AGRICULTURE,ACQUISITION OF THREE (3) CONTRACTOR NUTRITIONIST SMES TO SUPPORT KEY NUTRITION EDUCATION AND PROMOTION BRANCH (NEPB) FUNCTIONS.,2/18/2025,,3017406,2451594,565812
DEPARTMENT OF AGRICULTURE,UNITED STATES DEPARTMENT OF AGRICULTURE (USDA)/OFFICE OF HUMAN RESOURCES MANAGEMENT (OHRM): USDA-WIDE ONBOARDING INITIATIVE,2/18/2025,,2398237,0,2398237
DEPARTMENT OF AGRICULTURE,NUTRITION TECHNOLOGIST SUBJECT MATTER EXPERTS (SMES),2/18/2025,,2060326,1264193,796133
DEPARTMENT OF AGRICULTURE,PROJECT COORDINATOR FOR STREAMLININGPROJECT COORDINATOR FOR TRAINING AND OUTREACH,2/18/2025,,2028048,329296,1698752
DEPARTMENT OF AGRICULTURE,THIS IS A FIRM FIXED PRICE TASK ORDER FOR THREE NUTRITIONIST SMES FOR CNP. THE TERMS AND CONDITIONS OF GSA SCHEDULE#GS-10F-0416X ARE IN FULL FORCE AND EFFECT.,2/18/2025,,1963104,24000,1939104
DEPARTMENT OF AGRICULTURE,"FY 2023 CHILD NUTRITION ACCESS AND ACCOUNTABILITY THROUGH TECHNOLOGY CONFERENCE. FNS WILL BE HOSTING THE CNAAT NATIONAL TRAINING FOR NATIONAL, REGIONAL, & STATE AGENCY REPS FOCUSED ON TRAINING & COLLABORATION ON PLANNING, DEVELOPMENT & MA",2/18/2025,,1819885,1209586,610299
DEPARTMENT OF AGRICULTURE,FY23 USDA- OPEM/PMD FLEET CARD SUPPORT SERVICES,2/18/2025,,1751194,1065664,685530
DEPARTMENT OF AGRICULTURE,"PROVIDE QUALIFIED GRANT SPECIALISTS TO SUPPORT THE UNITED STATES DEPARTMENT OF AGRICULTURE (USDA) FOOD AND NUTRITION SERVICE (FNS) CHILD NUTRITION PROGRAMS, COMMUNITY FOOD SYSTEMS DIVISION (CFSD). THESE GRANT SPECIALISTS WILL SUPPORT THE AGENCY'",2/18/2025,,1731888,1163017,568871
DEPARTMENT OF AGRICULTURE,USDA/FPAC ELECTRIC VEHICLE SUPPLY EQUIPMENT (EVSE) PROJECT SUPPORT SERVICES - HQ,2/18/2025,,1402919,679161,723758
DEPARTMENT OF AGRICULTURE,"ACQUISITION INITIATIVES SUPPORT, PROCUREMENT ANALYST",2/18/2025,,480000,320000,160000
DEPARTMENT OF AGRICULTURE,"USDA-OBPA, EVALUATION OF PERFORMANCE APPRAISAL MANAGEMENT AND AWARD SYSTEMS",2/18/2025,,444714,0,444714
DEPARTMENT OF AGRICULTURE,STRATEGIC PLAN AND IMPLEMENTATION FRAMEWORK SUPPORT,2/18/2025,,378190,64373,313817
DEPARTMENT OF AGRICULTURE,CONTRACT CLOSEOUT SUPPORT,2/18/2025,,262058,176515,85543
DEPARTMENT OF AGRICULTURE,NRCS-SC: OUTREACH AND EDUCATION SERVICES THROUGHOUT THE STATE OF SOUTH CAROLINA THAT TARGETHISTORICALLY UNDERSERVED FARMERS.,2/18/2025,,202416,0,202416
DEPARTMENT OF AGRICULTURE,USDA-OBPA: EVALUATION OF TELEWORK RATES AND ITS EFFECTS AMONG FEDERAL EMPLOYEES,2/18/2025,,53880,0,53880
DEPARTMENT OF AGRICULTURE,ASSESSMENT AND PLAN DEVELOPMENT FOR DESIGN OF A STRATEGIC COMMUNICATIONS PLAN FOR THE USDA SOUTHWEST CLIMATE HUB.,2/18/2025,,49168,0,49168
DEPARTMENT OF AGRICULTURE,"CONGRESSIONAL QUARTERLY SUBSCRIPTION RENEWAL FOR OFFICE OF COUNSEL, 4 USERS.",2/18/2025,,19478,0,19478
DEPARTMENT OF AGRICULTURE,CONGRESSIONAL TRACKING AND ANALYSIS SERVICES ON WEB PLATFORM,2/18/2025,,17646,0,17646
DEPARTMENT OF AGRICULTURE,SNAP EMPLOYMENT AND TRAINING,2/19/2025,,3498940,1378379,2120561
DEPARTMENT OF AGRICULTURE,"USDA NRCS FACILITATION, MANAGEMENT AND CONSULTING SERVICES",2/19/2025,,876511,55883,820628
DEPARTMENT OF AGRICULTURE,"NBAF LEADERSHIP DEVELOPMENT, COACHING, TEAMBUILDING AND STRATEGY SERVICES",2/19/2025,,355236,0,355236
DEPARTMENT OF AGRICULTURE,BPA CALL FOR HUMAN RESOURCES MANAGEMENT SUPPORT SERVICES - POSITION DESCRIPTIONS,2/19/2025,,141395,0,141395
DEPARTMENT OF AGRICULTURE,BPA CALL ORDER #1 DEVELOPMENT OF SCIENCE OF CLIMATE TRAINING COURSE,2/19/2025,,39926,0,39926
DEPARTMENT OF AGRICULTURE,"UNDERSTANDING THE RELATIONSHIP BETWEEN POVERTY, WELL-BEING AND FOOD SECURITY STATUS AP-FNS-21-0078 COR: MICHAEL BURKE",2/20/2025,,7278072,0,7278072
DEPARTMENT OF AGRICULTURE,FOOD DISTRIBUTION PROGRAM ON INDIAN RESERVATIONS (FDPIR) PARTICIPANT CHARACTERISTICS AND PROGRAM OPERATIONS STUDY (PCPO STUDY) SUPPORT SERVICES.,2/20/2025,,2975842,0,2975842
DEPARTMENT OF AGRICULTURE,"THE STUDY WILL COLLECT AND ANALYZE INFORMATION FROM CSFP STATE AND LOCAL AGENCIES AND CSFP PARTICIPANTS TO UNDERSTAND WHO IS PARTICIPATING IN THE PROGRAM, HOW THE PROGRAM IS OPERATED, AND SUCCESSES AND CHALLENGES IN IMPLEMENTING AND ACCESSING THE PRO",2/20/2025,,1912687,0,1912687
DEPARTMENT OF AGRICULTURE,BPA CALL ORDER PLACED OFF HUMAN RESOURCES MANAGEMENT SUPPORT SERVICES FS BPA 12318721A0009 DESCRIPTION: USDA FY23 BSD/ESB HUMAN CAPITAL REFINEMENT STUDYCOR: VIRGINIA SOLDOPOP:CLIN I (30 TO 45 DAYS): 4/10/2023 TO 5/25/2023 (45 DAYS)CLIN II,2/20/2025,,1487491,621203,866288
DEPARTMENT OF AGRICULTURE,"RESEARCH SERVICES FOR SCHOOL MEALS OPERATIONS STUDY, SCHOOL YEAR 2023-2024",2/20/2025,,1406175,0,1406175
DEPARTMENT OF AGRICULTURE,SPACE AND ASSET MANAGEMENT SUPPORT,2/20/2025,,809282,200376,608906
DEPARTMENT OF AGRICULTURE,EVALUATION OF THE COMPOSTING AND FOOD WASTE REDUCTION PROGRAM,2/20/2025,,712995,0,712995
DEPARTMENT OF AGRICULTURE,Electronic access via IP authentication for all USDA users to the Economist Intelligence Unit Database.,2/20/2025,,617985,0,617985
DEPARTMENT OF AGRICULTURE,EVALUATION OF THE URBAN AGRICULTURE AND INNOVATIVE PRODUCTION GRANT PROGRAM,2/20/2025,,367731,0,367731
DEPARTMENT OF AGRICULTURE,"FOOD AND NUTRITION SERVICE-THREE DAY LEADERSHIP RETREAT IN ATLANTA, GA",2/20/2025,,264850,0,264850
DEPARTMENT OF AGRICULTURE,USDA NEW SUPERVISOR TRAINING PROGRAM,2/20/2025,,232120,0,232120
DEPARTMENT OF AGRICULTURE,2025 TEAM AND INDIVIDUAL COACHING SERVICES FOR FOREST SERVICE IP,2/20/2025,,145120,0,145120
DEPARTMENT OF AGRICULTURE,FORESEE CURRICULUM DEVELOPMENT AND FACILITATOR SERVICES FOR FOREST SERVICE IP,2/20/2025,,120230,0,120230
DEPARTMENT OF AGRICULTURE,BLOOMBERG GOVERNMENT SUBSCRIPTION FOR 5 USERS,2/20/2025,,120003,74256,45747
DEPARTMENT OF AGRICULTURE,2023 URBAN ECOLOGY COMMUNITY OF LEARNING AND PRACTICE HYBRID PROGRAM CONVENER SERVICES FOR FOREST SERVICE IP,2/20/2025,,108282,0,108282
DEPARTMENT OF AGRICULTURE,CLIMATE CHANGE SEMINAR FACILITATION SERVICES FOR FOREST SERVICE IP,2/20/2025,,104578,0,104578
DEPARTMENT OF AGRICULTURE,INTERNATIONAL SEMINAR ON COMMUNITY RESILIENCE FACILITATION SERVICES FOR FOREST SERVICE IP,2/20/2025,,92925,0,92925
DEPARTMENT OF AGRICULTURE,FUNDING FOR STRATEGIC PLANNING SUPPORT SERVICES FOR DELAWARE NATIONAL RESOURCE CONSERVATION SERVICE.,2/20/2025,,86276,0,86276
DEPARTMENT OF AGRICULTURE,THOMPSON REUTERS WESTLAW SUBSCRIPTION SERVICES (12 MONTHS),2/20/2025,,62180,38521,23659
DEPARTMENT OF AGRICULTURE,PERU NATURAL RESOURCES CRIME INVESTIGATIONS COURSE FACILITATOR SERVICES FOR FOREST SERVICE IP,2/20/2025,,61790,0,61790
DEPARTMENT OF AGRICULTURE,INTERNATIONAL NGO COMMUNICATIONS SUPPORT SERVICES FOR FOREST SERVICE IP,2/20/2025,,30808,0,30808
DEPARTMENT OF AGRICULTURE,MALAYSIA STUDY TOUR FACILITATION SERVICES FOR FOREST SERVICE IP,2/20/2025,,30451,0,30451
DEPARTMENT OF AGRICULTURE,POWER BI SUPPORT,2/20/2025,,24910,0,24910
DEPARTMENT OF AGRICULTURE,USFS NGO NETWORK ON DEMAND VIRTUAL FACILITATION SERVICES FOR FOREST SERVICE IP,2/20/2025,,21858,0,21858
DEPARTMENT OF AGRICULTURE,USDA ERS SUBSCRIPTION FOR AGRI-PULSE,2/20/2025,,12000,9600,2400
DEPARTMENT OF AGRICULTURE,"VIRTUAL RETREAT FOR MIGRATORY, INVASIVE AND UOPSERVICES FOR FOREST SERVICE IP",2/20/2025,,3965,0,3965
DEPARTMENT OF AGRICULTURE,"USDA, OFFICE OF BUDGET AND PROGRAM ANALYSIS, DATA ANALYTICS PROJECT. POP JANUARY 17, 2025, TO MARCH 17, 2027. THIS CONTRACT WOULD SERVE AS A STRUCTURED APPROACH TO TURNING IDEAS INTO IMPACTFUL SOLUTIONS, ENSURING THAT THESE INITIATIVES ARE PRACTI",2/21/2025,,2491568,0,2491568
DEPARTMENT OF AGRICULTURE,"THE MISSION OF USDA FNS IS TO INCREASE NUTRITION SECURITY AND REDUCE HUNGER BY PROVIDING CHILDREN AND LOW-INCOME PEOPLE ACCESS TO FOOD, A HEALTHFUL DIET, AND NUTRITION EDUCATION IN A WAY THAT SUPPORTS AMERICAN AGRICULTURE AND INSPIRES PUBLIC CONFIDEN",2/21/2025,,668596,283854,384742
DEPARTMENT OF AGRICULTURE,"USDA, OFFICE OF OPERATIONS (OO), MATERIAL MANAGEMENT SERVICE CENTER (MMSC) - SUPPORT SERVICES",2/21/2025,,468000,0,468000
DEPARTMENT OF AGRICULTURE,"WRITING, EDITORIAL AND COMMUNICATIONS SERVICES TASK ORDER",2/21/2025,,421552,284352,137200
DEPARTMENT OF AGRICULTURE,THE THOMSON REUTERS NATIONAL PRIMARY & ANALYTICAL PLUS WESTLAW PRO LIBRARY SUBSCRIPTION WILL PROVIDE THE ACQUISITION PROGRAMS AND OVERSIGHT BRANCH (APOB) THE ABILITY TO RESEARCH ONGOING LITIGATION AND PROVIDES BETTER INSIGHT INTO REGULATORY AND C,2/21/2025,,165702,135714,29988
DEPARTMENT OF AGRICULTURE,"THE PURPOSE OF THIS PROJECT IS TO BETTER UNDERSTAND THE LATEST AVAILABLE DATA OF TEMPORAL AND GEOGRAPHICAL CROP DATA SETS AND FUTURE CLIMATE SCENARIOS, MAKE USE OF THE DATA TO MODEL THE LIKELY EFFECTS OF CLIMATE CHANGE ON AGRICULTURAL CROPS, AND HELP",2/21/2025,,124760,0,124760
DEPARTMENT OF AGRICULTURE,ACQUISITION WORKFORCE TRAINING,2/21/2025,,50800,0,50800
DEPARTMENT OF AGRICULTURE,"THE PURPOSE OF THIS TASK ORDER IS TO INCORPORATE THE FOLLOWING TASKS (1) SHAREPOINT DEVELOPMENT TECHNICAL ASSISTANCE AND TRAINING, (2)ENVIRONMENTAL REVIEW SOP, AND (3) PROVIDE FUNDING.",2/21/2025,,41710,0,41710
DEPARTMENT OF AGRICULTURE,USDA FNS SEEKS AN ASSESSMENT OF USDA AND WIC STATE AGENCY NEEDS AND PREFERENCES; A SUMMARY REPORT OF ASSESSMENT AND RECOMMENDATIONS AND A DRAFT AGENDA FOR A THREE-DAY OPERATIONAL MEETING.,2/21/2025,,37973,0,37973
DEPARTMENT OF AGRICULTURE,"USDA-FNS-CNP-CFSD SEEKS MEETING PLANNING AND FACILITATION SERVICES IN SUPPORT OF ONE (1) 2.5-DAY, IN-PERSON STRATEGIC PLANNING MEETING IN ALEXANDRIA, VA IN JANUARY/FEBRUARY 2025, AS WELL AS MULTIPLE VIRTUAL FOLLOW-ON CFSD STRATEGIC AND OPERATIONAL PL",2/21/2025,,37722,0,37722
DEPARTMENT OF AGRICULTURE,"USDA, OFFICE OF CUSTOMER EXPERIENCE (OCX), PROGRAM MANAGEMENT SUPPORT FOR OCX, POP: 05/16/2024 - 05/15/2025.",2/24/2025,,4021006,3263631,757375
DEPARTMENT OF AGRICULTURE,CONTRACTOR SUPPORT FOR OCFO HEADQUARTERS,2/24/2025,,2191726,0,2191726
DEPARTMENT OF AGRICULTURE,TO ASSESS AND RECOMMEND UPDATES TO THE SUPPLEMENTAL NUTRITION ASSISTANCE PROGRAM (SNAP) NUTRITION EDUCATION EVALUATION FRAMEWORK.,2/24/2025,,839529,440265,399264
DEPARTMENT OF AGRICULTURE,TO PROCURE TECHNICAL ASSISTANCE TO REDUCE MISDIRECTED DOCUMENTS,2/24/2025,,227767,0,227767
DEPARTMENT OF AGRICULTURE,"THE FOREST MANAGEMENT, RANGE MANAGEMENT ANDVEGETATION ECOLOGY (FMRMVE) STAFF REQUESTSPROCESS DESIGN AND FACILITATION ASSISTANCE FOR UPTO 1 YEAR (WITH TWO OPTION YEARS) TO SUPPORT THECOLLABORATIVE FOREST LANDSCAPE RESTORATIONPROGRAM (CFLRP)",2/24/2025,,80177,50414,29763
DEPARTMENT OF AGRICULTURE,"USDA, OFFICE OF OPERATIONS (OO), TO PROVIDE STRATEGIC PLANNING TRAINING AND LEADERSHIP DEVELOPMENT TRAINING, PERIOD OF PERFORMANCE 09/26/2024 - 03/31/2025.",2/24/2025,,54000,0,54000
DEPARTMENT OF AGRICULTURE,"USDA/OCP/PROCUREMENT POLICY DIVISION (PPD), DATA QUALITY (FEDDATACHECK): DATA QUALITY AND VALIDATION. POP: 9/01/22 - 8/31/27",2/25/2025,,1869980,763200,1106780
DEPARTMENT OF AGRICULTURE,ENTERPRISE SUPPORT SERVICES,2/25/2025,,1453264,0,1453264
DEPARTMENT OF AGRICULTURE,BPA CALL ORDER #1 TO PROVIDE RCPP PROGRAM SUPPORT TO IMPLEMENT IMPROVEMENT PLAN TRAINING ACTION ITEMS,2/25/2025,,1214550,0,1214550
DEPARTMENT OF AGRICULTURE,CALL ORDER 3 - FSA BUSINESS MANAGEMENT SUPPORT SERVICES FOR OFFICE OF THE ADMINISTRATOR & DAFP,2/25/2025,,1135485,0,1135485
DEPARTMENT OF AGRICULTURE,NRCS GRANTS AND AGREEMENT OPERATIONS SUPPORT,2/25/2025,,698946,425974,272972
DEPARTMENT OF AGRICULTURE,1240LS22A0008 HAYCAMP BASE UNIT 01 CULTURAL RESOURCES INVENTORYHAYCAMP CULTURAL SURVEYS 635332,2/25/2025,,622035,0,622035
DEPARTMENT OF AGRICULTURE,THE SOUTHERN REGION (R8) REGIONAL LEADERSHIP TEAM (RLT) IS SEEKING FACILITATION AND PROGRAM MANAGEMENT-RELATED SUPPORT SERVICES.,2/25/2025,,485000,0,485000
DEPARTMENT OF AGRICULTURE,LIFE-CYCLE SUPPORT SERVICES: NRM MODERNIZATION PROJECT MANAGEMENT SUPPORT,2/25/2025,,363628,0,363628
DEPARTMENT OF AGRICULTURE,"12318721A0014 - FACILITATION, LEADERSHIP EDUCATION, AND EXECUTIVE COACHING SERVICES",2/25/2025,,281030,0,281030
DEPARTMENT OF AGRICULTURE,THE FOREST SERVICE REQUIRES EXPERT ORGANIZATIONAL PROFESSIONAL SERVICES TO ACCOMMODATE THE CONSTANTLY CHANGING MANAGEMENT OF THE FOREST SERVICE.,2/25/2025,,275943,0,275943
DEPARTMENT OF AGRICULTURE,BPA CALL ORDER #2 TO PROVIDE COORDINATION SUPPORT FOR 4 DCP REGIONAL TRAININGS.,2/25/2025,,171560,0,171560
DEPARTMENT OF AGRICULTURE,"CREATING AND/OR BUILDING UPON EXISTING ETHNOGRAPHIC RESOURCES AND TRADITIONAL USE STUDY THAT IDENTIFIES AND DOCUMENTS ETHNOGRAPHIC RESOURCES WITHIN THE PIKES PEAK VICINITY OF EL PASO COUNTY, COLORADO.",2/25/2025,,161772,0,161772
DEPARTMENT OF AGRICULTURE,SJNF; PROFESSIONAL CFLRP FACILITATOR,2/25/2025,,111396,91236,20160
DEPARTMENT OF AGRICULTURE,"WORK WITH THE MTWG COVERS TRIBAL GOVERNMENT OFFICIALS, STAFF, AND OTHER INVITED TRIBAL REPRESENTATIVES, AND THE FOREST SERVICE, TO DISCUSS AND DISSEMINATE INFORMATION AND COORDINATE WORK RELATED TO THE ADMINISTRATION OF A SPECIAL USE AUTHORIZATION FO",2/25/2025,,105840,0,105840
DEPARTMENT OF AGRICULTURE,DEVELOPMENT OF MATERIALS TO RENEW THE INFORMATION COLLECTION REQUESTS (ICR) FOR THE CHILD AND ADULT CARE FOOD PROGRAM (CACFP) AND THE SUMMER FOOD SERVICE PROGRAM (SFSP).,2/25/2025,,98969,0,98969
DEPARTMENT OF AGRICULTURE,CCTAP YEAR 5,2/25/2025,,73314,0,73314
DEPARTMENT OF AGRICULTURE,"CULTURAL RESOURCE INVENTORY FOR THE 4606 REROUTE NORTH PROJECT, INCLUDING PRE-FIELD RESEARCH, FIELD INVENTORY, SITE TESTING, AND ASSOCIATED REPORTING AND DOCUMENTATION.",2/25/2025,,70251,0,70251
DEPARTMENT OF AGRICULTURE,TONTO EAST AML CULTURAL SURVEY,2/25/2025,,69799,0,69799
DEPARTMENT OF AGRICULTURE,"CULTURAL HERITAGE SURVEYS FOR FUTURE CROSS-BOUNDARY PRESCRIBED FIRE UNITS IN THE WILDLAND URBAN INTERFACE, ON A NATIONAL PRIORITY LANDSCAPE FOREST.",2/25/2025,,60040,0,60040
DEPARTMENT OF AGRICULTURE,TAJIKISTAN PROGRAM DEVELOPMENT AND TEAM BUILDINGSERVICES FOR FOREST SERVICE IP,2/25/2025,,47012,0,47012
DEPARTMENT OF AGRICULTURE,SJNF; GRIFFITH DAIRY COMPLEX HISTORIC CULTURAL LANDSCAPE,2/25/2025,,37619,0,37619
DEPARTMENT OF AGRICULTURE,"ADMINISTRATIVE SERVICES CONTRACT, EXISTING BPA # 1232SA24A0001 GSA # IS GS-10F-0311V, THIS IS A MODIFICATION TO AN CONTRACT. CONTACT: JAMIE BYERS",2/25/2025,,37450,0,37450
DEPARTMENT OF AGRICULTURE,"OPE WILL BE POSTING 14 ""OOI"" OR OUTREACH OF INTEREST'S AT GRANTS.GOV AND THE FOREST SERVICE EXTERNAL WEBSITE. THE OOI'S SPAN ACROSS 8 PROGRAM AREAS. AS EACH OOI PUBLISHES ON GRANTS.GOV POTENTIAL PARTNERS CAN SUBMIT THEIR INTEREST",2/25/2025,,19541,0,19541
DEPARTMENT OF AGRICULTURE,"RENEWAL CONTRACT 12639519Q0136, AUDIT SERVICES FOR IES",2/25/2025,,14750,12500,2250
DEPARTMENT OF AGRICULTURE,FACILITATION SERVICES FOR BARC SENIOR LEADERSHIP,2/25/2025,,1400,0,1400
DEPARTMENT OF AGRICULTURE,CONTRACTOR SHALL PROVIDE QUALITY ASSURANCE OF QUALITY CONTROL,2/26/2025,,2151739,951181,1200558
DEPARTMENT OF AGRICULTURE,"FAS/CANADA REQUIRES CONTRACTOR SUPPORT TO ASSIST IN THE PLANNING, DEVELOPMENT, EXECUTION, AND MEASUREMENT OF A 24-MONTH DIGITAL CAMPAIGN TO PROMOTE THE KEY MESSAGES OF THE TASTE USA/PRENEZ BRAND TO PROMOTE US AGRICULTURAL EXPORTS. THE",2/26/2025,,315000,0,315000
DEPARTMENT OF AGRICULTURE,JRWS-CON NEPA SERVICES,2/26/2025,,209935,0,209935
DEPARTMENT OF AGRICULTURE,"TO SUPPORT CONSERVATION OF URBAN GREEN AREAS AND MANGROVE ECOSYSTEMS, CLIMATE CHANGE ADAPTION, ENVIRONMENTAL EDUCATION, AND COMMUNICATIONS/OUTREACH. CONSERVATION AND SUSTAINABLE MANAGEMENT OF TERRESTRIAL AND MARINE NATURAL RESOURCES IN DOMINICAN REPU",2/26/2025,,206250,168750,37500
DEPARTMENT OF AGRICULTURE,CAPACITY BUILDING SUPPORT AND COACHING FOR OSFACSERVICES FOR FOREST SERVICE IP,2/26/2025,,73248,0,73248
DEPARTMENT OF AGRICULTURE,RMRS LEADERSHIP TEAM FACILITATION,2/26/2025,,66800,0,66800
DEPARTMENT OF AGRICULTURE,SERVICES NEEDED TO FACILITATE THE THREE-DAY QUARTERLY MEETINGS. PROVIDE STRUCTURE AND FOCUS TO MEETINGS TO ENABLE THE SMT TO SUCCESSFULLY REACH THEIR MEETING GOALS.,2/26/2025,,66000,0,66000
DEPARTMENT OF AGRICULTURE,USDA/U.S. CODEX OFFICE (CODEX): TEAMBUILDING AND STRATEGIC PLANNING SERVICES,2/26/2025,,63436,0,63436
DEPARTMENT OF AGRICULTURE,"THE COCONINO NATIONAL FOREST (CNF), RED ROCK RANGER DISTRICT REQUIRES PROFESSIONAL SERVICES FROM A SECRETARY OF THE INTERIOR (SOI) QUALIFIED CONSULTANT FOR ASSISTING WITH A 2,406-ACRE CULTURAL RESOURCES INVENTORY FOR STRATEGIC WILDFIRE AND PRESCRIBED",2/26/2025,,47862,0,47862
DEPARTMENT OF AGRICULTURE,PLANNING AND FACILITATION FOR MANURESHED ACTION NETWORK PROJECT SUMMITS (3),2/26/2025,,31592,0,31592
DEPARTMENT OF AGRICULTURE,THIS WORK IS TO DEVELOP A CLIMATE CHANGE VULNERABILITY ASSESSMENT FOR RECREATION FOR THE FOUR NATIONAL FOREST SYSTEM UNITS IN NORTHERN CALIFORNIA BASED ON THE BEST AVAILABLE SCIENTIFIC INFORMATION.,2/26/2025,,29950,0,29950
DEPARTMENT OF AGRICULTURE,LEADERSHIP- COACHING SERVICES,2/26/2025,,28432,0,28432
DEPARTMENT OF AGRICULTURE,A PROGRAMMER ANALYST IS NEEDED TO PRE-PROCESS CLIMATE DATA GENERATED BY GLOBAL CLIMATE MODELS FOR USE AS INPUT DATA TO MC2 DYNAMIC GLOBAL VEGETATION MODEL; WRITE SCRIPTS TO CONFIGURE AND RUN MC2 ON A BATCH SUBMISSION SYSTEM ON A LINUX-BASED HIGH PERF,2/26/2025,,26000,0,26000
DEPARTMENT OF AGRICULTURE,SUBSCRIPTION FOR ELECTRONIC ACCESS FOR ALL USDA USERS TO SPECIFIED TAYLOR & FRANCIS JOURNALS AND E-BOOKS,2/27/2025,,2288209,1667384,620825
DEPARTMENT OF AGRICULTURE,ELECTRONIC ACCESS VIA IP AUTHENTICATION FOR ALL USDA USERS TO SELECTED ANNUAL REVIEWS PUBLICATIONS,2/27/2025,,542685,115046,427639
DEPARTMENT OF AGRICULTURE,USDA-NAL - SUBSCRIPTION TO SCIVAL TOOL FOR ALL USDA USERS.,2/27/2025,,491857,168825,323032
DEPARTMENT OF AGRICULTURE,DEVELOP AND DELIVER A MULTI-DAY TRAINING PROGRAM FOR UP TO 25 USDA AMS DAIRY PROGRAM EMERGING LEADERS.,2/27/2025,,350552,284958,65594
DEPARTMENT OF AGRICULTURE,"CONTINUOUS, UN-MEDIATED AND UN-EMBARGOED AUTHENTICATED PERPETUAL ELECTRONIC ACCESS, FOR ALL USDA USERS AND PUBLIC ON-SITE USERS TO THE FULL CONTENT OF SPECIFIED JOURNALS PUBLISHED BETWEEN JANUARY 1, 2024 AND DECEMBER 31, 2028 BY MARY ANN LIEBERT, INC",2/27/2025,,196801,119247,77554
DEPARTMENT OF AGRICULTURE,DELIVERY ORDER - FEDLINK CONTRACT LCFDL23D0024 FOR ELECTRONIC ACCESS FOR ALL USDA USER TO THE PROQUEST GLOBAL NEWSTREAM DATABASE,2/27/2025,,174358,142167,32191
DEPARTMENT OF AGRICULTURE,RENEWAL OF ELECTRONIC ACCESS FOR ALL USDA USERS TO THE PROQUEST NATURAL SCIENCE COLLECTION. ACCOUNT NO# 149733.,2/27/2025,,132529,108061,24468
DEPARTMENT OF AGRICULTURE,"TO/DO COMPREHENSIVE WEB-BASED MEDIA CONTACT, MEDIA RELATIONS, RESPONSE STORAGE, IMPRESSIONS EVALUATION, SOCIAL MEDIA MONITORING, AND ANALYTICS SOFTWARE.",2/27/2025,,87619,0,87619
DEPARTMENT OF AGRICULTURE,"RENEW SUBSCRIPTION TO ITHENTICATE ""PRO"" EDITION SERVICE WITH 1000 DOCUMENT SUBMISSION CREDITS AND UP TO 500 USERS - CUSTOMER NUMBER: CN-477731.",2/27/2025,,55507,45052,10455
DEPARTMENT OF AGRICULTURE,Partnership for Public Trust - Leadership Training,2/28/2025,,1100000,165200,934800
DEPARTMENT OF AGRICULTURE,SUBSCRIPTION SERVICES CONTRACT FOR PRINT AND/OR ELECTRONIC JOURNAL PUBLICATIONS VIA IP AUTHENTICATION FOR ALL USDA USERS TO TITLES ON THE ATTACHED LIST FROM 10/02/2022 TO 10/01/2027. FOLLOW ON TO CONTRACT GS02F1402H AWARD 1232SB18F0019. COR/IPP APPRO,2/28/2025,,819258,213785,605473
DEPARTMENT OF AGRICULTURE,USDA NAL ROYAL SOCIETY OF CHEMISTRY SUBSCRIPTION RENEWAL,2/28/2025,,417199,0,417199
DEPARTMENT OF AGRICULTURE,SAGE PREMIER JOURNALS,2/28/2025,,249999,0,249999
DEPARTMENT OF AGRICULTURE,"RENEW: JSTOR SUBSCRIPTIONS TO LIFE SCIENCES ARCHIVE, ARTS & SCIENCES VII COLLECTION, AND GLOBAL PLANTS DATABASE",2/28/2025,,148433,60853,87580
DEPARTMENT OF AGRICULTURE,RENEW ELECTRONIC PERPETUAL ACCESS VIA THE INTERNET TO SPECIFIED CAMBRIDGE UNIVERSITY PRESS JOURNALS FOR USE BY ALL USDA EMPLOYEES FROM 09/28/2023 TO 09/27/2024 FOR CUSTOMER 2000017522 REPLACING EXPIRING CONTRACT 1232SB18C0013. COR/IPP APPROVER IS V,2/28/2025,,124860,79343,45517
DEPARTMENT OF AGRICULTURE,"ENTERPRISE-WIDE ELECTRONIC PERPETUAL ACCESS FOR ALL USDA AUTHORIZED USERS TO CSIRO CONTENT PUBLISHED IN SPECIFIED JOURNALS, AND ""READ AND PUBLISH"" AGREEMENT FOR ALL CSIRO JOURNALS PROVIDING UNLIMITED PUBLISHING OF USDA ARTICLES IN JOURNALS.",2/28/2025,,122483,98710,23773
DEPARTMENT OF AGRICULTURE,EMBASE DATABASE SUBSCRIPTION FOR NAL. AGREEMENT NO. 1-23335156147,2/28/2025,,90782,73787,16995
DEPARTMENT OF AGRICULTURE,"Leadership training with Partnership for Public Service, Course Title: Leading in a Hybrid Environment and Managing Change",2/28/2025,,55000,0,55000
DEPARTMENT OF AGRICULTURE,Excellence in Government Fellows Program,2/28/2025,,12900,0,12900
DEPARTMENT OF AGRICULTURE,Excellence in Government Fellows Program,2/28/2025,,12900,0,12900
DEPARTMENT OF AGRICULTURE,Excellence in Government Fellows Program,2/28/2025,,12900,0,12900
DEPARTMENT OF AGRICULTURE,"OXFORD UNIVERSITY PRESS SUBSCRIPTION, ELECTRONIC ACCESS FOR ALL USDA USERS TO SELECTED JOURNALS PUBLISHED BY OXFORD UNIVERSITY PRESS.",3/3/2025,,883180,673913,209267
DEPARTMENT OF AGRICULTURE,OBTAIN ELECTRONIC ACCESS VIA IP AUTHENTICATION FOR ALL USDA USERS TO SPECIFIED JOURNALS PUBLISHED BY THE AMERICAN SOCIETY FOR MICROBIOLOGY,3/3/2025,,444672,274647,170025
DEPARTMENT OF AGRICULTURE,ELECTRONIC ACCESS VIA IP AUTHENTICATION FOR ALL USDA USERS TO ALL SECTIONS OF JOVE JOURNAL OF VISUALIZED EXPERIMENTS AND SCIENCE EDUCATION,3/3/2025,,298375,59675,238700
DEPARTMENT OF AGRICULTURE,ENTERPRISE-WIDE ELECTRONIC PERPETUAL ACCESS FOR ALL USDA USERS TO SELECTED JOURNALS PUBLISHED BY AAAS FROM 3/15/2024 - 2/21/2025.,3/3/2025,,274088,170841,103247
DEPARTMENT OF AGRICULTURE,RENEW ELECTRONIC PERPETUAL ACCESS FOR ALL USDA USERS TO SELECTED PUBLICATIONS OF THE AMERICAN PHYTOPATHOLOGICAL SOCIETY. SUBSCRIBER NUMBER 059089.,3/3/2025,,249990,149994,99996
DEPARTMENT OF AGRICULTURE,RENEW - ELECTRONIC ACCESS VIA IP AUTHENTICATION FOR ALL USDA USERS TO THE AMERICAN SOCIETY OF AGRICULTURAL AND BIOLOGICAL ENGINEERS TECHNICAL LIBRARY WITH PERPETUAL ACCESS TO SUBSCRIBED.,3/3/2025,,244810,102286,142524
DEPARTMENT OF AGRICULTURE,"RENEW ELECTRONIC ACCESS VIA IP AUTHENTICATION FOR ALL USDA USERS TO JAMA, JAMA INTERNAL MEDICINE, AND JAMA PEDIATRICS WITH ACCESS TO CONTENT BACK THROUGH 1998 AND PERPETUAL ACCESS FROM 9/1/16 FORWARD, FROM 9/1/2023 - 8/31/2024. CUSTOMER NUMBER: 26816",3/3/2025,,223805,136932,86873
DEPARTMENT OF AGRICULTURE,"IMMEDIATE, CONTINUOUS, UNINTERRUPTED, UN-EMBARGOED, PERPETUAL ELECTRONIC ACCESS VIA IP AUTHENTICATION FOR ALL USDA USERS TO THE PROCEEDINGS OF THE NATIONAL ACADEMY OF SCIENCES. ACCOUNT 10074134.",3/3/2025,,100485,61480,39005
DEPARTMENT OF AGRICULTURE,"BLOOMBERG GOVERNMENT SUBSCRIPTION (THREE USERS) - CONGRESSIONAL SERVICES - CAPITOL HILL NEWS, LEGISLATIVE TRACKER, ETC.",3/4/2025,,67655,0,67655
DEPARTMENT OF AGRICULTURE,WIC Modernization Photo shoot-update payments schedule,3/5/2025,,142544,82250,60294
DEPARTMENT OF AGRICULTURE,Provide services to produce radio reports USDA-NRCS South Dakota.,3/5/2025,,21700,21700,0
DEPARTMENT OF AGRICULTURE,OCFO OFFICE OF CUSTOMER AND EMPLOYEE EXPERIENCE FRAMEWORK AND OPERATIONS SUPPORTBASE YEAR: 08/01/2024 - 07/31/2025OPTION YEAR 1: 08/01/2025 - 07/31/2026,3/5/2025,,170593,0,170593
DEPARTMENT OF AGRICULTURE,"PERFORM SERVICES NECESSARY ASSESS THE CURRENT CONDITION OF KNOWN SITES WITHIN THE THREE FIRES PROJECT BOUNDARY AND UPDATE OR RE-RECORD THE SITE REPORT DATA AS WELL AS CONDUCT A CULTURAL RESOURCES SURVEY, TO INCLUDE SITE RECORDS, A FINAL REPORT, AND M",3/5/2025,,54400,0,54400
DEPARTMENT OF AGRICULTURE,POD ACQUISITION SUPPORT SERVICES,3/5/2025,,592720,0,592720
DEPARTMENT OF AGRICULTURE,"THIS PROGRAM, WITH ITS STRONG SUCCESSFUL HISTORY IN THE AGENCY, WOULD NOT BE EXECUTED IN 2021. TWENTY POTENTIAL PARTICIPANTS WOULD MISS OUT ON THIS GROWTH AND DEVELOPMENT OPPORTUNITY. THE AGENCY WOULD MISS THE OPPORTUNITY TO ENHANCE THE SKILLS OF E",3/5/2025,,555103,0,555103
DEPARTMENT OF AGRICULTURE,"ACCELERATOR PROGRAM - FORENSIC ACCOUNTING, BASE YEAR (ONE YEAR FROM DATE OF AWARD)",3/7/2025,,10323578,6314656,4008922
DEPARTMENT OF AGRICULTURE,NRCS - BUSINESS PROCESS MODELING TOOL,3/11/2025,,471836,0,471836
DEPARTMENT OF AGRICULTURE,EXECUTIVE COACHING FOR EXECUTIVE ASSOCIATE FOR REGULATORY OPERATIONS (EARO) FROM OFO,3/11/2025,,9995,0,9995
DEPARTMENT OF AGRICULTURE,TEAM BUILDING FOR FINANCIAL SERVICES CENTER (FSC) AND ACCOUNTS PAYABLE MANAGEMENT BRANCH (APMB) LEADERSHIP,3/11/2025,,8700,0,8700
DEPARTMENT OF AGRICULTURE,"USDA/ OFFICE OF HOMELAND SECURITY (OHS): SECURITY MANAGEMENT, ADMINISTRATIVE AND TRAINING SUPPORT SERVICES",3/11/2025,,2449044,1996884,452160
DEPARTMENT OF AGRICULTURE,GIS ANALYST PROFESSIONAL SERVICES FOR OAI,3/11/2025,,572065,384403,187662
DEPARTMENT OF AGRICULTURE,"THE OFFICE OF PLANNING, ANALYSIS, AND RISK MANAGEMENT (OPARM) COORDINATES THE FOOD SAFETY AND INSPECTION SERVICE (FSIS)'S DATA COLLECTION, ANALYSIS, AND INTEGRATION ACTIVITIES ACROSS ALL PROGRAM AREAS. OPARM IS RESPONSIBLE FOR ENSURING DATA ANAL",3/11/2025,,1408070,1148102,259968
DEPARTMENT OF AGRICULTURE,CIO PMO PROJECT MANAGER SUPPORT,3/11/2025,,553401,0,553401
DEPARTMENT OF AGRICULTURE,R1 RO NEPA BDNF MOTORIZED VEHICLE USE TRAVEL PLAN EA AND GIS FOR LMNG MOTORIZED VEHICLE USE TRAVEL PLAN EA,3/11/2025,,118319,23002,95317
DEPARTMENT OF AGRICULTURE,SAVANNAH RIVER LEADERSHIP TEAM DEVELOPMENT TRAINING.,3/11/2025,,209069,0,209069
DEPARTMENT OF AGRICULTURE,NRM GIS DATA MGT. FOR DISASTER AND RECOVERY TEAM - PISGAH/NANTAHALA,3/11/2025,,87031,0,87031
DEPARTMENT OF AGRICULTURE,Handshake Subscription,1/31/2025,,217800,217800,0
DEPARTMENT OF AGRICULTURE,PROJECT MANAGEMENT OFFICE SUPPORT SERVICES - PMOSS,2/12/2025,,29892412,18404481,11487931
DEPARTMENT OF AGRICULTURE,GEOTASC PROVIDES NATIONAL LEADERSHIP AND GUIDANCE WITHIN THE FOREST SERVICE TO MAXIMIZE THE USE AND APPLICATION OF GEOSPATIAL SCIENCE IN LAND MANAGEMENT DECISION MAKING.,2/12/2025,,603097,335054,268043
DEPARTMENT OF AGRICULTURE,GARTNER INC EXECUTIVE PROGRAMS LEADERSHIP TEAM PLUS,2/12/2025,,451060,155555,295505
DEPARTMENT OF AGRICULTURE,POST BACHELORS RESEARCH ASSISTANT LEVEL 5 POSITION,2/18/2025,,1815716,939716,876000
DEPARTMENT OF AGRICULTURE,DEVELOP WEIGHTS FOR IRI TO STUDY FOOD PRICE ENVIRONMENT,2/18/2025,,1226175,172752,1053423
DEPARTMENT OF AGRICULTURE,"USDA, OFFICE OF GENERAL COUNCIL (OGC) TO PROCURE LEADERSHIP TRAINING, PERIOD OF PERFORMANCE 10/01/2024 - 05/09/2025.",2/18/2025,,144675,0,144675
DEPARTMENT OF AGRICULTURE,CONTRACTOR SUPPORT TO IMPROVE SERVICES PROVIDED THROUGH THE USDA WORKING CAPITAL FUND.,2/19/2025,,4998063,4000534,997529
DEPARTMENT OF AGRICULTURE,BPA CALL ORDER FOR STATE & COUNTY OFFICE SUPPORT - PERIOD OF PERFORMANCE 7/1/2024 - 6/16/2025. BPA CONTRACT # 12FPC424A0010,2/25/2025,,484311,0,484311
DEPARTMENT OF AGRICULTURE,GRAPHIC SUPPORT,2/25/2025,,21203,0,21203
DEPARTMENT OF AGRICULTURE,Excellence in Government Spring courses,2/28/2025,,12900,0,12900
DEPARTMENT OF AGRICULTURE,WIC Outreach Materials,3/5/2025,,142544,82250,60294
DEPARTMENT OF AGRICULTURE,Food safety campaign,3/5/2025,,1461155,448127,1013028
DEPARTMENT OF COMMERCE,DEIA Training,1/23/2025,,163478,9800,153678
DEPARTMENT OF COMMERCE,DEIA support services,1/29/2025,,421548,366000,55548
DEPARTMENT OF COMMERCE,NMFS HUMAN CAPITAL MANAGEMENT OFFICE (HCMO) DIVERSITY AND INCLUSION CONTRACTOR SUPPORT SERVICES,1/30/2025,,348400,164840,183560
DEPARTMENT OF COMMERCE,"In 2023 NOAA Fisheries released its first-ever national Equity and Environmental Justice (EEJ) Strategy to guide the agency as it focuses on serving all communities more equitably and effectively. Accordingly, the AKFSC will soon release the Alaska",1/31/2025,,1681746,1034304,647442
DEPARTMENT OF COMMERCE,THIS ORDER IS FOR DIVERSITY EQUITY INCLUSION AND ACCESSIBILITY WEBSITE AND STRATEGIC PLANNING. THIS ACTION IS TO ISSUE A STOP WORK ORDER.,1/31/2025,,1199116,400976,798140
DEPARTMENT OF COMMERCE,8A DIRECT AWARD TASK ORDER TO SUPPORT THE EEO DIVERSITY AND INCLUSION OFFICE.,1/31/2025,,600000,450000,150000
DEPARTMENT OF COMMERCE,The purpose of this Call Order (CO-0014) is to procure contractor services to assist the Census Bureau with performing cognitive interviews for American Community Survey (ACS) Sexual Orientation and Gender Identity (SOGI).,1/31/2025,,469145,0,469145
DEPARTMENT OF COMMERCE,Organizational Assessment Consulting Services- Patent Business Unit,2/3/2025,,4563079,2341041,2222038
DEPARTMENT OF COMMERCE,"COUNCIL FOR INCLUSIVE INNOVATION (CI2) PUBLIC RELATIONS FORM CONTRACT. THE PURPOSE OF THIS MODIFICATION IS TO TERMINATE FOR CONVENIENCE AS A RESULT OF THE EXECUTIVE ORDER FOR DIVERSITY, EQUITY, INCLUSIONS AND ACCESSIBILITY.",2/4/2025,,3430745,1502834,1927911
DEPARTMENT OF COMMERCE,"VIDEO PRODUCTION. THIS MODIFICATION IS TO COMPLY WITH THE DIVERSITY, EQUITY, INCLUSION, AND ACCESSIBILITY (DEIA) EXECUTIVE ORDERS.",2/6/2025,,20000000,20000000,0
DEPARTMENT OF COMMERCE,"VIDEO PRODUCTION. THIS MODIFICATION IS TO COMPLY WITH THE DIVERSITY, EQUITY, INCLUSION, AND ACCESSIBILITY (DEIA) EXECUTIVE ORDERS.",2/6/2025,,20000000,20000000,0
DEPARTMENT OF COMMERCE,"VIDEO PRODUCTION. THIS MODIFICATION IS TO COMPLY WITH THE DIVERSITY, EQUITY, INCLUSION, AND ACCESSIBILITY (DEIA) EXECUTIVE ORDERS.",2/6/2025,,20000000,20000000,0
DEPARTMENT OF COMMERCE,"EDUCATOR ENGAGEMENT SERVICES. THIS MODIFICATION IS TO COMPLY WITH THE DIVERSITY, EQUITY, INCLUSION, AND ACCESSIBILITY (DEIA) EXECUTIVE ORDERS.",2/6/2025,,4125438,26600,4098838
DEPARTMENT OF COMMERCE,"TASK ORDER FOR STUDY ON DIVERSITY, EQUITY, INCLUSION, BELONGING, ACCESSIBILITY, AND JUSTICE ON THE NATIONAL ACADEMY OF SCIENCES (NAS) INDEPENDENT SCIENCE STUDIES (NASISS) IDIQ FOR NOAA/OAR",2/6/2025,,300000,0,300000
DEPARTMENT OF COMMERCE,"ENGAGEMENT INSTITUTE ANNUAL MEMBERSHIP. THIS MODIFICATION IS TO COMPLY WITH THE DIVERSITY, EQUITY, INCLUSION, AND ACCESSIBILITY (DEIA) EXECUTIVE ORDERS.",2/6/2025,,111000,76500,34500
DEPARTMENT OF COMMERCE,"NON-PERSONAL SERVICES FOR JEDI TRAININGIN ACCORDANCE WITH EXECUTIVE ORDER AND OPM MEMORANDUM PROVIDING GUIDANCE REGARDING DEIA EXECUTIVE ORDERS, NOAA CONTRACT NO. 1305M323PNRMN0583 IS HEREBY TERMINATED FOR THE CONVENIENCE OF THE GOVERNMENT, EFFEC",2/6/2025,,106250,0,106250
DEPARTMENT OF COMMERCE,"TALENT ACQUISITION PLATFORM (LINKEDIN) THIS MODIFICATION IS TO COMPLY WITH THE DIVERSITY, EQUITY, INCLUSION, AND ACCESSIBILITY (DEIA) EXECUTIVE ORDERS.",2/7/2025,,611340,102577,508763
DEPARTMENT OF COMMERCE,"ORGANIZATIONAL ASSESSMENT CONSULTING SERVICES (OACS), MOD P25002PARTIAL TERMINATION FOR GOVERNMENT'S CONVENIENCE. THIS MODIFICATION IS TO COMPLY WITH THE DIVERSITY, EQUITY, INCLUSION, AND ACCESSIBILITY (DEIA) EXECUTIVE ORDERS.",2/10/2025,,25000000,25000000,0
DEPARTMENT OF COMMERCE,YOUTH WORK EXPERIENCE - YOUTH JOB PARTNERSHIP,2/12/2025,,3825140,1238320,2586820
DEPARTMENT OF COMMERCE,OFFICE OF PATENT FINANCIAL MANAGEMENT MANAGEMENT AND ADMINISTRATIVE SUPPORT SERVICES.,2/14/2025,,4282584,3305891,976693
DEPARTMENT OF COMMERCE,PATENT PRODUCT LINE MANAGEMENT SUPPORT SERVICES,2/14/2025,,3537094,3213264,323830
DEPARTMENT OF COMMERCE,ORGANIZATIONAL CLIMATE ASSESSMENT,2/14/2025,,990087,0,990087
DEPARTMENT OF COMMERCE,MEP NATIONAL NETWORK KNOWLEDGE MANAGEMENT ENHANCEMENT (KME) SUPPORT SERVICES,2/14/2025,,579882,0,579882
DEPARTMENT OF COMMERCE,"STUDY ON EQUITABLE DISTRIBUTION OF FISHERIES MANAGEMENT, PHASE 2",2/14/2025,,439282,0,439282
DEPARTMENT OF COMMERCE,MEP CENTER DIRECTOR SUPPORT SERVICES,2/14/2025,,398502,0,398502
DEPARTMENT OF COMMERCE,THIS IS A BASE AWARD BLANKET PURCHASE AGREEMENT CALL ORDER FOR SUPERVISORY CERTIFICATE PROGRAM SERVICES SUPPORT,2/14/2025,,330694,62988,267706
DEPARTMENT OF COMMERCE,OSIM PROGRAM MANAGEMENT OFFICE (PMO) SUPPORT SERVICES,2/14/2025,,299877,0,299877
DEPARTMENT OF COMMERCE,MANUFACTURING EXTENSION PARTNERSHIP (MEP) TAB WILKINS EMERGING LEADER PROGRAM (TWELP) SUPPORT SERVICES,2/14/2025,,244990,0,244990
DEPARTMENT OF COMMERCE,Subscription services,2/14/2025,,219925,113595,106330
DEPARTMENT OF COMMERCE,MEP BOARD DEVELOPMENT SUPPORT SERVICES,2/14/2025,,176419,0,176419
DEPARTMENT OF COMMERCE,Subscription services,2/14/2025,,50920,0,50920
DEPARTMENT OF COMMERCE,INFORMATION TECHNOLOGY BENCHMARKING ANALYSIS,2/14/2025,,35000,0,35000
DEPARTMENT OF COMMERCE,THIS EFFORT IS THE PROCUREMENT OF TAX SUBJECT MATTER EXPERTS TO PROVIDE EXPERTISE AND GUIDANCE TO ANY TAX QUESTIONS AND IMPLICATIONS OF EMPLOYEE RELOCATION AND TEMPORARY TOUR OF DUTY OR LONG-TERM TOUR OF DUTY ASSIGNMENTS.,2/14/2025,,13733,3822,9911
DEPARTMENT OF COMMERCE,BLANKET PURCHASE AGREEMENT (BPA) FOR STRATEGIC FORESIGHT AND PERFORMANCE MANAGEMENT CONSULTANT SERVICES,2/18/2025,,9900000,9900000,0
DEPARTMENT OF COMMERCE,FACILITATED DISCUSSION GROUPS COVERING SPECIAL DIFFICULT TOPICS FACILITATED BY LICENSED CLINICIANS,2/18/2025,,9990,5550,4440
DEPARTMENT OF COMMERCE,"COST ADMINISTRATION SUPPORT, BUDGET, FINANCIAL MANAGEMENT, COST MANAGEMENT AND IT INVESTMENT SUPPORT SERVICES",2/20/2025,,4499999,1104755,3395244
DEPARTMENT OF COMMERCE,THIS IS BLANKET PURCHASE AGREEMENT FOR SUPERVISORY CERTIFICATE PROGRAM SUPPORT SERVICES,2/20/2025,,325000,0,325000
DEPARTMENT OF COMMERCE,11-SEAT POLITICO PRO PREMIUM SUBSCRIPTION,2/20/2025,,227128,142835,84293
DEPARTMENT OF COMMERCE,PUBLICATION SERVICES,2/21/2025,,764664,494688,269976
DEPARTMENT OF COMMERCE,EXPERT CONSULTING WITNESS SERVICES,2/25/2025,,1808,0,1808
DEPARTMENT OF COMMERCE,A CONSENSUS STUDY ON A VISION FOR THE MANUFACTURING USA PROGRAM IN 2030 AND 2035,2/26/2025,,1776510,0,1776510
DEPARTMENT OF COMMERCE,THIS REQUIREMENT IS FOR CONSULTING SERVICES TO THE BERDS (BERDIS) PROGRAM.,2/27/2025,,3819553,2083305,1736248
DEPARTMENT OF COMMERCE,RESEARCH AND FEASIBILITY STUDY,2/27/2025,,182023,5166,176857
DEPARTMENT OF COMMERCE,Federal Human Capital Collaborative,2/28/2025,,89000,44450,44550
DEPARTMENT OF COMMERCE,LIGHTCAST SOFTWARE TOOL,2/28/2025,,30000,0,30000
DEPARTMENT OF COMMERCE,NIST MEP CENTER LEADERSHIP TEAM (CLT) AND NIST MEP LEADERSHIP TEAM SUPPORT TO OPERATIONALIZE THE NATIONAL NETWORK STRATEGY SUPPORT SERVICES,3/3/2025,,521356,0,521356
DEPARTMENT OF COMMERCE,INPO MEMBERSHIP/ SERVICES,3/3/2025,,75500,0,75500
DEPARTMENT OF COMMERCE,WORKPLACE MANAGEMENT BPA,3/4/2025,,1000000,0,1000000
DEPARTMENT OF COMMERCE,(Purchase Order) NONPERSONAL SERVICES TO COMPLETE MANUSCRIPT PRESENTING,3/7/2025,,199160,132210,66950
DEPARTMENT OF COMMERCE,CYBERSECURITY AWARENESS ANNUAL TRAINING SUBSCRIPTION,3/11/2025,,550770,457545,93225
DEPARTMENT OF COMMERCE,INDUSTRY INFORMATION SECURITY ANNUAL SUBSCRIPTION SERVICE,3/11/2025,,395116,316093,79023
DEPARTMENT OF COMMERCE,ENTERPRISE ARCHITECTURE RESEARCH SERVICES FOR TECHNOLOGY AND PRODUCTS,3/11/2025,,217044,46813,170231
DEPARTMENT OF COMMERCE,FY24 CIS BENCHMARKS ANNUAL SUBSCRIPTION RENEWAL,3/11/2025,,12100,0,12100
DEPARTMENT OF COMMERCE,KTMINE DATABASE,3/11/2025,,96000,72000,24000
DEPARTMENT OF COMMERCE,PURPLE TEAM SERVICES,3/11/2025,,5023713,2636536,2387177
DEPARTMENT OF COMMERCE,POLITICO SUBSCRIPTION,3/11/2025,,156350,0,156350
DEPARTMENT OF COMMERCE,LEADERSHIP DEVELOPMENT AND ORGANIZATIONAL SUPPORT,2/13/2025,,4559012,1894647,2664365
DEPARTMENT OF COMMERCE,"VIDEO AND DIGITAL MEDIA COMMUNICATIONS SUPPORT: VIDEO PRODUCTION, & PODCASTS PRODUCTION",2/13/2025,,3204694,2598174,606520
DEPARTMENT OF COMMERCE,DEIA ASSESSMENTS,2/13/2025,,749911,0,749911
DEPARTMENT OF COMMERCE,"PROVIDE SCIENCE-RELATED COMMUNICATION SERVICES FOR CPO, PER ATTACHMENT 1 - PERFORMANCE WORK STATEMENT. Company is associated with others not in-line with the President's Agenda",2/13/2025,,643880,107313,536567
DEPARTMENT OF COMMERCE,BPA CALL ORDER FOR SCIENCE RELATED COMMUNICATION SERVICES. Company is associated with others not in-line with the President's Agenda,2/13/2025,,643158,0,643158
DEPARTMENT OF COMMERCE,NATIONAL ACADEMY OF SCIENCES (NAS) - STUDY ON DROUGHT AND CLIMATE CHANGE,2/13/2025,,500000,0,500000
DEPARTMENT OF COMMERCE,Provided training on Equity and Environmental justice,2/13/2025,,184000,0,184000
DEPARTMENT OF COMMERCE,NON-PERSONAL SERVICES TO REVISE AND UPDATE THE ATLANTIS ECOSYSTEM MODEL TO SUPPORT NOAA'S EARTH SYSTEM MODEL FRAMEWORK TO PROJECT THE RESPONSE OF FISHES AND FOOD WEBS UNDER SCENARIOS OF FUTURE CLIMATE CHANGE AND INVASIVE SPECIES,2/13/2025,,27000,0,27000
DEPARTMENT OF COMMERCE,PURCHASE INCENTIVES FOR CMP SURVEY,2/13/2025,,22000,0,22000
DEPARTMENT OF COMMERCE,PROFESSIONAL SERVICES,2/14/2025,,5060544,2745283,2315261
DEPARTMENT OF COMMERCE,STAFF SUPPORT SERVICES,2/14/2025,,2383700,1854912,528788
DEPARTMENT OF COMMERCE,THE OFFICE OF PATENT INFORMATION MANAGEMENT REQUIRES UPDATES TO ESTABLISHED POLICY AND PROCEDURES TO IMPLEMENT THE MODERNIZATION OF PATENT SYSTEMS AND PROCESSES.,2/14/2025,,2140897,575468,1565429
DEPARTMENT OF COMMERCE,"SCIENTIFIC, ENGINEERING, AND TECHNICAL SUPPORT, TASK ORDER FOR NOAA'S UXSRTO",2/14/2025,,2014381,1073496,940885
DEPARTMENT OF COMMERCE,STRATEGIC PROGRAM MANAGEMENT SUPPORT SERVICES,2/14/2025,,1974630,858927,1115703
DEPARTMENT OF COMMERCE,NTIA INDEPENDENT IT ORGANIZATIONAL AND TECHNICAL ASSESSMENT,2/14/2025,,1744700,750000,994700
DEPARTMENT OF COMMERCE,FISCAL YEAR OMBI REPORTS SERVICES,2/14/2025,,1368838,925637,443201
DEPARTMENT OF COMMERCE,PROJECT MANAGEMENT/PROGRAM MANAGEMENT,2/14/2025,,1052914,631748,421166
DEPARTMENT OF COMMERCE,NOS/AA - PROGRAM OFFICE COORDINATION AND OPERATIONS SUPPORT SERVICES,2/14/2025,,846483,227750,618733
DEPARTMENT OF COMMERCE,SUPPORT SERVICES,2/14/2025,,694831,184056,510775
DEPARTMENT OF COMMERCE,COST-BENEFIT ANALYSIS AND TECHNICAL ADVISORY SERVICES,2/14/2025,,660000,0,660000
DEPARTMENT OF COMMERCE,"SCIENCE, ENGINEERING, AND TECHNICAL SUPPORT SERVICES (SETSS)",2/14/2025,,590273,446920,143353
DEPARTMENT OF COMMERCE,PROGRAM MANAGER FOR NURSING PROGRAM,2/14/2025,,567840,189280,378560
DEPARTMENT OF COMMERCE,"TASK ORDER FOR TECHNOLOGY PROGRAM OFFICE (TPO) OUTREACH COORDINATOR ON THE SCIENCE, ENGINEERING AND TECHNICAL SUPPORT SERVICES (SETSS) INDEFINITE DELIVERY INDEFINITY QUANTITY (IDIQ) CONTRACT",2/14/2025,,466884,158625,308259
DEPARTMENT OF COMMERCE,Gartner Subscription,2/14/2025,,383228,0,383228
DEPARTMENT OF COMMERCE,IT Subscription and Advisory Services,2/14/2025,,279858,0,279858
DEPARTMENT OF COMMERCE,DEVELOPMENT OF PIFSC STRATEGIC AND IMPLEMENTATION PLANS,2/14/2025,,277521,130490,147031
DEPARTMENT OF COMMERCE,EEJ PROJECT CULTURAL LIAISON FOR PIROBASE YEAR,2/14/2025,,249977,146322,103655
DEPARTMENT OF COMMERCE,OFFICE OF FACILITIES STAFFING ANALYSIS,2/14/2025,,199867,0,199867
DEPARTMENT OF COMMERCE,IMPLEMENTATION PHASE,2/14/2025,,199024,0,199024
DEPARTMENT OF COMMERCE,THE PURPOSE OF THE REQUIREMENT IS TO PROVIDE NOAA WITH A GOLD STANDARD PARTNERSHIP AT THE ANNUAL HACU CONFERENCE TO ATTRACT STEM STUDENTS TO NOAA.,2/14/2025,,140000,105000,35000
DEPARTMENT OF COMMERCE,DEIA ANALYSIS SUPPORT SERVICES FOR THE FEDERAL LABORATORY CONSORTIUM,2/14/2025,,121093,9167,111926
DEPARTMENT OF COMMERCE,SUPPORT- PROFESSIONAL: ENGINEERING/TECHNICAL,2/14/2025,,112500,0,112500
DEPARTMENT OF COMMERCE,Gartner for Financial Leaders,2/14/2025,,105465,0,105465
DEPARTMENT OF COMMERCE,Gartner Subscription,2/14/2025,,105465,0,105465
DEPARTMENT OF COMMERCE,IT Subscription and Consulting,2/14/2025,,99567,0,99567
DEPARTMENT OF COMMERCE,RE-CREATION OF ORIGINAL FPDS FROM 02/08/2022PROGRAM SUPPORT FOR GLOBAL ATMOSPHERE WATCH PRECIP CHEMISTRY PROGRAM,2/14/2025,,96639,0,96639
DEPARTMENT OF COMMERCE,SPECIAL STUDIES/ANALYSIS- SCIENTIFIC DATA,2/14/2025,,81000,0,81000
DEPARTMENT OF COMMERCE,"ARCHIBUS. PLANNING, IMPLEMENTATION AND SUPPORT SERVICES OF A DATA SYNCHRONIZING INTEGRATION TOOL LINKING BUILDER TO OTHER NOAA MANAGEMENT SYSTEMS",2/14/2025,,80922,55998,24924
DEPARTMENT OF COMMERCE,"TASK ORDER CALL AGAINST: BPA 47QRAA19D007T, NONPERSONAL SERVICES, FOR COACHING SERVICES FOR MULTIPLE PSL STAFF TRANSITIONING TO A SUPERVISORY POSITION IN ACCORDANCE WITH THE STATEMENT OF WORK (SOW).",2/14/2025,,36805,5257,31548
DEPARTMENT OF COMMERCE,SUPPORT- PROFESSIONAL: ENGINEERING/TECHNICAL,2/14/2025,,19200,0,19200
DEPARTMENT OF COMMERCE,CONSULTATIVE AND RESEARCH SERVICES,2/14/2025,,5000,0,5000
DEPARTMENT OF COMMERCE,LINKEDIN SUBSCRIPTION SERVICE,3/11/2025,,130338,0,130338
DEPARTMENT OF COMMERCE,ISBM ANNUAL SUBSCRIPTION,3/11/2025,,100000,20000,80000
DEPARTMENT OF COMMERCE,"FISCALNOTE/CG ROLL CALL CONGRESSIONAL BUDGET TRACKER, TRANSCRIPTS AND TESTIMONY SUBSCRIPTION SERVICES",3/11/2025,,51790,0,51790
DEPARTMENT OF COMMERCE,SPECIAL STUDIES/ANALYSIS- SCIENTIFIC DATA,3/11/2025,,109374,24059,85315
DEPARTMENT OF COMMERCE,"GARTNER, INC. RESEARCH SUBSCRIPTION",3/11/2025,,1085085,0,1085085
DEPARTMENT OF DEFENSE,DEIA Training,1/24/2025,,3615921,2233350,1382571
DEPARTMENT OF DEFENSE,AFDW/PKS S. ROSS/ B.DEVALLON - NEWS SUBSCRIPTION SERVICE,2/20/2025,,34400,0,34400
DEPARTMENT OF DEFENSE,"TECHNICAL, ADMINISTRATIVE AND PROFESSIONAL SUPPORT SERVICES TO OFFICE OF THE UNDER SECRETARY OF DEFENSE FOR INTELLIGENCE & SECURITY (OUSD)(I&S) ENTERPRISE",3/6/2025,,856000,0,856000
DEPARTMENT OF DEFENSE,"Blanket Purchase Agreement for Purchase Card Use CulturePoint provided Leadership, Inclusion, and Performance Training for Up to 35 participants per session. The program office ordered training using a credit card. They are aware that this agreement is canceled. Diversity, Equity and Inclusion Training",2/6/2025,,130000,0,130000
DEPARTMENT OF DEFENSE,Department of Defense (DoD) Voluntary Education Support Services (VolEd),2/12/2025,,13318430,5283984,8034446
DEPARTMENT OF DEFENSE,Non-personal services for a Government Training and Workshop Outward Performance and Outward Inclusion Facilitation for the Walter Reed Army Institute of Research.,2/12/2025,,621140,234268,386872
DEPARTMENT OF DEFENSE,Initiate the EEO process and provide Counseling Services and Reports,2/12/2025,,283234,283234,0
DEPARTMENT OF DEFENSE,OPTION YR 1 SUBSCRIPTION TO E&E NEWS,2/12/2025,,134100,73421,60679
DEPARTMENT OF DEFENSE,"The Southwest Division has a requirement to procure the Politico Pro Plus subscription through Politico, LLC. Politico Pro allows division to receive information on regulatory and legislative news that impacts our agency.",2/12/2025,,101820,64620,37200
DEPARTMENT OF DEFENSE,Politico Pro Plus- Digitial Access 8-use,2/12/2025,,27820,0,27820
DEPARTMENT OF DEFENSE,12-month subscription for computer-based (online) legal research assistance tool,2/20/2025,,150611,0,150611
DEPARTMENT OF DEFENSE,"Westlaw is an essential tool for our EEO office, providing the critical precedent needed to properly evaluate, accept, or dismiss discrimination complaints in accordance with 29 CFR 1614.",2/20/2025,,81835,0,81835
DEPARTMENT OF DEFENSE,Westlaw Legal Research Subscription,2/20/2025,,62189,50934,11255
DEPARTMENT OF DEFENSE,POLITICO Pro Analysis Plan,2/20/2025,,20295,6765,13530
DEPARTMENT OF DEFENSE,"Joint Acquisition Intelligence Center (JAIC) Data Readiness for Artificial Intelligence Development (DRAID): This contract helps the DoD and Government users prepare data for use in AI applications by providing an easily accessible path to access the cutting-edge commercial services needed to meet the complex technical challenges involved in preparing data for AI. Through access to AI data preparation tools, capabilities, and services, the DoD will be positioned to effectively prepare AI data to support the full range of AI activities across the DoD. The scope of this PWS shall encompass all tasks needed to create, acquire, curate, prepare, manage, or secure data sets for use in DoD AI models and application development, testing, certification, and operation. Examples of such tasks include but are not exclusive to Extract Transform Load (ETL) and Data Engineering Development, Database Design and Development, Data Science Development, Data Analysis, Data collection and curation, and Project and Outreach Program Management. For the execution of DoD Task Orders, these activities shall be performed while maintaining appropriate security and ethical considerations, including Federal and DoD regulations governing cyber security, information security, operational security, ethical standards of conduct, conflicts of interest, and AI Ethical Principles.",2/26/2025,,15000000,0,15000000
DEPARTMENT OF DEFENSE,Legal Research Service,2/26/2025,,7760,0,7760
DEPARTMENT OF DEFENSE,Membership in the Federal Human Capital Collaborative for Public Service,2/28/2025,,248735,149241,99494
DEPARTMENT OF DEFENSE,Other Management Support Services,2/28/2025,,28750,0,28750
DEPARTMENT OF DEFENSE,Online library subscription,3/5/2025,,106948,45930,61018
DEPARTMENT OF DEFENSE,CSO - AUTOMATED SOLUTION FOR COLD CULTIVATION CULTUROMICS U437N00,3/7/2025,,598834,0,598834
DEPARTMENT OF DEFENSE,"BAA-24-0023 A MULTI-DECADAL RE-ANALYSIS OF WATER QUALITY AND HEALTH RISKS IN AN URBAN, COA... Read More",3/7/2025,,251487,121429,130058
DEPARTMENT OF DEFENSE,EMBEDDED ENTREPRENEURSHIP INITIATIVE,3/7/2025,,883979,0,883979
DEPARTMENT OF DEFENSE,TUITION AND FEES,3/7/2025,,562660,0,562660
DEPARTMENT OF EDUCATION,DEIA Training,1/23/2025,,180550,103292,77258
DEPARTMENT OF EDUCATION,DEIA Training,1/23/2025,,46300,16700,29600
DEPARTMENT OF EDUCATION,Decision Support Subscription,2/5/2025,,623191,498553,124638
DEPARTMENT OF EDUCATION,"Training catalog for workforce competencies at various levels, including entry-level employees, team leaders, supervisors, managers, and senior executives.",2/5/2025,,307542,0,307542
DEPARTMENT OF EDUCATION,"The Design and Conduct of the Early Childhood Longitudinal Study, Kindergarten Class of 2022-23 provides important information on children¿s early learning and development, preschool/early care and education experiences, transition into kindergarten, and progress through the elementary grades, building upon knowledge acquired from the previous Early Childhood Longitudinal Studies.",2/11/2025,,57549829,13581831,43967998
DEPARTMENT OF EDUCATION,This contract is for An Impact Evaluation of Training in Multi-Tiered Systems of Support for Reading in Early Elementary School (MTSS-R),2/11/2025,,54525960,15838568,38687392
DEPARTMENT OF EDUCATION,"2019-20 National Postsecondary Student Aid Study (NPSAS 2020). The NPSAS 2020 contract is designed to fulfill a requirement to conduct a series of studies, based largely on administrative data collections and some student interviews, to comply with the Higher Education Opportunity Act of 2008. These studies are designed to describe (1) how students and their families finance postsecondary education and (2) students' persistence, attainment, and workforce outcomes.",2/11/2025,,48496941,6391935,42105006
DEPARTMENT OF EDUCATION,This contract is to design and evaluate the effectiveness of transition supports for youth with disabilities served under the Individuals with Disabilities Education Act (IDEA).,2/11/2025,,43357636,38468659,4888977
DEPARTMENT OF EDUCATION,Assistance with review of grant applications.,2/11/2025,,29440811,22588869,6851942
DEPARTMENT OF EDUCATION,International Activities Core Support - Base plus four option years.,2/11/2025,,27654305,22109549,5544756
DEPARTMENT OF EDUCATION,What Works Clearinghouse Supporting and Analyzing Grantee Evaluations (WWC-SAGE),2/11/2025,,23319641,23319641,0
DEPARTMENT OF EDUCATION,"Assessing the Effectiveness in the Evaluation of Adult Education. The Department of Education (ED) is conducting a National Assessment of Adult Education. As part of this assessment, we would like to identify promising adult education strategies and design approaches to evaluate them rigorously and options to conduct up to two impact evaluations. The results of this study will be provided as a National Assessment of Adult Education report to Congress.",2/11/2025,,22739370,14830356,7909014
DEPARTMENT OF EDUCATION,Feasibility and conduct of an impact evaluation of teacher residency programs or professional development for classroom teachers. Contract assess the feasibility of conducting an impact evaluation of teacher residency programs and study design work to identify professional development for classroom teachers that complements existing policy and research,2/11/2025,,19990472,13296858,6693614
DEPARTMENT OF EDUCATION,"EDUCATION DEMOGRAPHIC AND GEOGRAPHIC ESTIMATES, GEOSPATIAL IT SUPPORT",2/11/2025,,19220083,18239982,980101
DEPARTMENT OF EDUCATION,"An implementation and impact evaluation study of the 21st Century Community Learning Centers (21st CCLC) program. The services include intervention implementation, execution, and data collection for the impact study.",2/11/2025,,18721765,6017720,12704045
DEPARTMENT OF EDUCATION,"Technical assistance and expert advice to support the projects of the Statistical Standards and Data Confidentiality Staff (SSDCS) related to statistical standards, confidentiality, and data security.",2/11/2025,,17147304,13282175,3865129
DEPARTMENT OF EDUCATION,An Impact Evaluation to Inform the Teacher and School Leader Incentive Program,2/11/2025,,15906294,5923413,9982881
DEPARTMENT OF EDUCATION,Trends in International Mathematics and Science Study (TIMSS) 2023,2/11/2025,,15684003,1910574,13773429
DEPARTMENT OF EDUCATION,"The purpose of this Contract is to provide technical assistance and expert advice to support the projects of the Statistical Standards and Data Confidentiality Staff (SSDCS) related to statistical standards, confidentiality, and data security.",2/11/2025,,15255315,11483849,3771466
DEPARTMENT OF EDUCATION,Comprehensive Literacy Program Evaluation The purpose of the Striving Readers Comprehensive Literacy (SRCL) program is to provide support for the implementation of high-quality comprehensive literacy instruction programs to advance literacy skills for all children from birth through grade 12 with a special emphasis on disadvantaged children.,2/11/2025,,14359403,1233297,13126106
DEPARTMENT OF EDUCATION,"Scholarships for Opportunity and Results (SOAR) Re-Authorization Act, Evaluating the DC Opportunity Scholarship Program",2/11/2025,,14359354,10610256,3749098
DEPARTMENT OF EDUCATION,COMMON EDUCATION DATA STANDARDS SUPPORT SERVICES,2/11/2025,,14082522,13352946,729576
DEPARTMENT OF EDUCATION,LONGITUDINAL SURVEYS BRANCH TECHNICAL AND LOGISTICAL SUPPORT,2/11/2025,,13090920,10044121,3046799
DEPARTMENT OF EDUCATION,"Post High School Outcomes for Youth with Disabilities. This contract will collect administrative records and describe the secondary school, postsecondary education, and employment and earning outcomes of a sample of high school youth with disabilities.",2/11/2025,,12636994,3974985,8662009
DEPARTMENT OF EDUCATION,The Development And Technical Assistance in Leveraging Analysis Based Websites (Datalab) requirement provides web-based data analysis tools for survey studies fielded by the National Center for Education Statistics (NCES).,2/11/2025,,10286679,2721387,7565292
DEPARTMENT OF EDUCATION,THE PURPOSE OF THIS PROCUREMENT IS TO PROVIDE IMPLEMENTATION SUPPORT FOR THE PRODUCTION AND DISSEMINATION OF REPORTS AND WEB PRODUCTS ON EDUCATIONAL TOPICS FOR THE ANNUAL REPORTS AND INFORMATION STAFF PROGRAM.,2/11/2025,,10257928,11592863,-1334935
DEPARTMENT OF EDUCATION,"Evaluation of Title I Pilots That Provide Flexibility Under the Every Student Succeeds Act - Contract to conduct an evaluation of up to two pilot programs authorized by the Every Student Succeeds Act: (1) Innovative Assessment and Accountability Demonstration Authority; (2) Flexibility for Equitable Per-Pupil Funding. The evaluation will focus on describing implementation in initial pilot sites, challenges faced, and approaches to mitigating challenges.",2/11/2025,,7259101,4250844,3008257
DEPARTMENT OF EDUCATION,ENGLISH LEARNER,2/11/2025,,6791206,4895255,1895951
DEPARTMENT OF EDUCATION,"This is a contract to develop design options and assess the feasibility of conducting an impact study of magnet schools, particularly those awarded grants in FY2016 and FY2017 through the federal Magnet Schools Assistance Program (MSAP).",2/11/2025,,6312018,822004,5490014
DEPARTMENT OF EDUCATION,This task order supports the National Household Education Surveys (NHES) and the National Training and Education Workforce Surveys (NTEWS) conducted by the Cross-Sectional Surveys Branch (CSB) within the Sample Surveys Division of the (NCES).,2/11/2025,,6057647,1935147,4122500
DEPARTMENT OF EDUCATION,"The purpose of this requirement is to provide support to the Administrative Data Division (ADD/El-Sec) staff to ensure data quality, improve statistical methodology, and increase production efficiency of data files and reports.",2/11/2025,,5842394,3228093,2614301
DEPARTMENT OF EDUCATION,"What Works Clearinghouse Tool, Online Assistance, Standards, and Training (WWC-TOAST) Task Order 3",2/11/2025,,4974944,2465302,2509642
DEPARTMENT OF EDUCATION,A REQUIREMENT TO OBTAIN LOGISTICS SUPPORT AND SERVICES TO WORK WITH NCES IN FULFILLING ITS MISSION.,2/11/2025,,4666949,1783525,2883424
DEPARTMENT OF EDUCATION,Technical Assistance for Education Innovation and Research (EIR) Program Grantees,2/11/2025,,4499965,617283,3882682
DEPARTMENT OF EDUCATION,Support for Education Department central automated processing system (EDCAPS) technical program management services.,2/11/2025,,4498436,1839655,2658781
DEPARTMENT OF EDUCATION,"THE PURPOSE OF THE ADMINISTRATIVE DATA IMPROVEMENT REQUIREMENT IS TO IMPROVE THE QUALITY, COMPARABILITY, AND ACCESSIBILITY OF ELEMENTARY AND SECONDARY EDUCATION DATA.",2/11/2025,,4377019,961364,3415655
DEPARTMENT OF EDUCATION,"EDGMSS BPA, EVALUATION TECHNICAL ASSISTANCE FOR EIR GRANTS FY 2021 COHORT TASK ORDER",2/11/2025,,4216734,1692247,2524487
DEPARTMENT OF EDUCATION,"INTERNATIONAL ACTIVITIES RESEARCH, EVALUATION, AND QUALITY CONTROL SUPPORT CONTRACT",2/11/2025,,4185611,3537328,648283
DEPARTMENT OF EDUCATION,Impact Study of Strategies to Accelerate Math Learning: Phase IV Activities,2/11/2025,,3999344,3999344,0
DEPARTMENT OF EDUCATION,THE PURPOSE OF THIS REQUIREMENT IS TO SUPPORT THE NEWLY ESTABLISHED IES COMMUNICATIONS MANAGEMENT OFFICE BY PROVIDING CONTENT DEVELOPMENT AND DEPLOYMENT SUPPORT.,2/11/2025,,3836117,3482782,353335
DEPARTMENT OF EDUCATION,"The purpose of this task order is to prepare publications that are informed by a systematic review of evidence on the impacts of instructional practices and routines that promote student learning and engagement in Science, Technology, Engineering, and Mathematics (STEM) in grades K-8th.",2/11/2025,,3778833,2490906,1287927
DEPARTMENT OF EDUCATION,WWC-PESTO Task Order 1 (Abt),2/11/2025,,3749760,1228463,2521297
DEPARTMENT OF EDUCATION,The purpose of this Task Order is to conduct systematic reviews of evidence and meetings of a panel of researchers and practitioners to produce a practice guide. WWC PESTO TO4 - English Language and Literacy Interventions in Kindergarten to Grade 3,2/11/2025,,3742166,2482552,1259614
DEPARTMENT OF EDUCATION,What Works ClearinghouseTM Preschool-to-Postsecondary Evidence Synthesis Task Orders: Task Order 05: Supporting Student Success in High School Classrooms,2/11/2025,,3711302,2585973,1125329
DEPARTMENT OF EDUCATION,Task Order 2: College and Career Readiness for Secondary School Students requirement under the What Works ClearinghouseÃ¢â¿¿Â¢ Preschool-to-Postsecondary Evidence Synthesis Task Orders (WWC PESTO) Blanket Purchase Agreement (BPA).,2/11/2025,,3413508,943689,2469819
DEPARTMENT OF EDUCATION,"Education Grants Management Support Services (EDGMSS), Blanket Purchase Agreement (BPA): Evaluation Technical Assistance for Education Innovation and Research (EIR) Program Grantees Fiscal Year (FY) 2020 Cohort",2/11/2025,,3409982,935633,2474349
DEPARTMENT OF EDUCATION,Information Assurance Support Services,2/11/2025,,3406477,1169264,2237213
DEPARTMENT OF EDUCATION,"This task order will support refinement of the study reporting plan, institutional review board efforts, random assignment, implementation support and monitoring, data collection activities, as well as optionally a data analysis plan and interim snapshot, building off of work performed under Task Order 0001 (Contract # 91990021D0001/91990021F0357) and Task Order 0005 (Contract # 91990021D0001/91990024F0308) to carry out an impact evaluation of education products that provide supplemental instruction in math in low-performing schools.",2/11/2025,,3388045,3574934,-186889
DEPARTMENT OF EDUCATION,Portfolio of Integrated Value-Oriented Technologies - Administration Support Services,2/11/2025,,3153440,642882,2510558
DEPARTMENT OF EDUCATION,The purpose of this task order (TO) is to support the collection of descriptive data on the context of elementary and secondary education in the United States through the NTPS Survey Program.,2/11/2025,,3039504,1908061,1131443
DEPARTMENT OF EDUCATION,"Development and Implementation of the International Association for the Evaluation of Educational Achievement (IEA) International Education Studies. the development and international management of the next rounds of IEA international education studies, namely TIMSS, PIRLS and ICILS.",2/11/2025,,2911726,0,2911726
DEPARTMENT OF EDUCATION,Evaluation of Grant Programs to Increase School Based Mental Health Services: Phase II Activities,2/11/2025,,2899258,2899258,0
DEPARTMENT OF EDUCATION,"Logistical Support services contract for the Principal Investigator meeting, for the National Center for Education Research, within the Institute of Education Sciences.",2/11/2025,,2860554,2611089,249465
DEPARTMENT OF EDUCATION,"THE PURPOSE OF THIS REQUIREMENT IS TO SUPPORT THE NEWLY ESTABLISHED IES COMMUNICATIONS MANAGEMENT OFFICE IN COMMUNICATIONS PLANNING, STRATEGY, MANAGEMENT AND IMPLEMENTATION.",2/11/2025,,2758849,2456734,302115
DEPARTMENT OF EDUCATION,What Works Clearinghouse Preschool-to-Postsecondary Evidence Synthesis Task Orders (WWC-PESTO) Task Order 06: Promoting Student Attendance in Kindergarten through Grade 12,2/11/2025,,2599392,2117277,482115
DEPARTMENT OF EDUCATION,The contractor is to provide technical assistance to the external evaluators of the projects funded by the Postsecondary Student Success Grant Program as required by the Performance Work Statement.,2/11/2025,,2576286,1821845,754441
DEPARTMENT OF EDUCATION,"THIS FIVE-YEAR INDEFINITE DELIVERY-INDEFINITE QUANTITY CONTRACT (IDIQ), AWARDED IN SEPTEMBER 2019, IS INTENDED TO HELP THE INSTITUTE OF EDUCATION SCIENCES (IES) DESIGN AND CONDUCT STUDIES OF CAREER AND TECHNICAL EDUCATION (CTE) THAT TAKE ADVANTAGE OF",2/11/2025,,2337660,233643,2104017
DEPARTMENT OF EDUCATION,a. Call Order 003 is the first in an expected series of work to understand the implementation and impacts of the U.S. Department of Educations (the Departments) satisfactory academic progress (SAP) policy for students to maintain eligibility for federal financial aid.,2/11/2025,,2159250,1976219,183031
DEPARTMENT OF EDUCATION,Custom computer programming services,2/11/2025,,2086995,303053,1783942
DEPARTMENT OF EDUCATION,TITLE I II REPORTING,2/11/2025,,2082834,815107,1267727
DEPARTMENT OF EDUCATION,Evaluating Implementation of the 2022-2027 Cycle of the Regional Educational Laboratories,2/11/2025,,2082525,1991712,90813
DEPARTMENT OF EDUCATION,"The purpose of this task order is to complete the study of Student Support and Academic Enrichment Grants (Title IV, Part A)",2/11/2025,,1926885,263844,1663041
DEPARTMENT OF EDUCATION,"This Task Order (0002) provides low cost, quick-turn around evaluations of Federal Financial Aid Information and Delivery Strategies.",2/11/2025,,1821658,634373,1187285
DEPARTMENT OF EDUCATION,The purpose of this procurement is to provide support for outreach and dissemination for the National Center for Education Statistics' (NCES) different types of reports and data products for data collections and surveys covered by the NCES' statistics line.,2/11/2025,,1725455,2862185,-1136730
DEPARTMENT OF EDUCATION,Senior Database Administrator services (OIG),2/11/2025,,1546848,950938,595910
DEPARTMENT OF EDUCATION,Evaluating Programs and Strategies to Improve Postsecondary Education Access and Success ¿ A Study of Strategies to Promote Access to Dual Enrollment: Design and Feasibility,2/11/2025,,1476985,484312,992673
DEPARTMENT OF EDUCATION,"This requirement necessitates the services of a contractor to support mailout operations for a number of survey collections under the Sample Survey Division, including the National Household Education Survey (NHES), National Teacher and Principal Survey (NTPS), School Survey on Crime and Safety (SSOCS), and the Private School Survey (PSS). NCES requires the assistance of an external expert to consult on mailout operations for these survey collections.",2/11/2025,,1396388,670742,725646
DEPARTMENT OF EDUCATION,ASSISTANCE WITH SURVEYS FOR PROGRAM OFFICE,2/11/2025,,1348171,1038742,309429
DEPARTMENT OF EDUCATION,Evaluation of Strategies to Improve Outcomes for English Learners or Policies Supporting English Learners,2/11/2025,,1197598,1094299,103299
DEPARTMENT OF EDUCATION,The purpose of this procurement is to support the collaboration of the National Center for Education Statistics (NCES) Cross-Sectional Survey Branch (CSB) with the National Center for Science and Engineering Statistics (NCSES) to conduct the 2024 National Training and Education Workforce Survey (NTEWS).,2/11/2025,,1180677,999004,181673
DEPARTMENT OF EDUCATION,"t TO SUPPORT THE ACTIVITIES OF THE ANNUAL REPORTS AND INFORMATION STAFF (ARIS) BY DESKTOPPING HIGH-QUALITY, TIMELY AND RELIABLE STATISTICAL REPORTS AND PRODUCING OTHER WEB-BASED STATISTICAL",2/11/2025,,1024607,824084,200523
DEPARTMENT OF EDUCATION,"Evaluating Programs and Strategies to Improve Student Supports, Academic Enrichment, and Conditions for Learning In and Out Of School. The Institute of Education Sciences (IES) intends to award a contract to conduct evaluations of programs and strategies designed to provide all students with access to a well-rounded and enriching education in safe, healthy, and supportive environments during school and non-school hours. This Indefinite Delivery-Indefinite Quantity contract (IDIQ) will help IES design and conduct these evaluations rigorously, quickly, and efficiently.",2/11/2025,,830224,395655,434569
DEPARTMENT OF EDUCATION,"The objective of this order is to provide communications, research, and coordination-related support to the National Center for Education Statistics (NCES) related to Department-wide efforts on OMB's revised standards for maintaining, collecting, and presenting race/ethnicity data across federal agencies.",2/11/2025,,757566,757567,-1
DEPARTMENT OF EDUCATION,SharePoint Customer Support and Business Process Enhancement,2/11/2025,,737665,300901,436764
DEPARTMENT OF EDUCATION,The contractor will support What Works Clearinghouse (WWC) reviews of studies and related evidence assessment activities at the request of the Department (ED) as shown in the Performance Work Statement.,2/11/2025,,676843,374262,302581
DEPARTMENT OF EDUCATION,Human resources (HR) surge support and services in labor relations,2/11/2025,,674503,71609,602894
DEPARTMENT OF EDUCATION,The purpose of this requirement is to support the collaboration of the National Center for Education Statistics (NCES) Cross-Sectional Surveys Branch (CSB) of the Sample Surveys Division (SSD) with the Bureau of Justice Statistics (BJS) to support the 2022 & 2025 Crime and Safety Surveys Program.,2/11/2025,,620802,276090,344712
DEPARTMENT OF EDUCATION,National Center for Educational Evaluation and Regional Assistance of the Institute of Education Sciences requires a contract to review impact studies in the field of education and provide related support.,2/11/2025,,563310,114140,449170
DEPARTMENT OF EDUCATION,This award is to assist IES in conducting studies for a Congressionally mandated evaluation of career and technical education (CTE) under the Perkins Act,2/11/2025,,500000,494224,5776
DEPARTMENT OF EDUCATION,Understanding the Implications of a Key Shift in Perkins V Accountability: Defining Who is a Concentrator,2/11/2025,,498984,475746,23238
DEPARTMENT OF EDUCATION,"The purpose of this contract is to support the collection of descriptive data on the context of elementary and secondary education in the United States via nationally representative survey of schools, teachers and principals through the School Survey on Crime and Safety (SSOCS).",2/11/2025,,430461,19675,410786
DEPARTMENT OF EDUCATION,National Center for Special Education Research (NCSER) Crowdsourcing Campaign Support,2/11/2025,,350923,263192,87731
DEPARTMENT OF EDUCATION,STAKEHOLDER'S MEETING TASK ORDER FROM PRESTO,2/11/2025,,322514,297328,25186
DEPARTMENT OF EDUCATION,Appian Business Process Management (BPM) (Maintenance for Perpetual Named User.,2/11/2025,,205161,89994,115167
DEPARTMENT OF EDUCATION,HR Specialist Support (OIG),2/11/2025,,192825,192825,0
DEPARTMENT OF EDUCATION,This request is for the renewal of Online Computer Library Center Services (OCLC) bibliographic utilities products and services for the Department of Educations National Library of Education. The Department of Education will be using the established FEDLINK/Library of Congress single-award IDIQ contract LCFDL20D0223 to purchase the bibliographic utilities through the FEDLINK Direct Express procurement option.,2/11/2025,,41283,690,40593
DEPARTMENT OF EDUCATION,"The U.S. Department of Education Regional Educational Laboratory (REL) is awarding for nine of the 10 REL regions. The purpose of each REL is to assist practitioners and policymakers in their work to improve outcomes for learners in its region from early childhood to adulthood by supporting stakeholders in the generation and use of research, evidence, and evidence-based practices",2/14/2025,,40885394,22800039,18085355
DEPARTMENT OF EDUCATION,"The U.S. Department of Education Regional Educational Laboratory (REL) is awarding for nine of the 10 REL regions. The purpose of each REL is to assist practitioners and policymakers in their work to improve outcomes for learners in its region from early childhood to adulthood by supporting stakeholders in the generation and use of research, evidence, and evidence-based practices",2/14/2025,,40228934,21911017,18317917
DEPARTMENT OF EDUCATION,"The U.S. Department of Education Regional Educational Laboratory (REL) is awarding for nine of the 10 REL regions. The purpose of each REL is to assist practitioners and policymakers in their work to improve outcomes for learners in its region from early childhood to adulthood by supporting stakeholders in the generation and use of research, evidence, and evidence-based practices",2/14/2025,,36754677,20118154,16636523
DEPARTMENT OF EDUCATION,"The U.S. Department of Education Regional Educational Laboratory (REL) is awarding for nine of the 10 REL regions. The purpose of each REL is to assist practitioners and policymakers in their work to improve outcomes for learners in its region from early childhood to adulthood by supporting stakeholders in the generation and use of research, evidence, and evidence-based practices",2/14/2025,,35806772,17400000,18406772
DEPARTMENT OF EDUCATION,"The U.S. Department of Education Regional Educational Laboratory (REL) is awarding for nine of the 10 REL regions. The purpose of each REL is to assist practitioners and policymakers in their work to improve outcomes for learners in its region from early childhood to adulthood by supporting stakeholders in the generation and use of research, evidence, and evidence-based practices",2/14/2025,,34932046,19752614,15179432
DEPARTMENT OF EDUCATION,"The U.S. Department of Education Regional Educational Laboratory (REL) is awarding for nine of the 10 REL regions. The purpose of each REL is to assist practitioners and policymakers in their work to improve outcomes for learners in its region from early childhood to adulthood by supporting stakeholders in the generation and use of research, evidence, and evidence-based practices Contracting Officer: Joseph Gibbs, 202-245-6016, joseph.gibbs@ed.gov",2/14/2025,,33288893,18718662,14570231
DEPARTMENT OF EDUCATION,"The U.S. Department of Education Regional Educational Laboratory (REL) is awarding for nine of the 10 REL regions. The purpose of each REL is to assist practitioners and policymakers in their work to improve outcomes for learners in its region from early childhood to adulthood by supporting stakeholders in the generation and use of research, evidence, and evidence-based practices",2/14/2025,,29008339,14094759,14913580
DEPARTMENT OF EDUCATION,"The U.S. Department of Education Regional Educational Laboratory (REL) is awarding for nine of the 10 REL regions. The purpose of each REL is to assist practitioners and policymakers in their work to improve outcomes for learners in its region from early childhood to adulthood by supporting stakeholders in the generation and use of research, evidence, and evidence-based practices",2/14/2025,,28655439,14047290,14608149
DEPARTMENT OF EDUCATION,"The U.S. Department of Education intends to award nine contracts to qualified entities to serve as the Regional Educational Laboratory (REL) for nine of the 10 REL regions. The purpose of each REL is to assist practitioners and policymakers in their work to improve outcomes for learners in its region from early childhood to adulthood by supporting stakeholders in the generation and use of research, evidence, and evidence-based practices",2/14/2025,,28390233,13855291,14534942
DEPARTMENT OF EDUCATION,"The U.S. Department of Education Regional Educational Laboratory (REL) is awarding for nine of the 10 REL regions. The purpose of each REL is to assist practitioners and policymakers in their work to improve outcomes for learners in its region from early childhood to adulthood by supporting stakeholders in the generation and use of research, evidence, and evidence-based practices.",2/14/2025,,28312000,16500000,11812000
DEPARTMENT OF EDUCATION,"This task order award is for Investigative Services with access to Thomson Reuters CLEAR on behalf of the Department of Education, Office of the Inspector General. The base year period of performance is 02/24/2022 - 02/23/2023. Funding in the amount of $46,885.08 is hereby obligated to fully fund the base year period of performance.",2/14/2025,,248897,52761,196136
DEPARTMENT OF EDUCATION,This contract is for West LegalEdcenter services for the Office of General Counsel.,2/14/2025,,70003,0,70003
DEPARTMENT OF EDUCATION,TECHNICAL ASSISTANCE SUPPORT TO THE 2023 COHORT OF EDUCATION INNOVATION AND RESEARCH (EIR) GRANTEES TO HELP THEM IMPLEMENT AND REPORT FINDINGS FROM THEIR EVALUATIONS AND MAXIMIZE THE CREDIBLE EVIDENCE ON THE DEPARTMENTS KEY QUESTIONS.,2/18/2025,,4483460,0,4483460
DEPARTMENT OF EDUCATION,EIR,2/18/2025,,3794054,0,3794054
DEPARTMENT OF EDUCATION,THIS CONTRACT AWARD IS FOR CONTRACT EXAMINER SUPPORT SERVICES TO PROVIDE THE CAPACITY AND CAPABILITY TO INDEPENDENTLY REVIEW ACTIONS THAT MEET CERTAIN CRITERIA AND THRESHOLDS TO IMPROVE THE OVERALL EFFECTIVENESS OF THE CONTRACTING FUNCTION.,2/18/2025,,1794048,1456128,337920
DEPARTMENT OF EDUCATION,TRAINING: Excellence in Government (EIG) Fellows Program (Spring 2024 -May 2024 -- March 2025),2/28/2025,,12900,0,12900
DEPARTMENT OF EDUCATION,SEE FPDS,2/28/2025,,12900,0,12900
DEPARTMENT OF EDUCATION,THIS TASK ORDER PROVIDES THE IMPLEMENTATION AND OPERATIONS & MAINTENANCE (O&M) OF THE DEPLOYED CAPABILITIES OF G6.,3/5/2025,,17851725,16178177,1673548
DEPARTMENT OF EDUCATION,Diversity Change Agent Program (DCAP)/DEIA Training,1/29/2025,,4170794,3572792,598002
DEPARTMENT OF EDUCATION,Digital Modernization Program Management Office Support,2/5/2025,,23497752,18808184,4689568
DEPARTMENT OF EDUCATION,Continuation of Program Management Services for the Next Generation Full Life Cycle Grants Management and Payment System,2/5/2025,,4461320,3458815,1002505
DEPARTMENT OF EDUCATION,Daily News Digest,2/5/2025,,1346915,1091915,255000
DEPARTMENT OF EDUCATION,"The High School and Beyond Longitudinal Study of 2020 (HS&B:20) is a large, complex data collection used to follow and study high school students throughout their high school careers.",2/11/2025,,44251035,5387003,38864032
DEPARTMENT OF EDUCATION,"First International Studies Consolidated National Contract (Program for International Student Assessment (PISA), Progress in International Reading Study (PIRLS), and Program for the International Assessment of Adult Competencies (PIAAC)). PIRLS is an international assessment that focuses on the reading knowledge and skills of fourth-graders. PISA is an international assessment of 15-year-old studentsÃ¢â¿¬â¿¢ reading, mathematics, and science literacy, as well as, occasionally, other subjects (e.g., financial literacy; collaborative problem solving). PIAAC is an international household study, which in cycle 1 (2011-2017) measured adultsÃ¢â¿¬â¿¢ basic skills in literacy, numeracy, literacy components, and problem-solving in technology-rich environments. This National Center for Education Statistics (NCES) within the Institute of Education Sciences (IES) of the U.S. Department of Education (ED) contract provides services that will be part of the larger international program that NCES has participated in through collaboration with a variety of international organizations and partners, such as but not limited to the Organization for Economic Cooperation and Development (OECD), the International Association for the Evaluation of Educational Achievement (IEA), ministries of education and other government agencies, and non-governmental organizations, as well as statistical and research institutes throughout the world.",2/11/2025,,42575147,4733320,37841827
DEPARTMENT OF EDUCATION,ED FACTS DATA AND DISSEMINATION SUPPORT SERVICES,2/11/2025,,39369398,37824396,1545002
DEPARTMENT OF EDUCATION,2023-24 National Postsecondary Student Aid Study (NPSAS:24) & Postsecondary Longitudinal Studies,2/11/2025,,26921413,10156110,16765303
DEPARTMENT OF EDUCATION,IES Digital Modernization,2/11/2025,,20865605,6693251,14172354
DEPARTMENT OF EDUCATION,"THE TEACHING AND LEARNING INTERNATIONAL SURVEY (TALIS) IS A SURVEY ABOUT TEACHERS, TEACHING, AND LEARNING ENVIRONMENTS AND IS SPONSORED BY THE ORGANIZATION FOR ECONOMIC COOPERATION AND DEVELOPMENT (OECD).",2/11/2025,,6747689,3313202,3434487
DEPARTMENT OF EDUCATION,"THE PRIMARY PURPOSE OF THIS CONTRACT IS TO SERVE IN A TECHNICAL ADVISORY CAPACITY, DEVELOPING PROCEDURES AND PROTOCOLS FOR REPORT AND TABLE PRODUCTION THAT CAN BE EASILY FOLLOWED AND EXECUTED AT SCALE BY A THIRD PARTY UNDER A SEPARATE CONTRACT.",2/11/2025,,5562728,6289780,-727052
DEPARTMENT OF EDUCATION,This contract supports the National Center for Education Research (NCER) and the National Center for Special Education Research Technical Working Group (TWG) Meetings.,2/11/2025,,4606863,4606863,0
DEPARTMENT OF EDUCATION,LOGISTICS AND EVEN PLANNING SUPPORT,2/11/2025,,2897206,2583781,313425
DEPARTMENT OF EDUCATION,Contractor shall provide all labor and materials necessary to perform in accordance with this task order and all attachments. All terms and conditions of the base IDIQ contract apply to this task order.,2/11/2025,,1999762,1785895,213867
DEPARTMENT OF EDUCATION,THE PURPOSE OF THIS PROCUREMENT IS TO PROVIDE SUPPORT FOR REVIEWING MOUS AND LEGAL AGREEMENTS.,2/11/2025,,1239292,1223687,15605
DEPARTMENT OF EDUCATION,IT INVESTMENT MANAGEMENT SUPPORT,2/11/2025,,619179,469521,149658
DEPARTMENT OF EDUCATION,POST SECONDARY PUBLICATIONS FOR LONGITUDINAL SURVEYS BRANCH,2/11/2025,,488017,439717,48300
DEPARTMENT OF EDUCATION,CRITICAL FUNCTIONS: PORTFOLIO OF INTEGRATED VALUE-ORIENTED TECHNOLOGIES - INTEGRATION (PIVOT-I) - THE PIVOT-I CONTRACTOR IS RESPONSIBLE FOR THE TECHNICAL MANAGEMENT AND INTEGRATION OF PIVOT IT INFRASTRUCTURE SERVICES.,3/10/2025,,222040849,69131548,152909301
DEPARTMENT OF EDUCATION,"IES DIGITAL MODERNIZATION PHASE 2: Centralized, streamlined, and more efficient approach to disseminating research and statistics to stakeholders as directed by the Education Sciences Reform Act (ESRA).",3/10/2025,,37341622,25951044,11390578
DEPARTMENT OF EDUCATION,MIGRANT STUDENT INFORMATION EXCHANGE (MSIX) DEVELOPMENT MONITORING AND MAINTENANCE CONTRACT IS TO PERFORM OPERATIONS DEVELOPMENT AND MAINTENANCE EFFORTS TO SUPPORT THE MSIX OF TITLE I PART C MIGRANT EDUCATION PROGRAMS (MEP).,3/10/2025,,23413330,8809769,14603561
DEPARTMENT OF EDUCATION,THIS ACTION PROVIDES THE DEPARTMENT WITH SUPPORT CONDUCTING ALL IMPROPER PAYMENT STATISTICAL SAMPLING AND ESTIMATION ACTIVITIES FOR PROGRAMS IN PHASE 2 UNDER OMB A-123 APPENDIX C.,3/10/2025,,5127798,3333064,1794734
DEPARTMENT OF EDUCATION,"The contract provides ongoing assessment of FSA internal controls in compliance with A-123A and other related relevant criteria; which includes providing services for internal controls planning and support documentation and design. This contract support is in accordance with the Chief Financial Officer (CFO) Act of 1990, which requires the Department of Education (Department) to prepare and submit annual audited financial statements to verify the accuracy of our financial reporting. Further, in 20 U.S. Code § 1018, Federal Student Aid (FSA) is required to adhere to the CFO Act and undergo an annual independent financial audit. The A-123A internal controls contract is critical to efforts to resolve the prior year financial statement disclaimer and material weakness.",3/10/2025,,7838741,23465,7815276
DEPARTMENT OF EDUCATION,"The contract provides ongoing services in support of conducting improper payment risk assessments identifying risk susceptible programs coordination with OMB and other stakeholders regarding improvements to the improper payment methodologies. The contract is critical to FSA’s efforts to implement the requirements of the Payment Integrity Information Act of 2019 (PIIA) and A-123C. Without it, FSA will not be compliant with this law. This non-compliance will be reported in both the financial statement audit and in the separate mandatory annual PIIA compliance audit",3/10/2025,,4749657,11211,4738446
DEPARTMENT OF EDUCATION,"The BPA contract provided program/project management to facilitate and support planning, development, implementation efforts across the enterprise with a particular focus on professional management support services to assist the Next Gen Program Office with various areas of technical management support.",3/11/2025,,24392304,4691087,19701217
DEPARTMENT OF ENERGY,DEIA Training,1/21/2025,,304243,98841,205402
DEPARTMENT OF ENERGY,89603020P0023,2/7/2025,,109200,22931,86269
DEPARTMENT OF ENERGY,"TERMINATION FOR GOVERNMENT CONVENIENCEONE-YEAR SUBSCRIPTION TO ENERGYWIRE, PUBLISHED BY E & E NEWS, FOR EIGHT USERS 4/1/2024-3/31/2025.ENERGYWIRE USERS:SAMUEL.BAYHAM@NETL.DOE.GOV SAMUEL BAYHAMJOHN.WIMER@NETL.DOE.GOV JOHN WIMERBARBARA.",2/7/2025,,17625,0,17625
DEPARTMENT OF ENERGY,THIS IS A TERMINATION FOR THE CONVENIENCE OF THE GOVERNMENT FOR THE 12-MONTH ENERGYWIRE E&E SUBSCRIPTION FOR 100+ WAPA USERS. WAPA NO LONGER REQUIRES THIS SUBSCRIPTION. THE TOTAL AMOUNT OF THE PURCHASE ORDER HAS BEEN PAID IN FULL.,2/10/2025,,40000,0,40000
DEPARTMENT OF ENERGY,THIS IS A TERMINATION FOR THE CONVENIENCE OF THE GOVERNMENT FOR 2024-2025 POLITICO PRO PLUS RENEWAL FOR WLO. THE GOVERNMENT NO LONGER REQUIRES THIS SUBSCRIPTION. THE TOTAL AMOUNT HAS BEEN PAID IN FULL.,2/10/2025,,12375,0,12375
DEPARTMENT OF ENERGY,NEW CONFERENCE LOGISTICS TASK ORDER FOR IEDO WORKSHOPS.,2/18/2025,,694019,327408,366611
DEPARTMENT OF ENERGY,"THIS BPA CALL WILL BE PLACED AGAINST BPA 89303918AEM000009 WITH STREET LEGAL INDUSTRIES, INC. TO PROVIDE HANFORD OVERSIGHT SUPPORT SERVICES IN ACCORDANCE WITH THE STATEMENT OF WORK.",2/18/2025,,314332,212131,102201
DEPARTMENT OF ENERGY,NEW PRE-PLANNING TASK ORDER FOR THE 2024 BETO PEER REVIEW CONVERSION PROGRAM STRATEGY MEETING.,2/18/2025,,68263,15755,52508
DEPARTMENT OF ENERGY,NEW TASK ORDER AWARD TO PROVIDE CONFERENCE LOGISTICS SUPPORT FOR KMSO 2024 STRATEGIC PLANNING MEETINGS.,2/19/2025,,19483,0,19483
DEPARTMENT OF ENERGY,"DEPARTMENT OF ENERGY (DOE), OFFICE OF ENERGY EFFICIENCY AND RENEWABLE ENERGY (EERE) COMMUNICATIONS SUPPORT SERVICES (COMMS)",2/21/2025,,16469042,9918729,6550313
DEPARTMENT OF ENERGY,NEW PRE-PLANNING ORDER.,2/25/2025,,230284,0,230284
DEPARTMENT OF ENERGY,AIR QUALITY CONSULTING SUPPORT SERVICES.,2/27/2025,,287000,240000,47000
DEPARTMENT OF ENERGY,TASK ORDER FOR CRAFT LEADERSHIP DEVELOPMENT PROGRAM (CLDP) FACILITATOR SERVICES,2/27/2025,,79596,69646,9950
DEPARTMENT OF ENERGY,CONTRACTOR TO PROVIDE TRAINING CONSULTANT SUPPORT SERVICES IN ACCORDANCE WITH THE STATEMENT OF WORK.,3/4/2025,,1286953,624768,662185
DEPARTMENT OF ENERGY,HQ PROFESSIONAL COACHING SERVICES BPA CALL ORDER,3/4/2025,,75000,0,75000
DEPARTMENT OF ENERGY,CONTRACTOR TO PROVIDE BUILDING SERVICES SUPPORT IN ACCORDANCE WITH THE STATEMENT OF WORK.,3/4/2025,,553049,262848,290201
DEPARTMENT OF ENERGY,Environmental Justice and Equity Support Services Health Impact Review Report,1/29/2025,,443851,279179,164672
DEPARTMENT OF ENERGY,POLITICO PRO SUBSCRIPTION,2/5/2025,,530681,400741,129940
DEPARTMENT OF ENERGY,"MOD 4 - TERMINATION FOR CONVENIENCESUBSCRIPTION TO E&E NEWSTHE PURPOSE OF THIS ORDER IS TO PROCURE A SUBSCRIPTION TO THE E&E NEWS PUBLICATION PACKAGE. THE PACKAGE INCLUDES ENERGYWIRE, CLIMATEWIRE, E&E DAILY, GREENWIRE AND E&E NEW",2/6/2025,,234210,121229,112981
DEPARTMENT OF ENERGY,Legal Research,2/19/2025,,41153,9052,32101
DEPARTMENT OF ENERGY,THIS NEW TASK ORDER IS TO OBTAIN HR INFRASTRUCTURE TALENT ACQUISITION & OUTREACH SUPPORT SERVICES. PERIOD OF PERFORMANCE 02/22/2022 TO 02/21/2027 THIS IS A TIME-AND-MATERIAL TASK ORDER ISSUED AGAINST GSA SCHEDULE CONTRACT GS-02F-0156AA. TASK A,2/27/2025,,29904159,8821033,21083126
DEPARTMENT OF ENERGY,"IGF::OT::IGF TASK 6 - MANAGEMENT OPERATIONS SUPPORT PROVIDE SUPPORT TO THE MANAGEMENT OPERATIONS DIVISION (MOD): PROVIDE ASSISTANCE IN THE FOLLOWING AREA: HUMAN RESOURCES MANAGEMENT (WHICH INCLUDES RECRUITMENT, RETENTION, TRAINING AND DEVELOPMENT, EXECUTIVE SERVICES, CONFERENCE MANAGEMENT, TELEWORK, DIVERSITY AND INCLUSION PROGRAMS); CONTINUITY OF OPERATIONS PROGRAM; TIME AND ATTENDANCE; SECURITY AND SAFETY; BUDGET AND CAPITAL RESOURCES ALLOCATIONS, ALLOTMENTS AND CONTROLS; FACILITIES; EQUIPMENT AND SYSTEMS INVENTORY MANAGEMENT; PROCUREMENT AND ACQUISITION SUPPORT; INFORMATION TECHNOLOGY AND RECORDS MANAGEMENT SERVICES; PROJECT CONTROLS AND REPORTING; AND EXTERNAL LIAISON WITH FEDERAL EXECUTIVE, LEGISLATIVE AND OVERSIGHT ORGANIZATIONS, MEDIA, INDUSTRY, ACADEMIC AND OTHER STAKEHOLDER GROUPS.",2/27/2025,,24528526,16960307,7568219
DEPARTMENT OF ENERGY,DOE SMALL BUSINESS INNOVATION RESEARCH AND SMALL BUSINESS TECHNOLOGY TRANSFER - TECHNOLOGY AND BUSINESS ASSISTANCE PROGRAM (SBIR/STTR TABA),2/27/2025,,12000000,6800000,5200000
DEPARTMENT OF ENERGY,"THE CONTRACTOR SHALL PROVIDE WRITER/EDITORIAL SUPPORT COMMUNICATIONS SUPPORT TRIBAL ENGAGEMENT, OUTREACH, CONFERENCE, EVENT PLANNING AND ADMINISTRATIVE SUPPORT.",2/27/2025,,4815785,1713693,3102092
DEPARTMENT OF ENERGY,"THE CONTRACTOR SHALL PROVIDE PROFESSIONAL SERVICES IN ALL AREAS OF HUMAN CAPITAL MANAGEMENT TO SUPPORT DOE-WIDE EXECUTIVE CORE QUALIFICATIONS, SPECIAL HR PROJECTS, TRAINING, FOCUS GROUPS, AND OTHER EXECUTIVE SUPPORT.",2/27/2025,,4265625,316101,3949524
DEPARTMENT OF ENERGY,THE PURPOSE OF THIS ACTION IS TO PROVIDE SUPPORT TO THE OFFICE OF TECHNOLOGY TRANSITIONS (OTT) FOR INTEGRATED CONSULTING AND DATA MANAGEMENT.,2/27/2025,,4000000,2156916,1843084
DEPARTMENT OF ENERGY,"BPA CALL ORDER FOR PROJECT MANAGEMENT CAREER DEVELOPMENT PROGRAM (PMCDP) TRAINING AND ANCILLARY SERVICES AGAINST THE DOE ACMP/PMCDP MULTIPLE-AWARD BPA. PERIOD OF PERFORMANCE 01/20/2023 TO 09/30/2025, CONSISTING OF A BASE AND TWO OPTION PERIODS.",2/27/2025,,3921239,2604156,1317083
DEPARTMENT OF ENERGY,"SBIR/STTR SUPPORT SERVICES TO THE DEPARTMENT OF ENERGY (DOE), SMALL BUSINESS INNOVATION RESEARCH (SBIR) AND SMALL BUSINESS TECHNOLOGY TRANSFER (STTR) PROGRAMS OFFICE.",2/27/2025,,2810519,2190159,620360
DEPARTMENT OF ENERGY,OFFICE OF ECONOMIC IMPACT AND DIVERSITY (ED) BUDGET ANALYST AND MANAGEMENT ANALYST SUPPORT,2/27/2025,,2241945,1419169,822776
DEPARTMENT OF ENERGY,STRATEGIC RECRUITMENT,2/27/2025,,1497454,987367,510087
DEPARTMENT OF ENERGY,"THE NNSA, OFFICE OF LEARNING AND CAREER MANAGEMENT IS SEEKING SUPPORT TO PROVIDE ORGANIZATIONAL DEVELOPMENT TO INCLUDE ORGANIZATIONAL DEVELOPMENT CONSULTING, LEADERSHIP AND TEAM DEVELOPMENT, STRATEGIC PLANNING AND TO ASSIST IN ASSESSING ORGANIZATIONA",2/27/2025,,975590,481030,494560
DEPARTMENT OF ENERGY,MULTICULTURAL COMMUNICATIONS SUPPORT SERVICES,2/27/2025,,895280,630655,264625
DEPARTMENT OF ENERGY,"FIRM-FIXED-PRICE (FFP) ORDER TO FESHARAKI ASSOCIATES CONSULTING AND TECHNICAL SERVICES (FACTS) FOR DATA SUBSCRIPTIONS WITH A ONE-YEAR BASE PERIOD (ESTIMATED TO BE FROM SEPTEMBER 24, 2023 TO SEPTEMBER 23, 2024), AND FOUR (4) ONE-YEAR OPTIONS. PERIOD",2/27/2025,,815804,302662,513142
DEPARTMENT OF ENERGY,"OBTAIN PROGRAMMATIC SUPPORT SERVICES AND TRAINING COURSE DEVELOPMENT ON NEW CALL CONSISTING OF ONE 12-MONTH BASE AND ONE 12-MONTH OPTION PERIOD. REQ 24MA000046 $59,0008.50 POP: 11/21/2023 TO 11/20/2025",2/27/2025,,507568,312281,195287
DEPARTMENT OF ENERGY,"THE PURPOSE OF THIS PURCHASE ORDER IS FOR SUBSCRIPTION TO IPD LATIN AMERICA, LLC. THE SCOPE OF THIS EFFORT WILL REQUIRE THE CONTRACTOR, IPD, TO PROVIDE ESD WITH TWO CORE, SPECIALIZED PUBLICATION PRODUCT SUITES, WHICH ARE DEVOTED TO REPORTING ON ENERG",2/27/2025,,453712,109675,344037
DEPARTMENT OF ENERGY,JOURNAL SUBSCRIPTION RENEWAL,2/27/2025,,382424,183716,198708
DEPARTMENT OF ENERGY,IHS GLOBAL INC. ORDER FOR MODELING AND DATA ANALYSIS SUPPORT (CONSULTING SERVICES) THROUGH GSA MAS SCHEDULE.,2/27/2025,,298085,53946,244139
DEPARTMENT OF ENERGY,"POLITICO PUBLISHING SUBSCRIPTION - EERE NEWS FEEDS (ENERGYWIRE, CLIMATEWIRE, E&E DAILY, GREENWIRE AND E&E NEWS PM)",2/27/2025,,231473,149040,82433
DEPARTMENT OF ENERGY,LINKEDIN RECRUITER SERVICES,2/27/2025,,59440,47552,11888
DEPARTMENT OF ENERGY,Federal Human Capital Collaborative Membership Renewal,2/28/2025,,33000,0,33000
DEPARTMENT OF ENERGY,CBO INITIAL ORDER,3/4/2025,,5601921,4336921,1265000
DEPARTMENT OF ENERGY,COMMUNICATIONS SUPPORT SERVICES,3/4/2025,,969480,440200,529280
DEPARTMENT OF ENERGY,ISSUE A GSA TASK ORDER FOR PROMOTION AND COMMUNICATION SUPPORT SERVICES FOR THE INSIDER THREAT PROGRAM.,3/4/2025,,270240,44620,225620
DEPARTMENT OF ENERGY,"Requisition 22MA001097 was issued in the amount of $125,000.00 to determine the baseline fleet inventory, establish utilization criteria for each fleet site, determine the optimal fleet inventory, maximize zero emission vehicle utilization, develop the VAM, update the Fleet Management Plan, and update the annual ZEV strategic plan for the U.S. Department of Energy. The Period of Performance is: Base Period 10/01/2022 to 09/30/2023 $99,175.00 Option Period 1 10/01/2023 to 09/30/2024 $99,175.00 Option Period 2 10/01/2024 to 09/30/2025 $99,175.00 Option Period 3 10/01/2025 to 09/30/2026 $99,175.00 Option Period 4 10/01/2026 to 09/30/2027 $99,175.00",3/5/2025,,617795,0,617795
DEPARTMENT OF ENERGY,Call for development of a communications strategy,3/5/2025,,277454,0,277454
DEPARTMENT OF ENERGY,EJE Long-Term Communications Support,3/5/2025,,1246875,0,1246875
DEPARTMENT OF ENERGY,PROVIDE PHASE 0 ASSISTANCE TO SBIR/STTR PROGRAM,3/5/2025,,11181173,0,11181173
DEPARTMENT OF ENERGY,"The purpose of this Task Order is to support of the Office of Cyber Assessments and Data Analytics (CADA) to provide strategy, policy, procurement, change management, communications, analytical, evaluation, risk assessment, and administrative (hereafter strategy, policy, and assessment) advisory services to CADA in support of its efforts with its OIG and DOE partners to improve the integrity and management excellent of the DOE¿s programs and operations.",3/5/2025,,7296526,1320912,5975614
DEPARTMENT OF ENERGY,FINANCIAL ASSISTANCE SUPPORT,3/5/2025,,4475810,0,4475810
DEPARTMENT OF ENERGY,THE CONTRACTOR SHALL DEVELOP AND FACILITATE PARTICIPATORY TECHNOLOGY ASSESSMENTS (PTA'S) FOR TWO OCED-FUNDED PROJECT SITES AND IMPLEMENT A TRAINING OF TRAINERS COMPONENT FOR OCED DURING THOSE PROCESSES. THE INTENT FOR USING PTA'S IS TO CONV,3/5/2025,,490958,0,490958
DEPARTMENT OF ENERGY,2 CFR 200 UPDATE TRAINING FOUR CLASSES WITH THE OPTION FOR A FIFTH CLASS,3/5/2025,,36000,0,36000
DEPARTMENT OF ENERGY,"CITIZEN ADVISORY BOARD (CAB) SUPPORT SERVICES CONTRACT AWARD TO NORTH WIND RESOURCE CONSULTING, LLC",3/5/2025,,985000,0,985000
DEPARTMENT OF ENERGY,TEAM BUILDING FOR SLT,3/5/2025,,48400,0,48400
DEPARTMENT OF ENERGY,TEAM BUILDING AND TRANSFORMATIONAL CHANGE WORKSHOPS FOR WAPA OCOO/OCAO,3/5/2025,,61000,0,61000
DEPARTMENT OF ENERGY,"WESTERN AREA POWER ADIMINISTRATION, SIERRA NEVADA REGION, REQUIRES CONSULTING FOR ENVIRONMENTAL SUSTAINABILITY ASSESSMENTS AT VARIOUS LOCATIONS THROGUHOUT THE REGION. POP - 10/1/24-9/30/25",3/5/2025,,276318,0,276318
DEPARTMENT OF ENERGY,CONTRACTOR TO PERFORM ENFORCEMENT COORDINATION CONSULTANT SERVICES IN ACCORDANCE WITH THE STATEMENT OF WORK.,3/5/2025,,1115237,0,1115237
DEPARTMENT OF ENERGY,CONTRACTOR TO PROVIDE CYBERSECURITY SUPPORT IN ACCORDANCE WITH THE STATEMENT OF WORK.,3/5/2025,,738933,0,738933
DEPARTMENT OF ENERGY,CONTRACTOR TO PROVIDE AMSE TECHNICAL SUPPORT SERVICES IN ACCORDANCE WITH THE STATEMENT OF WORK.,3/5/2025,,747428,0,747428
DEPARTMENT OF ENERGY,CONTRACTOR TO PROVIDE HANFORD CHIEF OF STAFF SUPPORT SERVICES IN ACCORDANCE WITH THE STATEMENT OF WORK.,3/5/2025,,324177,0,324177
DEPARTMENT OF ENERGY,CONTRACTOR TO PROVIDE NUCLEAR SAFETY SUPPORT SERVICES IN ACCORDANCE WITH THE STATEMENT OF WORK.,3/5/2025,,6881524,0,6881524
DEPARTMENT OF ENERGY,NUCLEAR MATERIALS SUPPORT STAFF FOR PU PROGRAM STORAGE AND DISPOSITION ANALYSIS SUPPORT SERVICES. PROJECT SERVICES GROUP CONTRACT DE-NA0003061/DOTO 89303721FEM000072. PERIOD OF PERFORMANCE FUNDED 1/1/24 - 12/31/24.,3/5/2025,,864352,0,864352
DEPARTMENT OF ENERGY,"U.S. Department of Energy (DOE), Office of Energy Efficiency and Renewable Energy (EERE) Office of the Principal Deputy Assistant Secretary (PDAS), Strategic Engagement and Outreach Support Services",3/5/2025,,9462169,9012105,450064
DEPARTMENT OF ENERGY,"U.S. Department of Energy (DOE), Office of Energy Efficiency and Renewable Energy (EERE), Strategic Engagement and Outreach Support Services (SEOSS), Communications Projects Support for Bioenergy Technologies Office (BETO).",3/5/2025,,568793,521040,47753
DEPARTMENT OF ENERGY,"U.S. Department of Energy (DOE), EERE, Strategic Engagement and Outreach Support Services (SEOSS) for the DAS of Sustainable Transportation and Fuels Office - Communications Projects Support for the Deputy Assistant Secretary of Transportation and Sustainable Fuels (DAST) and U.S. Transportation Decarbonization Blueprint Modal Reports and the Vehicle Grid Integration Communication Support",3/5/2025,,985799,432100,553699
DEPARTMENT OF ENERGY,"U.S. Department of Energy (DOE), Office of Energy Efficiency and Renewable Energy (EERE) Joint Office of Energy and Transportation (JOET), Strategic Engagement and Outreach Support Services (SEOSS)",3/5/2025,,1275282,391515,883767
DEPARTMENT OF ENERGY,"U.S. Department of Energy (DOE), Office of Energy Efficiency and Renewable Energy (EERE), Strategic Engagement and Outreach Support Services for Hydrogen and Fuel Cell Technologies Office.",3/5/2025,,171483,76748,94735
DEPARTMENT OF ENERGY,"U.S. Department of Energy (DOE), Office of Energy Efficiency and Renewable Energy (EERE), Workforce Management Office (WMO), Strategic Engagement and Outreach Support Services (SEOSS)",3/5/2025,,405580,229795,175785
DEPARTMENT OF ENERGY,"U.S. Department of Energy (DOE), Office of Energy Efficiency and Renewable Energy (EERE), Strategic Engagement and Outreach Support Services - KMSO",3/5/2025,,929006,457946,471060
DEPARTMENT OF ENERGY,"U.S. Department of Energy (DOE), Office of Energy Efficiency and Renewable Energy (EERE), Strategic Engagement and Outreach Support Services (SEOSS) for Better Buildings Technologies Office (BTO)- Peer Review, Stakeholder, Communications, and External Facing Support Services",3/5/2025,,378374,259531,118843
DEPARTMENT OF ENERGY,"U.S. Department of Energy (DOE), Office of Energy Efficiency and Renewable Energy (EERE), Strategic Engagement and Outreach Support Services (SEOSS) for Building Technologies Office Emerging Technologies Program",3/5/2025,,3772925,2681321,1091604
DEPARTMENT OF ENERGY,"U.S. Department of Energy (DOE), Office of Energy Efficiency and Renewable Energy (EERE), Strategic Engagement and Outreach Support Services (SEOSS) for Building Technologies Office (BTO)",3/5/2025,,4346173,3821743,524430
DEPARTMENT OF ENERGY,"U.S. Department of Energy (DOE), Office of Energy Efficiency and Renewable Energy (EERE), Strategic Engagement and Outreach Support Services (SEOSS) for Industrial Efficiency and Decarbonization Office (IEDO)",3/5/2025,,1054229,768317,285912
DEPARTMENT OF ENERGY,"U.S. Department of Energy (DOE), Office of Energy Efficiency and Renewable Energy (EERE), Strategic Engagement and Outreach Support Services (SEOSS) for Water Power Technologies Office (WPTO)",3/5/2025,,4968120,3363152,1604968
DEPARTMENT OF ENERGY,"U.S. Department of Energy (DOE), EERE, Strategic Engagement and Outreach Support Services (SEOSS) for Geothermal Technologies Office (GTO)",3/5/2025,,1857106,1834633,22473
DEPARTMENT OF ENERGY,"Order for the Department of Energy (DOE) Office of Energy Efficiency and Renewable Energy (EERE), Solar Energy Technologies Office (SETO) for Strategic Engagement and Outreach Support Services (SEOSS) Consumer Education Project",3/5/2025,,1726920,302024,1424896
DEPARTMENT OF ENERGY,Media subscription,3/10/2025,,295808,13438,282370
DEPARTMENT OF ENERGY,Subscription service.,3/10/2025,,238942,99833,139109
DEPARTMENT OF ENERGY,Cyber Security contract for Small Business Innovative Research,3/10/2025,,1584979,1066579,518400
DEPARTMENT OF ENERGY,CHIEF INFORMATION OFFICER BUSINESS OPERATIONS SUPPORT SERVICES,3/10/2025,,10919584,7752407,3167177
DEPARTMENT OF ENERGY,WEAPONS COMPLEX MONITOR SUBSCRIPTION,3/10/2025,,19608,0,19608
DEPARTMENT OF ENERGY,CQ Subscription,3/10/2025,,76785,0,76785
DEPARTMENT OF ENERGY,CQ SUBSCRIPTION,3/10/2025,,15447,0,15447
DEPARTMENT OF ENERGY,CBOSS BPA TASK ORDER FOR IM-30 CYBERSECURITY STRATEGY POLICY OPERATIONS ENGINEERING AND PROGRAM MANAGEMENT FOR THE U.S. DEPARTMENT OF ENERGY (DOE) OFFICE OF CHIEF INFORMATION OFFICER (OCIO/IM-30),3/11/2025,,133722399,35132995,98589404
DEPARTMENT OF ENERGY,THIS ORDER IS ISSUED UNDER MASTER BPA 89303019AIM000005 FOR NEW BPA ORDER 89303022FIM000080 - IM-50 ARCHITECTURE ENGINEERING & TECHNOLOGY.,3/11/2025,,41105078,23305187,17799891
DEPARTMENT OF ENERGY,EM IPABS MODERNIZATION,3/11/2025,,39793264,10338809,29454455
DEPARTMENT OF ENERGY,CBOSS BPA ORDER FOR ENVIRONMENTAL MANAGEMENT HEADQUARTERS CYBERSECURITY AND ENVIRONMENTAL MANAGEMENT CONSOLIDATED BUSINESS CENTER (EMCBC) SUPPORT FOR THE U.S. DEPARTMENT OF ENERGY (DOE) OFFICE OF CHIEF INFORMATION OFFICER (OCIO),3/11/2025,,36427080,10148600,26278480
DEPARTMENT OF ENERGY,MESC CALL ORDER REQUEST AGAINST CBOSS BPA 89303019AIM000005. THE OVERALL OBJECTIVE OF THIS ORDER IS TO MESC COMPREHENSIVE IT SUPPORT SERVICES PRODUCTS AND THOUGHT LEADERSHIP SERVICES.,3/11/2025,,6319530,3983846,2335684
DEPARTMENT OF ENERGY,BPA CALL ORDER FOR PROJECT MANAGEMENT SUPPORT SERVICES,3/11/2025,,4007366,2517395,1489971
DEPARTMENT OF ENERGY,THE PURPOSE OF THIS ACTION IS TO PROCURE GEOSPATIAL SCIENCE PROGRAM SUPPORT SERVICES (GSPSS),3/11/2025,,3187182,2203489,983693
DEPARTMENT OF ENERGY,REQUISITION 22MA000471 WAS ISSUED TO ISSUE A BPA CALL OFF OF BPA 89303019AIM000005 TO PROVIDE A SOFTWARE TO TRACK UTILIZATION OF ALL DOE AND NNSA OFFICE SPACE USING COMPUTER AIDED DESIGN BASED FLOOR PLANS AND PROVIDE TRAINING ON HOW TO USE THE SOFTWARE,3/11/2025,,828051,525841,302210
DEPARTMENT OF HEALTH AND HUMAN SERVICES,DEIA Training,1/22/2025,,1004599,675733,328866
DEPARTMENT OF HEALTH AND HUMAN SERVICES,DEIA Training,1/22/2025,,209394,0,209394
DEPARTMENT OF HEALTH AND HUMAN SERVICES,DEIA Training,1/23/2025,,8160514,1107840,7052674
DEPARTMENT OF HEALTH AND HUMAN SERVICES,DEIA Training,1/23/2025,,4779970,0,4779970
DEPARTMENT OF HEALTH AND HUMAN SERVICES,DEIA Training,1/23/2025,,1300000,780000,520000
DEPARTMENT OF HEALTH AND HUMAN SERVICES,"PROVIDE ALL PERSONNEL, EQUIPMENT, SUPPLIES, FACILITIES, TRANSPORTATION, TOOLS, MATERIALS, SUPERVISION, AND OTHER ITEMS AND NON-PERSONAL SERVICES NECESSARY TO MEET OBJECTIVES OF ADVANCING RACE EQUITY FOR BLACK FATHERS, FAMILIES,",1/27/2025,,1267113,0,1267113
DEPARTMENT OF HEALTH AND HUMAN SERVICES,"1) IDENTIFY THE UNIQUE EXPERIENCES, STRENGTHS, AND ASSETS OF HISPANICS BEING SERVED IN HMRF PROGRAMS, 2) EXAMINE HOW HISTORICAL AND SYSTEMIC INEQUITIES MAY SHAPE DISPARITIES IN THE POPULATION 3) EXPLORE HOW GRANTEES",1/27/2025,,1111403,47248,1064155
DEPARTMENT OF HEALTH AND HUMAN SERVICES,TWO GRANT PROGRAMS ADMINISTERED BY FYSBS ADOLESCENT PREGNANCY PREVENTION (APP) PROGRAM SEXUAL RISK AVOIDANCE EDUCATION,1/27/2025,,866897,170032,696865
DEPARTMENT OF HEALTH AND HUMAN SERVICES,"THE PURPOSE OF THIS CONTRACT IS TO SUPPORT THE CHIEF OFFICER FOR SCIENTIFIC WORKFORCE DIVERSITY (COSWD) AND THE NIH UNITE WORKING GROUP OF THE STEERING COMMITTEE (FORMERLY THE UNITE INITIATIVE) IN ITS KEY FUNCTIONS, INCLUDING, BUT NOT LIMITED TO, STR",1/28/2025,,6993171,670741,6322430
DEPARTMENT OF HEALTH AND HUMAN SERVICES,ADVANCING HEALTH EQUITY THROUGH POLICY ANALYSIS AND SUPPORT,1/28/2025,,1880670,1272078,608592
DEPARTMENT OF HEALTH AND HUMAN SERVICES,Organizational Culture Change,1/29/2025,,4204519,3480150,724369
DEPARTMENT OF HEALTH AND HUMAN SERVICES,EEODI DEIA PROGRAM,1/29/2025,,3526433,2670813,855620
DEPARTMENT OF HEALTH AND HUMAN SERVICES,DEIA Workshops Training,1/29/2025,,44942,0,44942
DEPARTMENT OF HEALTH AND HUMAN SERVICES,THIS IS A TIME AND MATERIALS CONTRACT WHERE THE CONTRACTOR SHALL PROVIDE TECHNICAL ASSISTANCE/CAPACITY BUILDING COMPONENTS TO IMPROVE THE SERVICES AND WELL-BEING OF THE LGBTQIA2S+ CHILD WELFARE AND THE PREVENTION COMMUNITY. THE CONTRACTOR SHALL PROVI,1/30/2025,,20397053,16562810,3834243
DEPARTMENT OF HEALTH AND HUMAN SERVICES,"The purpose of this project is to: 1) identify the unique experiences, strengths, and assets of Hispanics being served in HMRF programs, 2) examine how historical and systemic inequities may shape disparities in the population 3) explore how grantees",2/3/2025,,1111403,47248,1064155
DEPARTMENT OF HEALTH AND HUMAN SERVICES,POLITICO PRO SUBSCRIPTION,2/6/2025,,1072665,632000,440665
DEPARTMENT OF HEALTH AND HUMAN SERVICES,"POLITICO PRO SUBSCRIPTION FOR 49 TOTAL USER LICENSES (40 TO OL, 9 TO OCA)",2/6/2025,,616159,98304,517855
DEPARTMENT OF HEALTH AND HUMAN SERVICES,"Environmental Sustainability Program Consultant: The purpose of this contract is to provide the Indian Health Service (IHS), Office of Environmental Health and Engineering (OEHE), a consultant that can assist with management of the IHS Sustainability Program, facilitation of the IHS Sustainability Advisory Board (SAB) meetings, and provide sustainability, energy, and water audits at Service Units throughout IHS. The consultant shall provide professional oversight and technical expertise in the best practices of environmental sustainability.",2/6/2025,,473796,0,473796
DEPARTMENT OF HEALTH AND HUMAN SERVICES,POLITICO PRO PLUS SUBSCRIPTION,2/6/2025,,275625,225750,49875
DEPARTMENT OF HEALTH AND HUMAN SERVICES,POLITICO PRO SUBSCRIPTION,2/6/2025,,234388,56449,177939
DEPARTMENT OF HEALTH AND HUMAN SERVICES,POLITICO SUBSCRIPTION,2/6/2025,,175837,0,175837
DEPARTMENT OF HEALTH AND HUMAN SERVICES,AGENCYIQ SUBSCRIPTION,2/6/2025,,125300,82300,43000
DEPARTMENT OF HEALTH AND HUMAN SERVICES,FDA POLITICO FOR OC,2/6/2025,,108975,0,108975
DEPARTMENT OF HEALTH AND HUMAN SERVICES,OPTION YEAR IV ONLINE POLITICAL NEWS AND STATE AND FEDERAL LEGISLATIVE TRACKING SERVICES - T4C,2/6/2025,,108774,0,108774
DEPARTMENT OF HEALTH AND HUMAN SERVICES,HEALTH OUTREACH AND RESEARCH TO IMPROVE HEALTH EQUITY FOR RACIAL AND ETHNIC MINORITIES AND TRIBAL POPULATIONS,2/7/2025,,4500000,5442,4494558
DEPARTMENT OF HEALTH AND HUMAN SERVICES,"RECRUITMENT SERVICES FOR OND CLINICAL OFFICES/DIVISIONS, OFFICE OF DRUG EVALUATION SCIENCES, AND PHARM/TOX DISCIPLINES.",2/7/2025,,2900000,0,2900000
DEPARTMENT OF HEALTH AND HUMAN SERVICES,OC HEALTH COMMUNICATIONS AND SPEECH WRITING,2/7/2025,,2800000,2284804,515196
DEPARTMENT OF HEALTH AND HUMAN SERVICES,EXECUTIVE COACHING AND ORGANIZATIONAL DEVELOPMENT SERVICES,2/7/2025,,1900000,1181496,718504
DEPARTMENT OF HEALTH AND HUMAN SERVICES,To provide consultation services and recommend activities for SAMHSA leadership to improve staff engagement,2/7/2025,,1800000,600000,1200000
DEPARTMENT OF HEALTH AND HUMAN SERVICES,MCHB64 C 3719. COLLABORATIVE HEALTH EQUITY MEASUREMENT PROJECT.,2/7/2025,,1600000,0,1600000
DEPARTMENT OF HEALTH AND HUMAN SERVICES,OCIO BUSINESS SUCCESSION PLANNING,2/7/2025,,1500000,500000,1000000
DEPARTMENT OF HEALTH AND HUMAN SERVICES,MCHB59 C 5778-HEALTH EQUITY ASSESSMENT LEVERAGING PERFORMANCE MEASUREMENT ENHANCEMENTS,2/7/2025,,1500000,0,1500000
DEPARTMENT OF HEALTH AND HUMAN SERVICES,SERVICES TO PROVIDE EXECUTIVE COACHING SERVICES FOR THE IMMEDIATE OFFICE OF THE COMMISSIONER,2/7/2025,,1200000,240974,959026
DEPARTMENT OF HEALTH AND HUMAN SERVICES,"L61FBMJQ36A3 TIME AND MATERALS AWARD FOOD AND DRUG ADMINISTRATION (FDA), IMMEDIATE OFFICE OF THE COMMISSIONER (IOC) - EXECUTIVE COACHING SERVICES AND FACILITATION SUPPORT FOR THE IMMEDIATE OFFICE OF THE COMMISSIONER COR: ALEXANDER SCALERA ALEXAN",2/7/2025,,1000000,76227,923773
DEPARTMENT OF HEALTH AND HUMAN SERVICES,Politico Subscription,2/7/2025,,934700,590780,343920
DEPARTMENT OF HEALTH AND HUMAN SERVICES,HRO GENERAL SERVICES,2/7/2025,,756286,263538,492748
DEPARTMENT OF HEALTH AND HUMAN SERVICES,Politico Subscription,2/7/2025,,706825,343690,363135
DEPARTMENT OF HEALTH AND HUMAN SERVICES,OEA EXECUTIVE COACHING,2/7/2025,,605823,458879,146944
DEPARTMENT OF HEALTH AND HUMAN SERVICES,ADMINISTRATIVE SUPPORT SERVICES,2/7/2025,,583758,360561,223197
DEPARTMENT OF HEALTH AND HUMAN SERVICES,HRO GENERAL SERVICES,2/7/2025,,538968,204055,334913
DEPARTMENT OF HEALTH AND HUMAN SERVICES,Politico Subscription,2/7/2025,,514995,261714,253281
DEPARTMENT OF HEALTH AND HUMAN SERVICES,"APPLICA SOLUTIONS INC: SPACE PLANNING, DESIGN AND RECONFIGURATIONS IN ALIGNMENT WITH THE NEW AND FLUID REALITIES WITH RESPECT TO TELEWORK, OFFICE SHARING, AND DISTANCING, AND PROCURE FURNISHINGS THAT ENSURE CONTINUITY ACROSS SPACES WHILE ALIGNING WIT",2/7/2025,,449999,0,449999
DEPARTMENT OF HEALTH AND HUMAN SERVICES,Politico Subscription,2/7/2025,,329739,57653,272086
DEPARTMENT OF HEALTH AND HUMAN SERVICES,MEDIA TRAINING SERVICES FDA OFFICE OF MEDIA AFFAIRS,2/7/2025,,252745,151647,101098
DEPARTMENT OF HEALTH AND HUMAN SERVICES,Politico Subscription,2/7/2025,,244723,0,244723
DEPARTMENT OF HEALTH AND HUMAN SERVICES,NCI DIVERSITY CAREER DEVELOPMENT PROGRAM IS TO INCREASE THE DIVERSITY OF THE WORKFORCE. THIS INTRAMURAL EFFORT WILL SUPPORT AND NURTURE TALENTED INDIVIDUALS TO SUCCEED IN THEIR RESPECTIVE SCIENTIFIC CAREERS.,2/7/2025,,235000,39000,196000
DEPARTMENT OF HEALTH AND HUMAN SERVICES,Politico Subscription,2/7/2025,,229625,176330,53295
DEPARTMENT OF HEALTH AND HUMAN SERVICES,ADVERTISEMENT SPACE PROCUREMENT (DWM HIRING SURGE),2/7/2025,,199067,0,199067
DEPARTMENT OF HEALTH AND HUMAN SERVICES,Politico Subscription,2/7/2025,,187553,0,187553
DEPARTMENT OF HEALTH AND HUMAN SERVICES,"1-YEAR, FIRM-FIXED-PRICE (FFP) TYPE PURCHASE ORDER FOR COMPREHENSIVE INTERNAL COMMUNICATIONS ASSESSMENT SERVICES TO SUPPORT THE U.S. FOOD AND DRUG ADMINISTRATION (FDA), CENTER FOR DEVICES AND RADIOLOGICAL HEALTH (CDRH), OFFICE OF COMMUNICATION AND ED",2/7/2025,,179805,0,179805
DEPARTMENT OF HEALTH AND HUMAN SERVICES,"FAUCI EXHIBIT THIS PRICE INCLUDES: 1. PROJECT MANAGEMENT A. PROJECT MANAGEMENT 2. SITE VISITS DESIGN CONSULTATION 3. DETAILING AND SAMPLES 4. FABRICATION A. BACK WALLS, INTRO PANEL AND RELATED SUPPORT STRUCTURE B. COLUMNS, INNER WALLS WITH LE",2/7/2025,,168707,0,168707
DEPARTMENT OF HEALTH AND HUMAN SERVICES,FOR COPYEDITING AND COMPOSITION SERVICES.,2/7/2025,,135800,0,135800
DEPARTMENT OF HEALTH AND HUMAN SERVICES,"DIVERSITY, EQUITY, BELONGING, INCLUSION AND ACCESSIBILITY (DEBIA)",2/7/2025,,105611,0,105611
DEPARTMENT OF HEALTH AND HUMAN SERVICES,BANNER STAFFING LLC:1159549 [25-000229],2/7/2025,,84297,0,84297
DEPARTMENT OF HEALTH AND HUMAN SERVICES,ONE-ON-ONE-GUIDANCE FOR SENIOR STAFF TO ASSIST WITH MEETING SHORT-TERM AND LONG-TERM GOALS,2/7/2025,,79486,0,79486
DEPARTMENT OF HEALTH AND HUMAN SERVICES,Politico Pro Subscription,2/7/2025,,68125,56400,11725
DEPARTMENT OF HEALTH AND HUMAN SERVICES,EXECUTIVE COACHING SERVICES FOR THE CENTER FOR DRUG EVALUATION AND RESEARCH (CDER) OFFICE OF THE CENTER DIRECTOR (OCD) OFFICE OF EXECUTIVE PROGRAMS (OEP),2/7/2025,,49108,33158,15950
DEPARTMENT OF HEALTH AND HUMAN SERVICES,Politico Subscription Service 11 Users,2/7/2025,,48675,4658,44017
DEPARTMENT OF HEALTH AND HUMAN SERVICES,"HUMAN CAPITAL ENTERPRISE DIGITAL PLATFORM SUBSCRIPTION ? PROFESSIONAL DIVERSITY NETWORKAUTOMATED FULL JOB FEED/SCRAPE TO THE ENTIRE PDN NETWORK AND PARTNERS (NAACP, NATIONAL URBAN LEAGUE, TECHLATINO, ETC), INCLUDES A DEDICATED CUSTOMER SUCCESS RE",2/7/2025,,48500,0,48500
DEPARTMENT OF HEALTH AND HUMAN SERVICES,ONE-ON-ONE-GUIDANCE FOR SENIOR STAFF TO ASSIST WITH MEETING SHORT-TERM AND LONG-TERM GOALS,2/7/2025,,34937,0,34937
DEPARTMENT OF HEALTH AND HUMAN SERVICES,Politico Pro Premium Subscriptions 5 users with 14 policy areas per user,2/7/2025,,22375,0,22375
DEPARTMENT OF HEALTH AND HUMAN SERVICES,DHC/DPS/DMPA AND CENTER OPERATIONAL SUPPORT,2/10/2025,,11667481,4395861,7271620
DEPARTMENT OF HEALTH AND HUMAN SERVICES,Advancing Contextual Analysis and Methods of Participant Engagement in OPRE (CAMPE),2/10/2025,,2031813,87901,1943912
DEPARTMENT OF HEALTH AND HUMAN SERVICES,"TIME & MATERIALS TYPE BPA CALL ORDER FOR STRATEGIC LEADERSHIP DEVELOPMENT SUPPORT SERVICES TO SUPPORT THE FDA'S OFFICE OF POLICY, LEGISLATION, AND INTERNATIONAL AFFAIRS (OPLIA).",2/10/2025,,1718402,0,1718402
DEPARTMENT OF HEALTH AND HUMAN SERVICES,Five INTERNS - JUNE THROUGH AUGUST,2/10/2025,,318339,77064,241275
DEPARTMENT OF HEALTH AND HUMAN SERVICES,ADVANCE LEADERSHIP & CULTURE DEVELOPMENT TRAINING,2/10/2025,,77600,0,77600
DEPARTMENT OF HEALTH AND HUMAN SERVICES,CONSULTATION & PROFESSIONAL SERVICES,2/13/2025,,17935134,14557050,3378084
DEPARTMENT OF HEALTH AND HUMAN SERVICES,The contractor provides management of data collection for a multi-site study in HIV-specialty outpatient clinics.,2/13/2025,,13776107,11002985,2773122
DEPARTMENT OF HEALTH AND HUMAN SERVICES,NCIRD TRANSFORMATION MANAGEMENT SPT SVCS,2/13/2025,,6264183,91019,6173164
DEPARTMENT OF HEALTH AND HUMAN SERVICES,EQUITY ASSESSMENT OF EXISTING PROGRAM POLICIES OF ACF,2/13/2025,,5557345,3319845,2237500
DEPARTMENT OF HEALTH AND HUMAN SERVICES,OGS MPA SUPPORT SERVICES,2/13/2025,,5249243,3536263,1712980
DEPARTMENT OF HEALTH AND HUMAN SERVICES,Support for DHAP strategic communication issues (non-essential),2/13/2025,,4833471,404390,4429081
DEPARTMENT OF HEALTH AND HUMAN SERVICES,Category: Service - Consultative/Professional Services. Description: Support for Worker Outreach program to worker and former-worker groups at the Department of Energy (DOE) and Atomic Worker Employer (AWE) sites that are covered by the Energy Employees Occupational Illness Act (EEOICPA).,2/13/2025,,2813064,2246961,566103
DEPARTMENT OF HEALTH AND HUMAN SERVICES,Management Consultant Services,2/13/2025,,2778504,2248580,529924
DEPARTMENT OF HEALTH AND HUMAN SERVICES,OA BUDGETARY SUPPORT,2/13/2025,,2703184,1708999,994185
DEPARTMENT OF HEALTH AND HUMAN SERVICES,"General Clerk, HR Recruitment Services, & HR Assistant Services",2/13/2025,,2564978,816784,1748194
DEPARTMENT OF HEALTH AND HUMAN SERVICES,"The purpose of this contract is to provide the Indian Health Service (IHS), Division of Environmental Health Services (DEHS), an outside monitoring contractor for 12 Part I Tribal Injury Prevention Cooperative Agreements and 12 Part II - Injury Prevention Program Evidence-based Strategy Projects in 12 IHS Areas. The monitoring contractor shall provide professional oversight and technical expertise in the best practices in community-based injury prevention program planning, development, implementation, evaluation, training, and resource development. The monitoring contractor shall ensure high quality performance in sustaining capacity of the Tribal Injury Prevention programs. The monitoring services shall require extensive involvement in communication, coordination, and cooperation in providing technical oversight. The Tribal Injury Prevention Cooperative Agreements address community-based injury prevention and do not include occupational injuries or occupational health and safety concerns.",2/13/2025,,2190294,0,2190294
DEPARTMENT OF HEALTH AND HUMAN SERVICES,OHR HR Specialist (Classification) Services,2/13/2025,,1913877,609458,1304419
DEPARTMENT OF HEALTH AND HUMAN SERVICES,Website & Digital Management Services,2/13/2025,,1850417,0,1850417
DEPARTMENT OF HEALTH AND HUMAN SERVICES,FINANCIAL SUPPORT SERVICES,2/13/2025,,1737776,1062465,675311
DEPARTMENT OF HEALTH AND HUMAN SERVICES,FINANCIAL MANAGEMENT AND PLANNING SUPPORT,2/13/2025,,1698546,592794,1105752
DEPARTMENT OF HEALTH AND HUMAN SERVICES,ADMINISTRATIVE SUPPORT SERVICES,2/13/2025,,1589603,0,1589603
DEPARTMENT OF HEALTH AND HUMAN SERVICES,OPPE Strategic Program Services and Support,2/13/2025,,1316941,1063802,253139
DEPARTMENT OF HEALTH AND HUMAN SERVICES,OMS WORKFORCE RELATIONS & CONSULTANT SERVICES,2/13/2025,,1193505,1001662,191843
DEPARTMENT OF HEALTH AND HUMAN SERVICES,FINANCIAL MANAGEMENT AND BUDGETARY SUPPORT,2/13/2025,,997972,412852,585120
DEPARTMENT OF HEALTH AND HUMAN SERVICES,Support Services Contract,2/13/2025,,993143,0,993143
DEPARTMENT OF HEALTH AND HUMAN SERVICES,OCC SAFETY MANAGER,2/13/2025,,978141,398174,579967
DEPARTMENT OF HEALTH AND HUMAN SERVICES,ZEROFOX SOCIAL MEDIA BRAND INTELLIGENCE SOFTWARE,2/13/2025,,965862,627370,338492
DEPARTMENT OF HEALTH AND HUMAN SERVICES,OCOO SBI COMMUNICATIONS SUPPORT SERVICES,2/13/2025,,926717,475984,450733
DEPARTMENT OF HEALTH AND HUMAN SERVICES,OHSO BUDGET SUPPORT SERVICES,2/13/2025,,874474,366218,508256
DEPARTMENT OF HEALTH AND HUMAN SERVICES,PUBLIC HEALTH INFRASTRUCTURE CENTER EXECUTIVE ASSISTANT SUPPORT,2/13/2025,,815955,0,815955
DEPARTMENT OF HEALTH AND HUMAN SERVICES,ADMINISTRATIVE SUPPORT AND HEALTH COMMUNICATION SUPPORT SERVICES,2/13/2025,,791851,9159,782692
DEPARTMENT OF HEALTH AND HUMAN SERVICES,HR Generalist II Services,2/13/2025,,609872,194204,415668
DEPARTMENT OF HEALTH AND HUMAN SERVICES,TO PROVIDE PROGRAMMATIC SUPPORT SERVICES,2/13/2025,,599359,418645,180714
DEPARTMENT OF HEALTH AND HUMAN SERVICES,UNDERSTANDING PROVIDER CONVERSATIONS AROUND COVID-19 VACCINATION,2/13/2025,,520666,325416,195250
DEPARTMENT OF HEALTH AND HUMAN SERVICES,DEVELOPMENT OF A LEAD-FREE CITIES INITIATIVE AND TOOLKIT,2/13/2025,,500743,76883,423860
DEPARTMENT OF HEALTH AND HUMAN SERVICES,SHAREPOINT/APPLICATION DEVELOPER,2/13/2025,,436723,347131,89592
DEPARTMENT OF HEALTH AND HUMAN SERVICES,HR Specialist (Classifications and Recruitment) Services,2/13/2025,,404850,128918,275932
DEPARTMENT OF HEALTH AND HUMAN SERVICES,Provide aggregation and population mobility data and professional services,2/13/2025,,378000,378000,0
DEPARTMENT OF HEALTH AND HUMAN SERVICES,HR Assistant Services,2/13/2025,,257729,0,257729
DEPARTMENT OF HEALTH AND HUMAN SERVICES,Executive Assistant services.,2/13/2025,,225884,47869,178015
DEPARTMENT OF HEALTH AND HUMAN SERVICES,Writer and editor services,2/13/2025,,224451,93779,130672
DEPARTMENT OF HEALTH AND HUMAN SERVICES,"Task 1: Contractor shall travel for meetings and presentation of findings. 5. Visit Spokane Research Laboratory and Pittsburgh (Bruceton) Research Laboratory a. Participate in introductory meeting(s) with project staff 6. Travel to one NIOSH laboratory sites to present findings of research tasks. Task 2: Contractor shall assist in the establishing and facilitation of a GIS community of practice (CoP) across Pittsburgh and Spokane Mining Research Divisions. 5. Assist NIOSH researchers in establishing and coordinating regular virtual meetings to sharing best practices and creating new knowledge to advance. 6. Establish GIS Best Practices with CoP participants. Task 3: Contractor shall establish and maintain (backed-up) master geodatabases from which NIOSH researchers can retrieve data. 1. Define and describe data standards, and data sources. 2. Draft an organization-specific metadata user template to ensure users work within the established essential metadata standards. Task 4: Using Mine Safety and Health Administration (MSHA) data, the contractor shall examine patterns and trends in injuries, exposures, and disease. 1. Identify clusters of high exposures to highlight regions that may need increased medical surveillance. 2. Explore the geospatial relationships between occupational (over)exposures and health among mine workers and mining communities. Task 5: In coordination with ground control researchers from PMRD and SMRD, the contractor shall explore the utility and application of integrated data for (visually) describing ground control practices and events 8. Work with ground control researchers in both PMRD and SMRD to draft research-based questions that could be explored through integrated data included in Task 3 and mine-specific event data. 9. If feasible, test the integration of data that may potentially address a question originating from Task 5, Component 1 a. Data may include mine maps, geological data, event data, laser scanning, seismic, other geotechnical instrumentation data and the associated metadata.",2/13/2025,,219150,47910,171240
DEPARTMENT OF HEALTH AND HUMAN SERVICES,HR Specialist Services,2/13/2025,,212215,0,212215
DEPARTMENT OF HEALTH AND HUMAN SERVICES,"Task 1 The contractor shall assist with formative research tasks 1.The contractor shall assist with the development and maintenance of citation databases focused on topics relevant to MHB research a. The contractor shall conduct literature searchers b. The contractor shall gather literature, and upload documents and files c. The contractor shall ensure completeness of literature included in database 2. The contractor shall assist with organization and synthesis of literature in citation databases a. The contractor shall create annotated bibliographies as needed b. The contractor shall summarize and synthesize literature Task 2: The contractor shall assist with MHB data collection activities 1.The contractor shall assist with research protocol development a. The contractor shall assist with creation of materials b. The contractor shall assist with data collection preparation c. The contractor shall assist with data collection 2.The contractor shall assist with data management activities Task 3: The contractor shall assist in the dissemination of MHB project outputs 1. The contractor shall develop manuscripts as needed 2. The contractor shall provide editorial or technical review of manuscripts as needed",2/13/2025,,193108,97983,95125
DEPARTMENT OF HEALTH AND HUMAN SERVICES,DATA VISUALIZATION CHALLENGE,2/13/2025,,166106,140360,25746
DEPARTMENT OF HEALTH AND HUMAN SERVICES,Provided PIV office support (issued HSPD-12 cards at CDC field location).,2/13/2025,,148742,99629,49113
DEPARTMENT OF HEALTH AND HUMAN SERVICES,"1. Assist in the planning and execution of data collection of representative samples for research on diesel particulate matter (DPM) and silica-bearing mine dusts a. Includes outreach with potential partnering (mine) site locations 2. Assist in the evaluation (i.e., design of methodologies and analysis) of spectrometric methods for their efficacy in quantifying respirable crystalline silica a. Includes, but is not limited to, Fourier transform infrared (FT-IR), Raman, quantum cascade laser (QCL), laser-induced breakdown spectroscopy (LIBS), and x-ray diffraction (XRD). 3. Contribute to outreach coordination for identifying potential partners in the development of new instrument technologies for RCS. 4. Assist in the interpretation, writing, and dissemination of data analyses findings for peer-reviewed publications, trade journals and magazines, online mediums (e.g., NIOSH blog), and other translational materials. 5. Deliver technical support in areas of expertise related to active research in silica dust abatement systems. 6. Use common computer software (Excel, Word, PowerPoint, etc.) in support of research activities, data management and analysis software (e.g., OPUS (FTIR), XRD software, Solidworks, COMSOL, MATLAB, etc.), as well as any data visualization and translational tools. A CDC-issued laptop computer will be provided to ensure the ability to perform work tasks when working remotely (e.g., teleworking and/or traveling for work).",2/13/2025,,144526,2000,142526
DEPARTMENT OF HEALTH AND HUMAN SERVICES,"Task 1: The contractor shall assist with the heat stress field study data collection activities 1. The contractor shall assist with identification and recruitment of mines to participate in the study a. The contractor shall use network of contacts to reach out to mines to discuss the study b. The contractor shall be the point-of-contact for interested mine sites c. The contractor shall work with the mine point-of-contact to set up research testing schedule and requirements (e.g., access to mine site) 2. The contractor shall assist with data collection at participating mine sites a. The contractor shall participate in informed consent, questionnaire and baseline cognitive data, preparation of equipment for data collection, in-person set-up of equipment with each study participant, and collection of equipment at the end of each study day Task 2: The contractor shall assist with Miner Health Program Partnership activities 1. The contractor shall assist with communication with partners a. The contractor shall assist with setting up and managing partner meetings b. The contractor shall assist with preparation of communication materials 2. The contractor shall assist with activities related to health and safety priorities identified by partners a. The contractor shall work with individual or groups of partners (i.e., workgroups) on materials or processes deemed to be of use (i.e., creation of best practices for individual health and safety concerns) Task 3: The contractor shall assist in the dissemination of heat stress and MHP partner outputs 1. The contractor shall assist with development and dissemination of reports to mine sites participating in the heat stress study 2. The contractor shall work with SMRD investigators on development of manuscripts and other research outputs (e.g., trade publications, research presentations) 3. The contractor shall assist with development and dissemination of products related to MHP Partnership",2/13/2025,,142800,12600,130200
DEPARTMENT OF HEALTH AND HUMAN SERVICES,This is a contract for writer-editor services.,2/13/2025,,140536,61531,79005
DEPARTMENT OF HEALTH AND HUMAN SERVICES,CCP21AS AND CCPUAS CUSTOMER CARE PROGRAM,2/13/2025,,112260,23507,88753
DEPARTMENT OF HEALTH AND HUMAN SERVICES,Graphic Services: Vendor to provide graphic design services to support NIOSH’s Research to Practice (r2p) efforts related to marketing and dissemination of research findings of the Division of Safety Research.,2/13/2025,,103812,16463,87349
DEPARTMENT OF HEALTH AND HUMAN SERVICES,ARM MEETINGS FOR FY 24-FY29,2/13/2025,,100000,80000,20000
DEPARTMENT OF HEALTH AND HUMAN SERVICES,QUALITATIVE ANALYSIS OF HAUL TRUCK OPERATION COGNITIVE TASK ANALYSIS,2/13/2025,,65172,0,65172
DEPARTMENT OF HEALTH AND HUMAN SERVICES,TOX DASHBOARD MAINTENANCE AND ENHANCEMENTS,2/13/2025,,62416,62416,0
DEPARTMENT OF HEALTH AND HUMAN SERVICES,Contract supported the development of file plans according to the Federal Records statute.,2/13/2025,,60816,60816,0
DEPARTMENT OF HEALTH AND HUMAN SERVICES,TO CONDUCT EXIT INTERVIEWS ON DEPARTING STAFF FROM THE DIVISION OF GLOBAL HIV AND TB. QUOTE FROM RFQ#2024-00231,2/13/2025,,56370,49809,6561
DEPARTMENT OF HEALTH AND HUMAN SERVICES,Healthiest NIOSH Well-Being Education,2/13/2025,,48600,12600,36000
DEPARTMENT OF HEALTH AND HUMAN SERVICES,Software licenses,2/13/2025,,20124,20124,0
DEPARTMENT OF HEALTH AND HUMAN SERVICES,ANALYTICAL ENHANCEMENT OF THE RAPID QUARTZ ANALYSIS OF RESPIRABLE MINE DUST,2/13/2025,,19500,0,19500
DEPARTMENT OF HEALTH AND HUMAN SERVICES,"Provide, install, and calibrate Distributed Optical Fiber Sensors (DOFS) and collect vertical displacement data, and interpret data",2/13/2025,,10000,0,10000
DEPARTMENT OF HEALTH AND HUMAN SERVICES,"Perform DFN FFC simulations for a set of wells, including the number of wells on a pad per well pad, statistical evaluations, and interpretations on hypothetical inflows to a mine",2/13/2025,,7150,0,7150
DEPARTMENT OF HEALTH AND HUMAN SERVICES,REAGENTS AND CONSUMABLES,2/18/2025,,21474975,9493461,11981514
DEPARTMENT OF HEALTH AND HUMAN SERVICES,CONNECT TO TRANSFORM AND ACCELERATE BIOMEDICAL AND HEALTH INFORMATION DISCOVERY FOR THE NATIONAL LIBRARY OF MEDICINE,2/18/2025,,19766510,19766510,0
DEPARTMENT OF HEALTH AND HUMAN SERVICES,THE PURPOSE OF THIS CONTRACT IS FOR POLICY ANALYSIS AND TECHNICAL ASSISTANCE FOR EMERGING ISSUES IN HEALTH AND HUMAN SERVICES POLICY,2/18/2025,,14836965,9418085,5418880
DEPARTMENT OF HEALTH AND HUMAN SERVICES,"SUPPORTING AND EVALUATING AHRQ'S INITIATIVE TO IMPLEMENT NEW MODELS OF COMPREHENSIVE, COORDINATED, PERSON-CENTERED CARE FOR PEOPLE WITH LONG COVID",2/18/2025,,7394161,4671177,2722984
DEPARTMENT OF HEALTH AND HUMAN SERVICES,"SCHULER SOLUTIONS, LLC:1305944 [23-003687]",2/18/2025,,3072074,1591261,1480813
DEPARTMENT OF HEALTH AND HUMAN SERVICES,ORR SENIOR EXECUTIVE LEADERSHIP AND SUPERVISORY COACHING TRAINING PROGRAM.,2/18/2025,,2328487,1889906,438581
DEPARTMENT OF HEALTH AND HUMAN SERVICES,Meeting and logistic support,2/18/2025,,1817552,1031378,786174
DEPARTMENT OF HEALTH AND HUMAN SERVICES,"FISCALNOTE, INC.:1290009 [21-001688]",2/18/2025,,1699494,821568,877926
DEPARTMENT OF HEALTH AND HUMAN SERVICES,CDER-WIDE IMPLEMENTATION OF THE NEWLY IDENTIFIED SAFETY SIGNAL (NISS) MANUAL OF POLICIES AND PROCEDURE (MAPP) AND SUPPORT OF THE DRUG RISK MANAGEMENT BOARD (DRMB),2/18/2025,,1129183,1678,1127505
DEPARTMENT OF HEALTH AND HUMAN SERVICES,NIH BIOMEDICAL RESEARCH ADVANCED INFORMATION NETWORK (BRAIN) OPERATION & MAINTENANCE SUPPORT (O&M) SERVICES,2/18/2025,,802721,296110,506611
DEPARTMENT OF HEALTH AND HUMAN SERVICES,PROFESSIONAL SUPPORT SERVICES FOR THE COLLABORATING OFFICE FOR MEDICAL EXAMINERS AND CORONERS (COMEC).,2/18/2025,,764800,671087,93713
DEPARTMENT OF HEALTH AND HUMAN SERVICES,"Services are not ""consulting"" according to FAR 31.205; and provides non-essential executive assistant support to the Division of Regulatory Science and Compliance, and it maintains administrative functions for the division.",2/18/2025,,716363,151865,564498
DEPARTMENT OF HEALTH AND HUMAN SERVICES,This meeting support contract is to operationalize the Board of Scientific Counselors for the Office of Readiness and Response,2/18/2025,,236644,42685,193959
DEPARTMENT OF HEALTH AND HUMAN SERVICES,MEPS Consultant to Provide Analytic Expertise on Dental Care Utilization,2/18/2025,,125000,0,125000
DEPARTMENT OF HEALTH AND HUMAN SERVICES,DRUG TESTING SERVICES - CHABADO GENOMICS - AUDIT A-09-24-03003,2/18/2025,,25000,0,25000
DEPARTMENT OF HEALTH AND HUMAN SERVICES,"THE WORK TO BE PERFORMED WILL REQUIRE THE CONTRACTOR TO GATHER DATA RELATED TO OFFICE OF BUDGET POLICIES, PRACTICES, AND CULTURAL NORMS, ANALYZE THESE DATA, AND PRODUCE RECOMMENDATIONS TO IMPROVE EQUITY IN THE OFFICE.",2/19/2025,,498260,213667,284593
DEPARTMENT OF HEALTH AND HUMAN SERVICES,Coaching Services for OFBA Staff,2/19/2025,,320843,0,320843
DEPARTMENT OF HEALTH AND HUMAN SERVICES,Executive Coaching and Training,2/19/2025,,274369,224717,49652
DEPARTMENT OF HEALTH AND HUMAN SERVICES,UNITE SCIENCE MANAGEMENT AND RESEARCH ADMINISTRATION SUPPORT SERVICES,2/19/2025,,161643,0,161643
DEPARTMENT OF HEALTH AND HUMAN SERVICES,DEVELOPMENT OF STRATEGIES IN HANDLING HIGH PROFILE CONSENT DECREES TASK ORDER,2/20/2025,,1040586,678180,362406
DEPARTMENT OF HEALTH AND HUMAN SERVICES,Survey Management Software,2/20/2025,,230621,0,230621
DEPARTMENT OF HEALTH AND HUMAN SERVICES,"THE PURPOSE OF THIS DOCUMENT IS TO PURCHASE THE ONLINE PUBLICATION POLITICO PRO SUBSCRIPTION SERVICES. THE CTP/OCD REQUIRES THE ONLINE SUBSCRIPTION SYSTEM ACCESS TO RECEIVE BREAKING NEWS AND REAL TIME REPORTING, EXCLUSIVE CONTENT, AND TO TRACK FEDERA",2/20/2025,,65703,0,65703
DEPARTMENT OF HEALTH AND HUMAN SERVICES,TECHNICAL REVIEW AND ANALYSIS SUPPORT WITH MANAGEMENT SUPPORT SERVICES TO ORA OFFICES AND DISTRICT OFFICES IN CONDUCTING FIELD ACTIVITIES,2/21/2025,,3493909,1471168,2022741
DEPARTMENT OF HEALTH AND HUMAN SERVICES,National Institute on Aging (NIA) Organizational Development Support,2/21/2025,,650000,643752,6248
DEPARTMENT OF HEALTH AND HUMAN SERVICES,Executive coaching,2/21/2025,,55619,0,55619
DEPARTMENT OF HEALTH AND HUMAN SERVICES,TO 56 SERVICES OF ABOVE STANDARD EQUIPMENT AT THE FDA WHITE OAK CAMPUS - BLDG. 2 ROOM G301 REPLACE VALVE B-11,2/21/2025,,47799,0,47799
DEPARTMENT OF HEALTH AND HUMAN SERVICES,Executive coaching,2/21/2025,,13159,0,13159
DEPARTMENT OF HEALTH AND HUMAN SERVICES,"Organization & Mgmt Audit, Advertisement & Asst (OMA-3)",2/23/2025,,6868188,5573191,1294997
DEPARTMENT OF HEALTH AND HUMAN SERVICES,Hiring Tiger Team (HiTT),2/23/2025,,4228805,2895361,1333444
DEPARTMENT OF HEALTH AND HUMAN SERVICES,Foster Care Awareness,2/23/2025,,4158335,3026297,1132038
DEPARTMENT OF HEALTH AND HUMAN SERVICES,Child Welfare Research & Data Analytics,2/23/2025,,2423462,1953895,469567
DEPARTMENT OF HEALTH AND HUMAN SERVICES,PROFESSIONAL Services Support,2/23/2025,,1269108,128726,1140382
DEPARTMENT OF HEALTH AND HUMAN SERVICES,Survey Administration and Medicaid Data Linking Services,2/23/2025,,704602,0,704602
DEPARTMENT OF HEALTH AND HUMAN SERVICES,"TECHNICAL, PROFESSIONAL AND SCIENTIFIC SERVICES IN SUPPORT OF STRATEGIES AND APPROACHES TO REDUCE OBESITY",2/24/2025,,24709198,5952609,18756589
DEPARTMENT OF HEALTH AND HUMAN SERVICES,"The Beneficiary and Family Centered Care (BFCC) Audit and Interrater Reliability (AIRR) review contractor will conduct audits in specific BFCC-Quality Improvement Organization (BFCC-QIO) service areas to determine if the (BFCC-QIOs operations, programs or projects are functioning effectively and efficiently. These audits will include a review of a designated number of cases claims per contracted service area. The audits will use Inter-rater reliability reviews of Beneficiary Appeals and Short Stay claims to assess the validity and accuracy of the BFCC-QIOs reviews. The AIRR contractor will also systematically screen medical records for adverse patient safety events that occurred in hospitals and other settings using a standardized process and review each medical record that is positive for an adverse patient safety event to determine “the completeness, adequacy and quality of the care provided.”""",2/24/2025,,13962675,11170140,2792535
DEPARTMENT OF HEALTH AND HUMAN SERVICES,TRAINING AND COACHING,2/24/2025,,10577062,0,10577062
DEPARTMENT OF HEALTH AND HUMAN SERVICES,"The BFCC-SC shall administer surveys, collect customer service experience using surveys that target stakeholders engaged with the BFCC-QIOs or any other CMS quality improvement contractors. The BFCC-SC services are national in scope and cover contracted areas throughout the United States including territories. The BFCC-SC shall serve as a source of information for identifying gaps and achievements based on survey of satisfaction surveys to achieve CMS’ aims. The SC will serve as a driver of the CCSQ iQIIG strategic vision and goals assisting in the creation of widespread quality improvement in the QIO program supporting over 50 million Medicare beneficiaries. The BFCC-SC shall collaborate with BFCC-QIOs, advise CMS on opportunities for improving the program, and identify best practices for possible dissemination amongst the QIOs. Additionally, the BFCC-SC will contribute to the knowledgebase of QIO programs any best practices of what works well regarding providing direct assistance to Medicare beneficiaries.",2/24/2025,,10030006,7972999,2057007
DEPARTMENT OF HEALTH AND HUMAN SERVICES,"Acquisition, Coordination, and Tactical Support (ACTS) 13th Statement of Work.",2/24/2025,,5448919,1339969,4108950
DEPARTMENT OF HEALTH AND HUMAN SERVICES,Provider Compliance Group Data Analysis (PCG DA),2/24/2025,,4945169,0,4945169
DEPARTMENT OF HEALTH AND HUMAN SERVICES,PCG Comparative Billing Report and Program for Evaluating Payment Patterns Electronic Report Data Analysis (PCG CBR PEPPER DA) Contract,2/24/2025,,4331456,1012722,3318734
DEPARTMENT OF HEALTH AND HUMAN SERVICES,TRANSLATION SERVICES AND SMALL SCALE EVENT LOGISTICS,2/24/2025,,4249714,0,4249714
DEPARTMENT OF HEALTH AND HUMAN SERVICES,LEADERSHIP SCHOOL,2/24/2025,,1718543,1394683,323860
DEPARTMENT OF HEALTH AND HUMAN SERVICES,SCHOOL HEALTH BRANCH (SHB) SUPPORT SERVICES,2/24/2025,,1643942,0,1643942
DEPARTMENT OF HEALTH AND HUMAN SERVICES,ERGONOMIC SERVICES,2/24/2025,,1470488,0,1470488
DEPARTMENT OF HEALTH AND HUMAN SERVICES,EVALUATION METHODS,2/24/2025,,898210,0,898210
DEPARTMENT OF HEALTH AND HUMAN SERVICES,Retail scanner data for tobacco and cessation products,2/24/2025,,857148,0,857148
DEPARTMENT OF HEALTH AND HUMAN SERVICES,FUTURE OF WORK BPA CALL - NCCDPHP/DDT,2/24/2025,,737105,0,737105
DEPARTMENT OF HEALTH AND HUMAN SERVICES,EXPLORATORY EVALUATION OF COMMUNITY-BASED INTERVENTIONS FOR (CVD) HYPERTENSION,2/24/2025,,548848,314228,234620
DEPARTMENT OF HEALTH AND HUMAN SERVICES,EXAMINING THE IMPLEMENTATION OF STATE TELEHEALTH POLICY,2/24/2025,,407202,0,407202
DEPARTMENT OF HEALTH AND HUMAN SERVICES,TRANSLATING KNOWLEDGE TO ACTION: FACILITATING IMPLEMATATION OF THE CHW FINANCIAL SUSTAINABILITY FRAMEWORK,2/24/2025,,249999,0,249999
DEPARTMENT OF HEALTH AND HUMAN SERVICES,COMMUNITY OF PRACTICE: ADVANCING HEALTH,2/24/2025,,249924,0,249924
DEPARTMENT OF HEALTH AND HUMAN SERVICES,HEALTH EQUITY RESEARCH AND DATA ANALYTICS,2/24/2025,,227874,0,227874
DEPARTMENT OF HEALTH AND HUMAN SERVICES,"Consultation services of a recognized expert who is highly experienced in (1) legislative research and analysis (2)Medicare & Medicaid Public Policy Analysis and Development(3) Economic Impact Analysis and (4) Regulations Writing who has in depth knowledge of the operations, policies, regulations, and statutes governing the Medicare & Medicaid program areas. The incumbent will be responsible for providing analytical and technical support to Director and Deputy Director of OSORA and must provide guidance and assistance on regulatory impact analysis and guidance and advice on the retrospective review. One major component of this effort involves conducting research and analysis of legislative mandates that are a result of new legislation and determining the impact upon present Medicare and Medicaid programs.",2/24/2025,,197584,98792,98792
DEPARTMENT OF HEALTH AND HUMAN SERVICES,"THE PURPOSE OF THIS PROJECT IS TO IMPROVE OHS EFFECTIVENESS AND MANAGEMENT OF GRANTS FOR OHS. THE CONTRACTOR SHALL: (1) PROVIDE PROGRAM SPECIALIST AND INFORMATION MANAGEMENT SERVICES PROFESSIONALLY AND EFFICIENTLY IN ACCORDANCE WITH APPLICABLE LAWS,",2/24/2025,,104864,0,104864
DEPARTMENT OF HEALTH AND HUMAN SERVICES,GLOBAL YOUTH TOBACCO SURVEY SUPPORT CONTRACT,2/25/2025,,2186609,1779219,407390
DEPARTMENT OF HEALTH AND HUMAN SERVICES,MH PUBLIC HEALTH ANALYST SUPPORT SERVICES,2/25/2025,,1634277,348280,1285997
DEPARTMENT OF HEALTH AND HUMAN SERVICES,THE PURPOSE OF THIS ACQUISITION IS TO PROCURE CONGRESSIONAL QUARTERLY (CQ)FEDERAL SUBSCRIPTION.,2/25/2025,,136690,109352,27338
DEPARTMENT OF HEALTH AND HUMAN SERVICES,ON-LINE LEGISLETIVE TRACKING SERVICES,2/25/2025,,99540,0,99540
DEPARTMENT OF HEALTH AND HUMAN SERVICES,Management & Advisory Services,2/26/2025,,5576945,5576945,0
DEPARTMENT OF HEALTH AND HUMAN SERVICES,CHART ABSTRACTION OF RWHAP RECIPIENT CLINICAL DATA,2/26/2025,,5160091,5125201,34890
DEPARTMENT OF HEALTH AND HUMAN SERVICES,RESPIRATORY PROTECTIVE DEVICES - ON-SITE COMPLIANCE AUDIT ASSISTANCE,2/26/2025,,4945852,0,4945852
DEPARTMENT OF HEALTH AND HUMAN SERVICES,BUREAU OF HEALTH WORKFORCE ORGANIZATIONAL DEVELOPMENT - BHW92 C 5368,2/26/2025,,4529498,3835905,693593
DEPARTMENT OF HEALTH AND HUMAN SERVICES,"Office on Smoking and Health (OSH) Data Analysis, Statistical, Surveillance and Writing/Editing Support Services",2/26/2025,,4377245,2255849,2121396
DEPARTMENT OF HEALTH AND HUMAN SERVICES,Technical & Engineering Services,2/26/2025,,4100000,4100000,0
DEPARTMENT OF HEALTH AND HUMAN SERVICES,"DIRECT 8(A) AWARD OF A 12-MONTH BASE, LABOR HOUR TYPE CONTRACT TO ANEON BRILLIENT FOR THE CENTER FOR DRUG EVALUATION AND RESEARCH (CDER) FOR PROFESSIONAL SERVICES SUPPORT.",2/26/2025,,3266346,0,3266346
DEPARTMENT OF HEALTH AND HUMAN SERVICES,OSH HE FACILITATION AND TRAINING,2/26/2025,,2999626,1864376,1135250
DEPARTMENT OF HEALTH AND HUMAN SERVICES,Talent Development,2/26/2025,,2853331,1313305,1540026
DEPARTMENT OF HEALTH AND HUMAN SERVICES,"The purpose of this task order is to provide logistical and meeting support for the annual Tribal Advisory Council (hereafter referred to as TAC) meeting. Specifically, to provide pre-meeting, meeting, and post-meeting support. The TAC meeting will be a hybrid event that will combine both in-person and concurrent virtual experience. The yearly in-person meeting will take place either in an Indian Country or in the Washington DC metropolitan area which include HRSA headquarters located at: HRSA 5600 Fishers Lane building in Rockville, MD. In the event of a public health emergency, this conference will be a virtual only meeting. TAC meetings provide the venue for ensuring meaningful input from and collaboration with the elected leaders of Tribal Nations on HRSA programs and policies and complies with the HHS Tribal Consultation Policy. The Contractor shall provide the personnel, materials, equipment, and services necessary for the performance of the statement of work.",2/26/2025,,997776,89798,907978
DEPARTMENT OF HEALTH AND HUMAN SERVICES,HIV ECQM ANNUAL SUPPORT,2/26/2025,,544921,372656,172265
DEPARTMENT OF HEALTH AND HUMAN SERVICES,"DDT ANALYZING, DEVELOPING & IMPLEMENTING CONTRACT PORTFOLIO MAINT SPT SVCS",2/26/2025,,376047,0,376047
DEPARTMENT OF HEALTH AND HUMAN SERVICES,VSCP - VERMONT,2/26/2025,,357007,0,357007
DEPARTMENT OF HEALTH AND HUMAN SERVICES,"REPORT ON CURRENT VETERINARY EXPERIENCES WITH CDPS, WITH A FOCUS ON CANNABIDIOL (CBD) PRODUCTS",2/26/2025,,229591,229591,0
DEPARTMENT OF HEALTH AND HUMAN SERVICES,Transportation and Logistics Services,2/26/2025,,226669,111589,115080
DEPARTMENT OF HEALTH AND HUMAN SERVICES,Logistics Support Services,2/26/2025,,217495,52769,164726
DEPARTMENT OF HEALTH AND HUMAN SERVICES,TOBACCO INSPECTION MANAGEMENT PROGRAM (TIMP) SYSTEMS SUPPORT SERVICES.,2/26/2025,,150832,114347,36485
DEPARTMENT OF HEALTH AND HUMAN SERVICES,"Purpose: The purpose of this contract is to provide logistical and meeting support for the Annual Tribal Consultation meeting. Specifically, to provide pre-meeting, meeting and post- meeting support.",2/26/2025,,49601,49601,0
DEPARTMENT OF HEALTH AND HUMAN SERVICES,DEVELOP AN AGGRESSIVE STRATEGIC PLAN WITH MEASURABLE GOALS AND OBJECTIVES TO ASSESS THE IL T&TA EFFECTIVENESS AND DEMONSTRATE IMPROVEMENTS IN IL GRANTEE OUTCOMES. RESPONSIBLE FOR COORDINATING AND PARTNERING WITH OTHER IL T&TA CENTERS FUNDED B,2/26/2025,,5374,0,5374
DEPARTMENT OF HEALTH AND HUMAN SERVICES,DEIA ACTIVITIES & DATA COLLECTION/ANALYSIS,2/27/2025,,1191277,595638,595639
DEPARTMENT OF HEALTH AND HUMAN SERVICES,PRIDE POPULATION RESEARCH IN IDENTITY AND DISPARITIES FOR EQUALITY,2/27/2025,,64707,0,64707
DEPARTMENT OF HEALTH AND HUMAN SERVICES,OFFICE OF SCIENCE SUPPORT SERVICES,2/28/2025,,16050693,5501074,10549619
DEPARTMENT OF HEALTH AND HUMAN SERVICES,LITERATURE ANALYSIS FOR CDRH.,2/28/2025,,3885609,0,3885609
DEPARTMENT OF HEALTH AND HUMAN SERVICES,LABOR HOUR AWARDCENTER FOR FOOD SAFETY AND APPLIED NUTRITION (CFSAN) - BLENDED LEARNING AND MULTI-MEDIA TRAINING SUPPORTFDA THREE-WAY-MATCHING INVOICE CLAUSE-COR:DONNA.SCOTT@FDA.HHS.GOVNOTICE TO PROCEED WAS GIVEN ON 12/14/2020 EFFECTIVE 12/15,2/28/2025,,2098630,0,2098630
DEPARTMENT OF HEALTH AND HUMAN SERVICES,LABOR HOUR AWARDOFFICE OF THE COMMISSIONER (OC) - OFFICE OF DIGITAL TRANSFORMATION HR SUPPORT SERVICESCOR: TALYA SIMPSON TALYA.SIMPSON@FDA.HHS.GOV ALTERNATE COR: ELIJAH YOUNGER ELIJAH.YOUNGER@FDA.HHS.GOV,2/28/2025,,2024665,1202177,822488
DEPARTMENT OF HEALTH AND HUMAN SERVICES,OCOO OD MANAGEMENT CONSULTANT,2/28/2025,,1235347,414672,820675
DEPARTMENT OF HEALTH AND HUMAN SERVICES,SUPPORT FOR SCIENTIFIC SERVICES TO OND/ODES/DCOA IN DEVELOPING GUIDANCE ON THE INCLUSION OF DIGITAL HEALTH TECHNOLOGIES (DHTS) TO ASSESS PATIENT-CENTERED CLINICAL OUTCOMES UNDER INVESTIGATIONAL NEW DRUGS (INDS),2/28/2025,,949017,0,949017
DEPARTMENT OF HEALTH AND HUMAN SERVICES,MATERIALS PERFORMANCE STUDY EXTENSION,2/28/2025,,878780,181280,697500
DEPARTMENT OF HEALTH AND HUMAN SERVICES,SEESB PROGRAM SUPPORT,2/28/2025,,615916,419577,196339
DEPARTMENT OF HEALTH AND HUMAN SERVICES,"Enterprise Content Management Assessment (ECMA) Task B, ORA IT Program/Project Management Support Task A",2/28/2025,,432489,0,432489
DEPARTMENT OF HEALTH AND HUMAN SERVICES,LEADERSHIP FELLOW PROGRAM,2/28/2025,,399000,159600,239400
DEPARTMENT OF HEALTH AND HUMAN SERVICES,ADMIN SUPPORT FOR OEEOWE,2/28/2025,,308223,0,308223
DEPARTMENT OF HEALTH AND HUMAN SERVICES,Membership in the Federal Human Capital Collaborative Opportunity for Emerging HR Leaders,2/28/2025,,136250,50000,86250
DEPARTMENT OF HEALTH AND HUMAN SERVICES,MCHB62 C 5260 SECRETARY'S REPORT ON NEWBORN SCREENING ACTIVITIES FOR 2023 AND 2024,2/28/2025,,57503,0,57503
DEPARTMENT OF HEALTH AND HUMAN SERVICES,Leadership Training Coaching and Team Building,2/28/2025,,51200,0,51200
DEPARTMENT OF HEALTH AND HUMAN SERVICES,EXECUTIVE COACHING SERVICES FOR OCD/OEP,2/28/2025,,39082,0,39082
DEPARTMENT OF HEALTH AND HUMAN SERVICES,THIS IS INTENDED TO BE A TO OFF OF THE GDATA2 BPA (75D30122A15011).,3/3/2025,,7281018,5659714,1621304
DEPARTMENT OF HEALTH AND HUMAN SERVICES,NEW TASK ORDER FOR CHANGE MANAGEMENT SUPPORT,3/3/2025,,284697,0,284697
DEPARTMENT OF HEALTH AND HUMAN SERVICES,"PROVIDE THE SERVICES OF A STAFF ASSISTANT TO SUPPORT THE OFFICE OF THE ASSISTANT SECRETARY FOR PLANNING AND EVALUATION (ASPE), SCIENCE AND DATA POLICY (SDP).",3/3/2025,,169257,0,169257
DEPARTMENT OF HEALTH AND HUMAN SERVICES,"Public Health Infrastructure Center's Strategic Communication Consultation Services to assist in the planning and development of communciation materials and messages, technical packages, digital content, and graphic services.",3/4/2025,,1730326,109791,1620535
DEPARTMENT OF HEALTH AND HUMAN SERVICES,NFL Alumni (NFLA) Health Shingles Vaccine Community Outreach and Education Project,3/4/2025,,240000,27000,213000
DEPARTMENT OF HEALTH AND HUMAN SERVICES,Clinician Outreach and Education Promotion on Routine HPV Vaccination,3/4/2025,,197883,0,197883
DEPARTMENT OF HEALTH AND HUMAN SERVICES,Task order against the OADC BPA for Communications Services for Mass Communications Campaign to Reduce Excessive Alcohol Use,3/4/2025,,1773485,200000,1573485
DEPARTMENT OF HEALTH AND HUMAN SERVICES,Technical assistance for 2320 NOFO recipients,3/4/2025,,3223826,20000,3203826
DEPARTMENT OF HEALTH AND HUMAN SERVICES,ADMINISTRATIVE AND PROFESSIONAL SUPPORT SERVICES.,3/4/2025,,4468057,1536653,2931404
DEPARTMENT OF HEALTH AND HUMAN SERVICES,OSER TECHNICAL SUPPORT,3/4/2025,,3829663,2950996,878667
DEPARTMENT OF HEALTH AND HUMAN SERVICES,SYNERGY 8(A) SERVICE REQUIREMENT,3/4/2025,,3831223,131733,3699490
DEPARTMENT OF HEALTH AND HUMAN SERVICES,DEHSP SUPPORT SERVICES,3/4/2025,,12965173,1276729,11688444
DEPARTMENT OF HEALTH AND HUMAN SERVICES,DSLR MISSION SUPPORT SERVICES,3/5/2025,,5432148,4555559,876589
DEPARTMENT OF HEALTH AND HUMAN SERVICES,ARTIFICIAL INTELLIGENCE (AI) PLANNING AND SUPPORT,3/5/2025,,3509922,0,3509922
DEPARTMENT OF HEALTH AND HUMAN SERVICES,OFR ADMINISTRATIVE&FINANCIAL SUPPORT SERVICES IDIQ,3/5/2025,,12076513,2841958,9234555
DEPARTMENT OF HEALTH AND HUMAN SERVICES,DNA PLATING & STORAGE IDIQ,3/5/2025,,6463932,2945944,3517988
DEPARTMENT OF HEALTH AND HUMAN SERVICES,MEDICAL EXPERT SERVICES VICP CASE # 20-1242.,3/5/2025,,2077339,1711627,365712
DEPARTMENT OF HEALTH AND HUMAN SERVICES,ADVANCING HEALTH EQUITY THROUGH PUBLIC HEALTH INFRASTRUCTURE,3/5/2025,,747753,0,747753
DEPARTMENT OF HEALTH AND HUMAN SERVICES,FEC III SUPPORT TO NCHS-DAE,3/5/2025,,93636,0,93636
DEPARTMENT OF HEALTH AND HUMAN SERVICES,ORR STRATEGIC PLANNING,3/6/2025,,4886918,2282472,2604446
DEPARTMENT OF HEALTH AND HUMAN SERVICES,END STAGE RENAL DISEASE (ESRD) NETWORK 17,3/6/2025,,5954697,1326863,4627834
DEPARTMENT OF HEALTH AND HUMAN SERVICES,BUDGET AND EXTRAMURAL SUPPORT,3/6/2025,,3077196,18482,3058714
DEPARTMENT OF HEALTH AND HUMAN SERVICES,CONSULTING SERVICES TRAINING-OF-TRAINERS AND EVALUATION ACTIVITY,3/6/2025,,912039,462540,449499
DEPARTMENT OF HEALTH AND HUMAN SERVICES,DIVISION FOR HEART DISEASE AND STROKE PREVENTION ADMINISTRATIVE SUPPORT SERVICES,3/7/2025,,3777164,806238,2970926
DEPARTMENT OF HEALTH AND HUMAN SERVICES,OSH EVALUATION SUPPORT SERVICES,3/7/2025,,1992905,932660,1060245
DEPARTMENT OF HEALTH AND HUMAN SERVICES,"TO PROVIDE ONE (1) SCIENTIFIC ADMIN II SUPPORT SPECIALIST SERVICES. - EOI: ENDING RADICAL AND WASTEFUL GOVERNMENT DEI PROGRAMS AND PREFERENCING (JANUARY 20,2025) EOI NOTICE OF TERMINATION FOR CONVENIENCE.",3/7/2025,,256080,0,256080
DEPARTMENT OF HEALTH AND HUMAN SERVICES,"RESEARCHER I - EOI: ENDING RADICAL AND WASTEFUL GOVERNMENT DEI PROGRAMS AND PREFERENCING (JANUARY 20,2025) EOI NOTICE OF TERMINATION OF CONVENIENCE.",3/7/2025,,266188,0,266188
DEPARTMENT OF HEALTH AND HUMAN SERVICES,"SCIENTIST I - EOI: ENDING RADICAL AND WASTEFUL DEI PROGRAMS AND PREFERENCING (JANUARY 20, 2025) EOI NOTICE OF TERMINATION FOR CONVENIENCE.",3/7/2025,,228352,116912,111440
DEPARTMENT OF HEALTH AND HUMAN SERVICES,"SCIENTIST I TO SUPPORT CBER/OVRR IN PERFORMING MISSION-CRITICAL RESEARCH TO SUPPORT VACCINE SAFETY AND EFFICACY. - EOI::ENDING RADICAL AND WASTEFUL GOVERNMENT DEI PROGRAMS (JANUARY 20, 2025)::EOI NOTICE OF TERMINATION FOR CONVIVENCE.",3/7/2025,,583507,250598,332909
DEPARTMENT OF HEALTH AND HUMAN SERVICES,"SCIENTIFIC SUPPORT SERVICES - EOI::ENDING RADICAL AND WASTEFUL GOVERNMENT DEI PROGRAMS (JANUARY 20, 2025)::EOI NOTICE OF TERMINATION FOR CONVIVENCE.",3/7/2025,,308323,0,308323
DEPARTMENT OF HEALTH AND HUMAN SERVICES,"MICROBIAL FERMENTATION- DERIVED FOODS & INGREDIENTS INDUSTRY STUDY - EOI::ENDING RADICAL AND WASTEFUL GOVERNMENT DEI PROGRAMS (JANUARY 20, 2025)::EOI NOTICE OF TERMINATION FOR CONVIVENCE.",3/7/2025,,347520,0,347520
DEPARTMENT OF HEALTH AND HUMAN SERVICES,SENIOR ANALYST CONSULTING SERVICES,3/7/2025,,52230,0,52230
DEPARTMENT OF HEALTH AND HUMAN SERVICES,OCIO SUPPORT SERVICE - EOI::GSA DEFEND THE SPEND::EOI NOTICE OF TERMINATION FOR CONVENIENCE,3/7/2025,,27748318,22022577,5725741
DEPARTMENT OF HEALTH AND HUMAN SERVICES,EVALUATION SUPPORT SERVICES - EOI::SECRETARIAL DIRECTIVE DEI::EOI NOTICE OF TERMINATION FOR CONVENIENCE,3/7/2025,,3852106,1589434,2262672
DEPARTMENT OF HEALTH AND HUMAN SERVICES,"TO PROVIDE EXPERT TECHNICAL ADVICE, ASSISTANCE, AND SUPPORT TO IMPROVE THE SCIENCE FUNCTION BOTH IN-COUNTRY AND AT HEADQUARTERS USING ENHANCED TECHNOLOGY TOOLS, IMPROVED CUSTOMER SUPPORT, AND A STRATEGIC APPROACH THAT ACHIEVES LONG-TERM STABILITY.",3/7/2025,,1538658,781286,757372
DEPARTMENT OF HEALTH AND HUMAN SERVICES,GHS RESOURCE MANAGEMENT,3/10/2025,,10520167,6517666,4002501
DEPARTMENT OF HEALTH AND HUMAN SERVICES,MANAGEMENT CONSULTING SERVICES,3/10/2025,,11450612,425506,11025106
DEPARTMENT OF HEALTH AND HUMAN SERVICES,OHE STRATEGIC PLANNING,3/10/2025,,1038420,527505,510915
DEPARTMENT OF HEALTH AND HUMAN SERVICES,TECHNICAL AND SCIENTIFIC SERVICES TO IMPROVE MICRONUTRIENT NUTRITION,3/10/2025,,20518257,11392400,9125857
DEPARTMENT OF HEALTH AND HUMAN SERVICES,DATA GATHERING AND REPORTING - EOI::SECRETARIAL DIRECTIVE DEI::EOI TERMINATION FOR CONVENIENCE AGREEMENT,3/10/2025,,8399988,120000,8279988
DEPARTMENT OF HEALTH AND HUMAN SERVICES,"TO PREPARE, EDIT, AND REVISE COURSE MATERIALS FOR THE CAREER BUILDING FOR WOMEN IN SCIENCE COURSE WITHIN THE SALLIE ROSEN KAPLAN FELLOWSHIP FOR WOMEN SCIENTISTS IN CANCER RESEARCH PROGRAM. - EOI::ENDING RADICAL AND WASTEFUL GOVERNMENT DEI PROGRAMS ANDPREFERENCING (JANUARY 20, 2025)::EOI NOTICE OF TERMINATION FORCONVENIENCE (COMPLETE) AGREEMENT",3/10/2025,,187500,0,187500
DEPARTMENT OF HEALTH AND HUMAN SERVICES,"ADMINISTRATIVE, TECHNICAL AND PROFESSIONAL SUPPORT FOR DLS",3/10/2025,,19719631,13884867,5834764
DEPARTMENT OF HEALTH AND HUMAN SERVICES,FDA-IRISK SYSTEM,3/10/2025,,3567988,0,3567988
DEPARTMENT OF HEALTH AND HUMAN SERVICES,A GLYCOLIPID ADJUVANT 7DW8-5 FOR MALARIA VACCINES,3/10/2025,,2501040,0,2501040
DEPARTMENT OF HEALTH AND HUMAN SERVICES,CDER NEURODEVELOPMENTAL AND MENTAL HEALTH OUTCOMES IN PRETERM INFANTS: EFFECTS OF EXP,3/10/2025,,1050310,0,1050310
DEPARTMENT OF HEALTH AND HUMAN SERVICES,Systematic review of neurodevelopmental outcome in vulnerable pediatric patient population,3/10/2025,,243473,0,243473
DEPARTMENT OF HEALTH AND HUMAN SERVICES,THE OBJECTIVES OF THE PROPOSED STUDY ARE TO EXAMINE THE EFFECTS OF POSTNATAL MANAGEMENT,3/10/2025,,1721851,372388,1349463
DEPARTMENT OF HEALTH AND HUMAN SERVICES,TBDC CAPSEQ-TRANCRIPTOME ANALYSIS SERVICE,3/10/2025,,41250,0,41250
DEPARTMENT OF HEALTH AND HUMAN SERVICES,PROSPECTIVE LONG-TERM FOLLOW-UP OF COVID 19 INFECTION WITH NEUROLOGICAL MANIFESTATIONS,3/10/2025,,249000,0,249000
DEPARTMENT OF HEALTH AND HUMAN SERVICES,SOFTWARE ENGINEERING SUPPORT FOR BIOMEDICAL AND BIBLIOGRAPHIC INFORMATION RESOURCES,3/11/2025,,97723690,58908635,38815055
DEPARTMENT OF HEALTH AND HUMAN SERVICES,PROFESSIONAL SUPPORT SERVICES,3/11/2025,,1736518,16703,1719815
DEPARTMENT OF HEALTH AND HUMAN SERVICES,"DGHT STRATEGIC PROGRAM, FINANCIAL AND TECHNICAL MANAGEMENT SUPPORT SERVICES",3/11/2025,,2723624,0,2723624
DEPARTMENT OF HEALTH AND HUMAN SERVICES,OCI HUMAN RESOURCE EMPLOYMENT CONSULTING SERVICES,3/11/2025,,426816,264480,162336
DEPARTMENT OF HEALTH AND HUMAN SERVICES,MENTHOL FLAVORED TOBACCO POLICY EVALUATION,3/11/2025,,1142003,0,1142003
DEPARTMENT OF HEALTH AND HUMAN SERVICES,FISCAL STEWARDSHIP,3/11/2025,,8480007,2913282,5566725
DEPARTMENT OF HEALTH AND HUMAN SERVICES,WIKI CONSULTING SERVICES - EOI::SECRETARIAL DIRECTIVE DEI::EOI NOTICE OF TERMINATION FOR CONVENIENCE,3/11/2025,,59320,17760,41560
DEPARTMENT OF HEALTH AND HUMAN SERVICES,24-000561 THE NHLBI OFFICE OF MANAGEMENT REQUIRES AN ETHICS ANALYST IN ORDER TO OBTAIN ADMINISTRATIVE SUPPORT SERVICES.,3/11/2025,,2122596,1339937,782659
DEPARTMENT OF HEALTH AND HUMAN SERVICES,ELCIB SUPPORT,3/11/2025,,16513488,4338147,12175341
DEPARTMENT OF HEALTH AND HUMAN SERVICES,"CUSTOMER SERVICE TRAINING - EOI::ENDING RADICAL AND WASTEFUL GOVERNMENT DEI PROGRAMS ANDPREFERENCING (JANUARY 20, 2025)::EOI NOTICE OF TERMINATION FORCONVENIENCE",3/11/2025,,12000,0,12000
DEPARTMENT OF HEALTH AND HUMAN SERVICES,"SUPPORT TO DEVELOP AND EXECUTE EVALUATION OF COSWD PROGRAMS. - EOI::ENDING RADICAL AND WASTEFUL GOVERNMENT DEI PROGRAMS AND PREFERENCING (JANUARY 20,2025)::EOI NOTICE OF TERMINATION FOR CONVENIENCE.",3/11/2025,,3184186,0,3184186
DEPARTMENT OF HEALTH AND HUMAN SERVICES,OHIC EQUITY STRATEGIC PROGRAM & ORGANIZATION IMPROVEMENT,1/29/2025,,3598655,749999,2848656
DEPARTMENT OF HEALTH AND HUMAN SERVICES,NIH CLIMATE SURVEY SUPPORT SERVICES,2/3/2025,,3132252,1927361,1204891
DEPARTMENT OF HEALTH AND HUMAN SERVICES,ONE (1) SENIOR ADMINISTRATIVE ASSISTANT LEVEL 3 AND TWO (2) EXECUTIVE ASSISTANT (ADMIN 4),2/7/2025,,1444202,562696,881506
DEPARTMENT OF HEALTH AND HUMAN SERVICES,PUBLIC HEALTH REPORTS EDITING SERVICES,2/7/2025,,848851,514130,334721
DEPARTMENT OF HEALTH AND HUMAN SERVICES,"LTASC III TORP 3069, EXECUTIVE ASSISTANT, ADMIN. LEVEL 4 (1 POSITION), AMBIS # 2209919",2/7/2025,,277747,0,277747
DEPARTMENT OF HEALTH AND HUMAN SERVICES,[24-009886] THE NHLBI OFFICE OF THE SCIENTIFIC DIRECTOR (OSD) REQUIRES AN EXECUTIVE ASSISTANT IN ORDER TO OBTAIN ADMINISTRATIVE SUPPORT SERVICES. POP 05/03/2024 - 05/02/2025.,2/7/2025,,198443,0,198443
DEPARTMENT OF HEALTH AND HUMAN SERVICES,NIMHD DEPUTY DIRECTOR EXECUTIVE ASSISTANT,2/7/2025,,139699,30,139669
DEPARTMENT OF HEALTH AND HUMAN SERVICES,"NATIONAL INSTITUTE OF HEALTH (NIH), NATIONAL INSTITUTE ON MINORITY HEALTH AND HEALTH DISPARITIES (NIMHD), HEALTH EQUITY AND DECISION SCIENCES (HEADS) RESEARCH LABORATORY, WEBSITE DEVELOPMENT FOR A SIMULATION MODEL-BASED CLINICAL DECISION TOOL",2/7/2025,,136400,0,136400
DEPARTMENT OF HEALTH AND HUMAN SERVICES,Politico Subscription,2/7/2025,,127505,105560,21945
DEPARTMENT OF HEALTH AND HUMAN SERVICES,NIH NHLBI DIVISION OF EXTRAMURAL RESEARCH ACTIVITIES REQUIRES AN EXECUTIVE ASSISTANT IN ORDER TO OBTAIN ADMINISTRATIVE SUPPORT SERVICES.[24-006898],2/7/2025,,104530,0,104530
DEPARTMENT OF HEALTH AND HUMAN SERVICES,"[25-001132] NHLBI OFFICE OF MANAGEMENT (OM), NHLBI IMMEDIATE OFFICE OF THE DIRECTOR (IOD), AND THE NHLBI OFFICE OF MANAGEMENT REQUIRES SENIOR SCIENCE WRITER/PROGRAM MANAGER IN ORDER TO PROVIDE INTERNAL COMMUNICATION SERVICES",2/7/2025,,97132,0,97132
DEPARTMENT OF HEALTH AND HUMAN SERVICES,LEADERSHIP CONSULTING SERVICES,2/7/2025,,90908,0,90908
DEPARTMENT OF HEALTH AND HUMAN SERVICES,ONE-ON-ONE-GUIDANCE FOR SENIOR STAFF TO ASSIST WITH MEETING SHORT-TERM AND LONG-TERM GOALS,2/7/2025,,61464,0,61464
DEPARTMENT OF HEALTH AND HUMAN SERVICES,Politico Premium Subscription for 2 users,2/7/2025,,57012,4373,52639
DEPARTMENT OF HEALTH AND HUMAN SERVICES,ONE-ON-ONE-GUIDANCE FOR SENIOR STAFF TO ASSIST WITH MEETING SHORT-TERM AND LONG-TERM GOALS,2/7/2025,,51137,0,51137
DEPARTMENT OF HEALTH AND HUMAN SERVICES,ONE-ON-ONE-GUIDANCE FOR SENIOR STAFF TO ASSIST WITH MEETING SHORT-TERM AND LONG-TERM GOALS,2/7/2025,,15703,0,15703
DEPARTMENT OF HEALTH AND HUMAN SERVICES,ONE-ON-ONE-GUIDANCE FOR SENIOR STAFF TO ASSIST WITH MEETING SHORT-TERM AND LONG-TERM GOALS,2/7/2025,,13236,0,13236
DEPARTMENT OF HEALTH AND HUMAN SERVICES,ONE-ON-ONE-GUIDANCE FOR SENIOR STAFF TO ASSIST WITH MEETING SHORT-TERM AND LONG-TERM GOALS,2/7/2025,,7519,0,7519
DEPARTMENT OF HEALTH AND HUMAN SERVICES,ONE-ON-ONE-GUIDANCE FOR SENIOR STAFF TO ASSIST WITH MEETING SHORT-TERM AND LONG-TERM GOALS,2/7/2025,,2750,0,2750
DEPARTMENT OF HEALTH AND HUMAN SERVICES,OWER HUMAN CAPITAL MANAGEMENT AND DEVELOPMENT SUPPORT,2/10/2025,,99041500,0,99041500
DEPARTMENT OF HEALTH AND HUMAN SERVICES,Business Process Improvement / Strategic Planning Services,2/10/2025,,19044599,0,19044599
DEPARTMENT OF HEALTH AND HUMAN SERVICES,CONTENT SUPPORT AND COMMUNICATIONS SERVICES FOR THE NATIONAL CANCER INSTITUTE (NCI)/OFFICE OF CONTENT SUPPORT AND COMMUNICATIONS SERVICES,2/10/2025,,15730000,267118,15462882
DEPARTMENT OF HEALTH AND HUMAN SERVICES,Grants Management Compliance,2/10/2025,,4433884,0,4433884
DEPARTMENT OF HEALTH AND HUMAN SERVICES,Administrative Management and General Management Consulting Services,2/10/2025,,323445,0,323445
DEPARTMENT OF HEALTH AND HUMAN SERVICES,NCIRD REORGANIZATION SUPPORT,2/13/2025,,13591163,169783,13421380
DEPARTMENT OF HEALTH AND HUMAN SERVICES,GMS SUPPORT SERVICES,2/13/2025,,9114592,6189209,2925383
DEPARTMENT OF HEALTH AND HUMAN SERVICES,"Subject Matter Expertise Contractor support to implement the President's Executive Order 14035 "" Diversity, Equity, Inclusion and Accessibility in the Federal Workforce as well as HHS DEIA Strategic Plan.",2/13/2025,,6529605,21243,6508362
DEPARTMENT OF HEALTH AND HUMAN SERVICES,"The purpose is to provide continuous support to CDC-funded recipients and stakeholders on the development, implementation, translation, and monitoring and evaluation of their HIV prevention programs through a centralized, coordinated NHM&E Service Center.",2/13/2025,,4185177,2066070,2119107
DEPARTMENT OF HEALTH AND HUMAN SERVICES,DITA SUPPORT SERVICES,2/13/2025,,3999773,2969481,1030292
DEPARTMENT OF HEALTH AND HUMAN SERVICES,TECH AND ADMIN SUPPORT,2/13/2025,,3848892,1896418,1952474
DEPARTMENT OF HEALTH AND HUMAN SERVICES,CONTRACT FOR INTERNAL/BUSINESS COMMUNICATION SERVICES,2/13/2025,,3456017,729193,2726824
DEPARTMENT OF HEALTH AND HUMAN SERVICES,GPHSB Public Health Scientist,2/13/2025,,2790778,348279,2442499
DEPARTMENT OF HEALTH AND HUMAN SERVICES,SUBSCRIPTION -AUTOMATE ORGANIZATIONAL CHARTS,2/13/2025,,2557171,724434,1832737
DEPARTMENT OF HEALTH AND HUMAN SERVICES,Healthy Brain Resource Center (HBRC) Maintenance &Improved Functionality Support Services,2/13/2025,,2145221,536922,1608299
DEPARTMENT OF HEALTH AND HUMAN SERVICES,Professional Services - Data Analytics Reporting Support,2/13/2025,,2031994,1168534,863460
DEPARTMENT OF HEALTH AND HUMAN SERVICES,FINANCIAL SUPPORT,2/13/2025,,1508717,1005010,503707
DEPARTMENT OF HEALTH AND HUMAN SERVICES,Administrative Assistant II,2/13/2025,,1143448,454514,688934
DEPARTMENT OF HEALTH AND HUMAN SERVICES,NCIPC PROGRAM SUPPORT,2/13/2025,,1084613,615614,468999
DEPARTMENT OF HEALTH AND HUMAN SERVICES,Strategic and Organizational Improvement Plan development,2/13/2025,,1020224,322058,698166
DEPARTMENT OF HEALTH AND HUMAN SERVICES,Instructional Designer,2/13/2025,,1015481,969743,45738
DEPARTMENT OF HEALTH AND HUMAN SERVICES,Support for environmental sustainability for requirements of EO 14057,2/13/2025,,781053,425252,355801
DEPARTMENT OF HEALTH AND HUMAN SERVICES,Contractor was to improve the effectiveness and efficiency of a branch within the Division of HIV Prevention.,2/13/2025,,676988,676988,0
DEPARTMENT OF HEALTH AND HUMAN SERVICES,Administrative Support Services,2/13/2025,,580621,364184,216437
DEPARTMENT OF HEALTH AND HUMAN SERVICES,Training Specialist Support Services,2/13/2025,,487897,155363,332534
DEPARTMENT OF HEALTH AND HUMAN SERVICES,COVID-19 CASE REPORTING,2/13/2025,,352369,178929,173440
DEPARTMENT OF HEALTH AND HUMAN SERVICES,General Clerk Services,2/13/2025,,269078,204055,65023
DEPARTMENT OF HEALTH AND HUMAN SERVICES,"The Contractor shall extend, expand, and maintain the Career Firefighter Health Cohort by updating the cohort, obtaining cancer diagnoses from cohort members, and obtaining causes of death for cohort members.",2/13/2025,,257518,0,257518
DEPARTMENT OF HEALTH AND HUMAN SERVICES,The Contractor shall perform a research study to determine whether Pace University employees had increased risk of developing cancer as a result of working in Manhattan post-9/11 requires comparing the cancer experience among those who had this exposure to a referent unexposed group.,2/13/2025,,249647,0,249647
DEPARTMENT OF HEALTH AND HUMAN SERVICES,DISASTER RELATED RAPIDS NEEDS ASSESSMENT,2/13/2025,,198253,0,198253
DEPARTMENT OF HEALTH AND HUMAN SERVICES,OHR Budget Analyst Services,2/13/2025,,160157,160157,0
DEPARTMENT OF HEALTH AND HUMAN SERVICES,NEWS MEDIA CLIPPING SUPPORT,2/13/2025,,147822,133040,14782
DEPARTMENT OF HEALTH AND HUMAN SERVICES,SOIL VAPOR INTRUSION TOOLBOX,2/13/2025,,140000,140000,0
DEPARTMENT OF HEALTH AND HUMAN SERVICES,Evalution Support for the Office of Health Equity,2/13/2025,,116667,116667,0
DEPARTMENT OF HEALTH AND HUMAN SERVICES,MEDICAL MANAGEMENT GUIDES UPDATE,2/13/2025,,113200,113200,0
DEPARTMENT OF HEALTH AND HUMAN SERVICES,Customer Discovery Interviews to Better Understand NIOSH Audiences and Messaging,2/13/2025,,100000,0,100000
DEPARTMENT OF HEALTH AND HUMAN SERVICES,"REGULATORY AND CHEMISTRY, MAUFACTURING AND CONTROL SUPPORT",2/13/2025,,91550,30000,61550
DEPARTMENT OF HEALTH AND HUMAN SERVICES,COMMERCIAL LAUNDROMAT SHOWER MODEL,2/13/2025,,71222,71222,0
DEPARTMENT OF HEALTH AND HUMAN SERVICES,GENERAL CLERK SERVICES,2/13/2025,,63036,45466,17570
DEPARTMENT OF HEALTH AND HUMAN SERVICES,Software license,2/13/2025,,29345,29345,0
DEPARTMENT OF HEALTH AND HUMAN SERVICES,ENVIRONMENTAL HEALTH AND LAND REUSE WEBINARS,2/13/2025,,27277,27277,0
DEPARTMENT OF HEALTH AND HUMAN SERVICES,HEALTH EFFECTS CHART WEBINARS,2/13/2025,,25989,48603,-22614
DEPARTMENT OF HEALTH AND HUMAN SERVICES,OHSO ISO CERTIFICATION - PJR,2/13/2025,,22569,4404,18165
DEPARTMENT OF HEALTH AND HUMAN SERVICES,BRICS INFRASTRUCTURE PRODUCTS/SUPPORT,2/18/2025,,58755185,26738070,32017115
DEPARTMENT OF HEALTH AND HUMAN SERVICES,"OPERATIONS, MAINTENANCE, AND MODERNIZATION SUPPORT FOR CLINICALTRIALS.GOV",2/18/2025,,26699078,1042050,25657028
DEPARTMENT OF HEALTH AND HUMAN SERVICES,LABOR HOUR AWARDOFFICE OF FINANCIAL MANAGEMENT (OFM) FINANCIAL SYSTEMS BUSINESS (FMS) ? FINANCIAL TOOLS BUSINESS OPERATIONS SUPPORTCOR: BRIMA TURAY BRIMA.TURAY@FDA.HHS.GOV,2/18/2025,,11187606,0,11187606
DEPARTMENT OF HEALTH AND HUMAN SERVICES,CPR OPERATIONAL EXCELLENCE PROJECT SUPPORT,2/18/2025,,7273623,15969,7257654
DEPARTMENT OF HEALTH AND HUMAN SERVICES,"This contract assists ACF's OPRE and CB in providing evaluation-related support for organizations awarded cooperative agreement grants by CB that support the development, implementation, and evaluation of strategies that support community-level multi-system collaboratives designed to prevent child abuse and neglect. The contract also conducts a cross-site process evaluation of CB grantees’ implementation processes and outcomes.",2/18/2025,,1816462,202920,1613542
DEPARTMENT OF HEALTH AND HUMAN SERVICES,TECHNICAL ASSISTANCE FOR 508 REMEDIATION SERVICES FOR CTP DOCUMENTS AND VIDEOS,2/18/2025,,1770470,0,1770470
DEPARTMENT OF HEALTH AND HUMAN SERVICES,"The purpose of this contract is to provide essential logistical, technical, and communications support for the Office of Climate Change and Health Equity, including the Office of Environmental Justice (OCCHE/OEJ), as it pursues its mission through the convening of various meetings and working groups and the development of various strategic documents and communications.",2/18/2025,,699634,699634,0
DEPARTMENT OF HEALTH AND HUMAN SERVICES,"MARKETSCAN DATA, LARGE NATIONAL DATASET OF PRIVATE SECTOR MEDICAL CLAIMS",2/18/2025,,619112,125832,493280
DEPARTMENT OF HEALTH AND HUMAN SERVICES,"THIS REQUIREMENT IS TO SUPPORT THE COMMUNICATION ABOUT, PARTICIPANT ENGAGEMENT IN, AND EVALUATION OF THE NEWBORN SUPPLY KIT PILOT. THE PROGRAM AIMS TO IMPROVE MATERNAL MENTAL HEALTH OUTCOMES, PROVIDE FAMILIES WITH INFORMATION ABOUT FEDERAL PROGRAMS, Federal programs, and build trust between families, healthcare providers, communities, and the government. The evaluation will assess the program’s effectiveness in achieving those objectives, as well as its impact on family health and well-being.",2/18/2025,,173280,173280,0
DEPARTMENT OF HEALTH AND HUMAN SERVICES,Analytic Support to Inform Healthcare Data Development and Research,2/18/2025,,124600,25900,98700
DEPARTMENT OF HEALTH AND HUMAN SERVICES,"The purpose of this contract is to inform a climate and health equity training and implementation program (Climate Action, Readiness and Equity [CARE] SG Chartered Advisory Group) to mobilize Public Health Service officers from United States Public Health Service (USPHS) Commissioned Corps and staff as leaders in climate and health equity action. This project will determine the knowledge of climate change, environmental justice, and health equity of Public Health Service officers. A needs assessment will be conducted including Public Health Service officers who comprise 11 different professional categories, are assigned to over 20 federal agencies, 10 domestic regional geographic areas and numerous international areas, and consist of junior and senior officers based upon rank.",2/18/2025,,61324,61324,0
DEPARTMENT OF HEALTH AND HUMAN SERVICES,Comprehensive Care for Joint Replacement Model Three Year Extension Management and Technical Support Services Contract,2/19/2025,,3979477,1591790,2387687
DEPARTMENT OF HEALTH AND HUMAN SERVICES,CMMI Risk Assessment & Operational Analysis,2/19/2025,,1774633,750000,1024633
DEPARTMENT OF HEALTH AND HUMAN SERVICES,Management consulting services,2/19/2025,,1683861,1600000,83861
DEPARTMENT OF HEALTH AND HUMAN SERVICES,Administrative Services,2/19/2025,,67312,0,67312
DEPARTMENT OF HEALTH AND HUMAN SERVICES,CENTER FOR DEVICES AND RADIOLOGICAL HEALTH (CDRH) - ISO AUDIT OF CDRH QUALITY MANAGEMENT SYSTEM SUPPORT SERVICES,2/20/2025,,280068,144211,135857
DEPARTMENT OF HEALTH AND HUMAN SERVICES,MEDIA MONITORING SERVICES,2/20/2025,,123366,107611,15755
DEPARTMENT OF HEALTH AND HUMAN SERVICES,WESTLAW SUBSCRIPTION 12 MONTH RENEWAL,2/20/2025,,19941,0,19941
DEPARTMENT OF HEALTH AND HUMAN SERVICES,"THIS FIRM FIXED PRICE DELIVERY ORDER IS AWARDED IN ACCORDANCE WITH FAR 8.405 ORDERING AND, PURSUANT TO GSA SCHEDULE # GS-00F-354CA FOR SEED PROGRAM EVALUATION SUPPORT SERVICES TO RESEARCH TRIANGLE INSTITUTE INTERNATIONAL IN THE AMOUNT OF $2,490,382.2",2/21/2025,,5592625,3956062,1636563
DEPARTMENT OF HEALTH AND HUMAN SERVICES,"Scientific, Administrative, Operational Resources (SOAR) Contractor turned down the position. Being off-boarded.",2/21/2025,,981100,588660,392440
DEPARTMENT OF HEALTH AND HUMAN SERVICES,EXECUTIVE COACHING AND ORGANIZATIONAL DEVELOPMENT,2/21/2025,,703921,216119,487802
DEPARTMENT OF HEALTH AND HUMAN SERVICES,"The objectives of this contract are to facilitate the delivery of: (1) expert advice, assistance, guidance, coaching, and counseling in support of the NCATS mission-oriented business functions; and (2) training services including instructor led training, course development and administration, and learning management.",2/21/2025,,649111,57153,591958
DEPARTMENT OF HEALTH AND HUMAN SERVICES,THE CONTRACTOR SHALL PROVIDE SERVICES TO IMPLEMENT NEW FEATURES AND PRODUCTS SUPPORTING THE EXISTING SYSTEMS IN ACCORDANCE WITH THE STATEMENT OF WORK.,2/21/2025,,580877,0,580877
DEPARTMENT OF HEALTH AND HUMAN SERVICES,TITLE: SEED I-CORP ENTREPRENEURSHIP/BOOT CAMP PROGRAM,2/21/2025,,480000,320000,160000
DEPARTMENT OF HEALTH AND HUMAN SERVICES,"This contract was for organizational development, teambuilding and training as well as organizational support services.",2/21/2025,,249975,199980,49995
DEPARTMENT OF HEALTH AND HUMAN SERVICES,Coaching,2/21/2025,,232002,162018,69984
DEPARTMENT OF HEALTH AND HUMAN SERVICES,"THE DEIA TEAM REQUIRES A CONSULTANT AND FACILITATOR TO ASSIST THEM IN ESTABLISHING AND REFINE ITS VISION AND MISSION, CLARIFYING ROLES",2/21/2025,,165000,119140,45860
DEPARTMENT OF HEALTH AND HUMAN SERVICES,"The Subject Matter Expert services needed for this task are unique due to the specialized nature of the Cancer Moonshot 1.0 Initiative. This is a one-time effort of special funding to accomplish the goals of the Moonshot. To support continued growth, coordination and evaluation needs of the Cancer Moonshot Initiative, the Office of the Director (OD) requires the services of a Subject Matter Expert with the combination of skills to advise and assist NCI OD in the continuation of all planning, coordination, evaluation, and closeout objectives necessary for the success of the Cancer Moonshot Initiative.",2/21/2025,,97284,50523,46761
DEPARTMENT OF HEALTH AND HUMAN SERVICES,Division of Extramural Activities Executive Presence Training,2/21/2025,,28911,0,28911
DEPARTMENT OF HEALTH AND HUMAN SERVICES,"THE OBJECTIVE OF THISE TASK ORDER IS TO PROVIDE ADMINISTRATIVE, ANALYTICAL, TECHNICAL AND TRAINING SUPPORT SERVICES TO DGM AND OTHER OFR DIVISIONS FOR BOTH DISCRETIONARY AND MANDATORY GRANTS",2/24/2025,,16223944,0,16223944
DEPARTMENT OF HEALTH AND HUMAN SERVICES,CMS Quality Conference,2/24/2025,,12202775,4779262,7423513
DEPARTMENT OF HEALTH AND HUMAN SERVICES,CSAP LOGISTICS,2/24/2025,,8578396,4874919,3703477
DEPARTMENT OF HEALTH AND HUMAN SERVICES,THE PURPOSE OF THIS TASK ORDER IS TO PROVIDE HUMAN RESOURCES SUPPORT AND TECHNICAL EXPERTISE TO THE SUBSTANCE ABUSE AND MENTAL HEALTH SERVICES ADMINISTRATION (SAMHSA).,2/24/2025,,6838375,3278614,3559761
DEPARTMENT OF HEALTH AND HUMAN SERVICES,"THE PRIMARY OBJECTIVE OF THIS ORDER IS TO OBTAIN FINANCIAL MANAGEMENT SUPPORT FOR THE OFFICE OF FINANCIALADVISORY SERVICES (OFAS), OFR.",2/24/2025,,6526677,268200,6258477
DEPARTMENT OF HEALTH AND HUMAN SERVICES,Information Technology (IT) Acquisition Support,2/24/2025,,4372244,2650915,1721329
DEPARTMENT OF HEALTH AND HUMAN SERVICES,NIDA Youth Art and Community Project Competitions,2/24/2025,,1517818,1304600,213218
DEPARTMENT OF HEALTH AND HUMAN SERVICES,"Scientific, Administrative, Operational Resources (SOAR): Participate in project teams and working groups to serve as subject matter expert and support or manage DEO initiatives and projects. Participate as an active team member providing recommendations and ideas to strengthen program initiatives and engagement strategies.",2/24/2025,,1344384,1187539,156845
DEPARTMENT OF HEALTH AND HUMAN SERVICES,EXEC AND OFFICE SUPPORT FOR OADC,2/24/2025,,1244445,0,1244445
DEPARTMENT OF HEALTH AND HUMAN SERVICES,The purpose of this task order is to provide NIH Enterprise Document Generation System Support services,2/24/2025,,1162494,143112,1019382
DEPARTMENT OF HEALTH AND HUMAN SERVICES,"Scientific, Administrative, Operational Resources (SOAR): TO is unoccupied and will be closed.",2/24/2025,,1148557,765705,382852
DEPARTMENT OF HEALTH AND HUMAN SERVICES,"Scientific, Administrative, Operational Resources (SOAR) : TO is unoccupied and will be closed",2/24/2025,,1083622,812716,270906
DEPARTMENT OF HEALTH AND HUMAN SERVICES,"LOGISTICAL AND CONFERENCE SUPPORT FOR THE NATIONAL INSTITUTE ON DRUG ABUSE (NIDA), OFFICE OF DIVERSITY AND HEALTH DISPARITIES (ODHD)",2/24/2025,,1076054,0,1076054
DEPARTMENT OF HEALTH AND HUMAN SERVICES,"Scientific, Administrative, Operational Resources (SOAR) : TO is unoccupied and will be closed",2/24/2025,,1042765,886350,156415
DEPARTMENT OF HEALTH AND HUMAN SERVICES,"Scientific, Administrative, Operational Resources (SOAR)",2/24/2025,,1037236,207447,829789
DEPARTMENT OF HEALTH AND HUMAN SERVICES,"Scientific, Administrative, Operational Resources (SOAR): This position is to develop an automated data quality analysis tool; collaborate closely with a team to devise study designs, create data analysis plans, and draft manuscripts applying a data quality analysis framework to cancer phenotypes; provide guidance on data standards for the program; guide scientific rigor of the program; organize a virtual symposium for Small Grant Program awardees.",2/24/2025,,968433,839308,129125
DEPARTMENT OF HEALTH AND HUMAN SERVICES,"Scientific, Administrative, Operational Resources (SOAR) : The Health Science Policy Analyst will provide science policy expertise as it pertains to issues of significance for the All of Us Research Program, the NIH, and the biomedical research community. The resource will serve in the Ethical, Legal, and Social Implications (ELSI) Team, which is responsible for overseeing ELSI integration into the activities of the All of Us Research Program through governance, scholarship, policy development, and practical implementation.",2/24/2025,,961919,721439,240480
DEPARTMENT OF HEALTH AND HUMAN SERVICES,"Scientific, Administrative, Operational Resources (SOAR): Manages project-related activities, such as coordination, timeline and deliverable tracking, developing materials, facilitating discussions, and analyzing costs.",2/24/2025,,959577,383831,575746
DEPARTMENT OF HEALTH AND HUMAN SERVICES,"Scientific, Administrative, Operational Resources (SOAR) : TO is unoccupied and will be closed",2/24/2025,,910105,712915,197190
DEPARTMENT OF HEALTH AND HUMAN SERVICES,"Scientific, Administrative, Operational Resources (SOAR): Support the Office of Program Strategy and Research Management, and specifically the Research management components, by conducting collection, analysis, and evaluation of program data.",2/24/2025,,869314,608519,260795
DEPARTMENT OF HEALTH AND HUMAN SERVICES,"Scientific, Administrative, Operational Resources (SOAR): Under this task order, the contractor will independently provide support services to satisfy the overall operational objectives of the National Institute on Drug Abuse. The primary objective is to provide services and deliverables through performance of support services. Coordinate periodic TRSP-related scientific / training meetings within NIDA; develop agendas, prepare and distribute background information; write and distribute minutes; schedule conference or virtual rooms as needed.",2/24/2025,,863608,244689,618919
DEPARTMENT OF HEALTH AND HUMAN SERVICES,"Scientific, Administrative, Operational Resources (SOAR): TO is unoccupied and will be closed",2/24/2025,,863137,244555,618582
DEPARTMENT OF HEALTH AND HUMAN SERVICES,OCS HEALTH COMMUNICATION SUPPORT,2/24/2025,,858814,0,858814
DEPARTMENT OF HEALTH AND HUMAN SERVICES,"Scientific, Administrative, Operational Resources (SOAR) : This role will carry out analyses, project management, grant reviews and logistical support for the Office of the Chief Medical and Scientific Officer (CMSO).",2/24/2025,,852289,582397,269892
DEPARTMENT OF HEALTH AND HUMAN SERVICES,"Scientific, Administrative, Operational Resources (SOAR): Research program advising",2/24/2025,,845782,183252,662530
DEPARTMENT OF HEALTH AND HUMAN SERVICES,"Scientific, Administrative, Operational Resources (SOAR): Independently provides administrative support services for ECHO the overall operational objectives .",2/24/2025,,824637,329855,494782
DEPARTMENT OF HEALTH AND HUMAN SERVICES,"Scientific, Administrative, Operational Resources (SOAR): Task order is unoccupied and will be closed.",2/24/2025,,810451,486270,324181
DEPARTMENT OF HEALTH AND HUMAN SERVICES,"Scientific, Administrative, Operational Resources (SOAR) : Task Order Closed",2/24/2025,,792031,237609,554422
DEPARTMENT OF HEALTH AND HUMAN SERVICES,"Scientific, Administrative, Operational Resources (SOAR) : This individual will be responsible for managing the Chief Engagement Officer’s speaking opportunities (~ 8 to 10 events a month) with internal and external stakeholders. Additionally, this individual will support the DEO’s efforts for publications in various journals and at conferences.",2/24/2025,,790030,368680,421350
DEPARTMENT OF HEALTH AND HUMAN SERVICES,"Scientific, Administrative, Operational Resources (SOAR) : This position will independently provide support to satisfy the overall operational objectives of the Office of the Director, All of Us Research Programs. The primary objective is to provide services and deliverables to support leadership to manage the Office of Finance and Management and the Strategic Relationships Branch and through performance of support services.",2/24/2025,,745027,285593,459434
DEPARTMENT OF HEALTH AND HUMAN SERVICES,"Scientific, Administrative, Operational Resources (SOAR): TO is unoccupied and will be closed",2/24/2025,,732442,146488,585954
DEPARTMENT OF HEALTH AND HUMAN SERVICES,"Scientific, Administrative, Operational Resources (SOAR) :TO is unoccupied and will be closed.",2/24/2025,,696302,139260,557042
DEPARTMENT OF HEALTH AND HUMAN SERVICES,"Scientific, Administrative, Operational Resources (SOAR) : Will serve as a junior analyst in the Ethical, Legal, and Social Implications (ELSI) Team, which is responsible for overseeing ELSI integration into the activities of the All of Us Research Program through governance, scholarship, policy development, and practical implementation.",2/24/2025,,691004,437635,253369
DEPARTMENT OF HEALTH AND HUMAN SERVICES,"Scientific, Administrative, Operational Resources (SOAR): Provides ethics support by reviewing forms required by the Ethics in Government Act, researching and analyzing cases for compliance with statutes and regulations, and maintaining official records.",2/24/2025,,689862,413917,275945
DEPARTMENT OF HEALTH AND HUMAN SERVICES,"Scientific, Administrative, Operational Resources (SOAR) : Providing compliance support services necessary to ensure the practices and procedures are compliant with federal laws for the specialized area of ""Other Transaction"" awards",2/24/2025,,667125,542039,125086
DEPARTMENT OF HEALTH AND HUMAN SERVICES,"Scientific, Administrative, Operational Resources (SOAR): Reports on the scientific initiatives and advances generated by program activities as required by Congress and that reflect the policies and priorities of the Department and Agency. Prepares background materials for senior staff that capture the current state of knowledge in scientific areas, and provides support for research program planning, or evaluation, and responses to other Departmental and Agency assignments.",2/24/2025,,651195,260478,390717
DEPARTMENT OF HEALTH AND HUMAN SERVICES,"Scientific, Administrative, Operational Resources (SOAR) :Provides streamlined workflow and cost-saving to strategic planning and communication tasks mandated by statutes [H.R.4365 and S.424]",2/24/2025,,633510,253404,380106
DEPARTMENT OF HEALTH AND HUMAN SERVICES,"Scientific, Administrative, Operational Resources (SOAR) : Develops materials, supporting media outreach and coordinating stakeholder engagement activities related to communication activities related to the ECHO Program.",2/24/2025,,610273,335650,274623
DEPARTMENT OF HEALTH AND HUMAN SERVICES,"Scientific, Administrative, Operational Resources (SOAR) : General operations coordination, POTS, ITAS, Property mgmt, and scheduling.",2/24/2025,,582162,116432,465730
DEPARTMENT OF HEALTH AND HUMAN SERVICES,"Scientific, Administrative, Operational Resources (SOAR): TO is unoccupied and will be closed",2/24/2025,,560892,280446,280446
DEPARTMENT OF HEALTH AND HUMAN SERVICES,"Scientific, Administrative, Operational Resources (SOAR): Provides ethics support by reviewing forms required by the Ethics in Government Act, researching and analyzing cases for compliance with statutes and regulations, and maintaining official records.",2/24/2025,,559884,335930,223954
DEPARTMENT OF HEALTH AND HUMAN SERVICES,SAMHSA WORKPLACE HELPLINE,2/24/2025,,557680,346040,211640
DEPARTMENT OF HEALTH AND HUMAN SERVICES,"Scientific, Administrative, Operational Resources (SOAR): Manage health communications and content creation for the office",2/24/2025,,551540,350980,200560
DEPARTMENT OF HEALTH AND HUMAN SERVICES,"Scientific, Administrative, Operational Resources (SOAR) : Ad hoc report development on ORWH meetings",2/24/2025,,538818,440851,97967
DEPARTMENT OF HEALTH AND HUMAN SERVICES,"Scientific, Administrative, Operational Resources (SOAR): Provides ethics support by reviewing forms required by the Ethics in Government Act, researching and analyzing cases for compliance with statutes and regulations, and maintaining official records.",2/24/2025,,513114,307868,205246
DEPARTMENT OF HEALTH AND HUMAN SERVICES,"Scientific, Administrative, Operational Resources (SOAR): Develop and draft scientific papers, speeches, and talking points for the Director, ORWH",2/24/2025,,449312,89862,359450
DEPARTMENT OF HEALTH AND HUMAN SERVICES,"Scientific, Administrative, Operational Resources (SOAR) : Consulting",2/24/2025,,438241,219120,219121
DEPARTMENT OF HEALTH AND HUMAN SERVICES,RESEARCH DATA REVIEW AND PUBLICATION SUPPORT FOR NIDA IRP,2/24/2025,,405864,0,405864
DEPARTMENT OF HEALTH AND HUMAN SERVICES,"Scientific, Administrative, Operational Resources (SOAR) : 1. Provides executive experience needed to conduct needs assessments and develop recommendations for improvements of current operations. 2. Collaborates with other professionals to develop recommendations for current and future initiatives. 3. Advises management and staff on formulation of new strategies and sensitive or complicated issues. 4. Works with staff to develop and implement new and proactive programs geared to specific audiences. 5. Conducts research and analysis to proactively address and respond to inquires on various policies and issues. 6. Coordinates and advances professional development and research done by others in areas where other mechanisms may not be optimal due to time constraints or other issues.",2/24/2025,,404270,303202,101068
DEPARTMENT OF HEALTH AND HUMAN SERVICES,"Scientific, Administrative, Operational Resources (SOAR): Under this task order, the contractor will independently provide support services to satisfy the overall operational objectives of the National Institute on Minority Health and Health Disparities. The primary objective is to provide services and deliverables through performance of support services.",2/24/2025,,365861,215212,150649
DEPARTMENT OF HEALTH AND HUMAN SERVICES,"Scientific, Administrative, Operational Resources (SOAR): Under this task order, the contractor will independently provide support services to satisfy the overall operational objectives of the National Institute on Minority Health and Health Disparities. The primary objective is to provide services and deliverables through performance of support services.",2/24/2025,,343697,206218,137479
DEPARTMENT OF HEALTH AND HUMAN SERVICES,"This work focuses on state Medicaid agency structures, Medicaid and CHIP eligibility criteria, state enrollment systems and data architecture, state-specific unwinding processes, Medicaid unwinding Federal rules, regulations, and guidance in support of the Center for Program Integrity’s (CPI) Medicaid and CHIP eligibility audits",2/24/2025,,253688,128688,125000
DEPARTMENT OF HEALTH AND HUMAN SERVICES,"Scientific, Administrative, Operational Resources (SOAR): Under this task order, the contractor will independently provide support services to satisfy the overall operational objectives of the National Institute on Minority Health and Health Disparities. The primary objective is to provide services and deliverables through performance of support services and will be located within the Office of Communication and Public Liaison",2/24/2025,,250824,217381,33443
DEPARTMENT OF HEALTH AND HUMAN SERVICES,THE PURPOSE OF THIS PURCHASE ORDER (PO) TO LAUNCH A SURVEY FOCUSED ON TRACKING THE CHANGING MOTIVATIONS AND CONTEXTUAL FACTORS ASSOCIATED WITH THE USE OF PSYCHEDELICS/HALLUCINOGENS.,2/24/2025,,249999,0,249999
DEPARTMENT OF HEALTH AND HUMAN SERVICES,THE PURPOSE OF THIS REQUIREMENT IS TO PROVIDE DATA FOR PSILOCYBIN RISK REDUCTION IN OREGON,2/24/2025,,249999,0,249999
DEPARTMENT OF HEALTH AND HUMAN SERVICES,THIS REQUIREMENT IS THE CHILDREN'S FACES OF MEDICAID STUDY,2/24/2025,,249941,0,249941
DEPARTMENT OF HEALTH AND HUMAN SERVICES,THE PURPOSE OF THIS REQUIREMENT IS TO PROVIDE STRATEGIC PLAN DEVELOPMENT AND IMPLEMENTATION FOR THE CENTER FOR SUBSTANCE ABUSE PREVENTION,2/24/2025,,215634,0,215634
DEPARTMENT OF HEALTH AND HUMAN SERVICES,"Scientific, Administrative, Operational Resources (SOAR) : Providing compliance support services necessary to ensure the practices and procedures are compliant with federal laws for the specialized area of ""Other Transaction"" awards",2/24/2025,,170782,125240,45542
DEPARTMENT OF HEALTH AND HUMAN SERVICES,THE PURPOSE OF THIS REQUIREMENT IS TO PROCURE SERVICES OF A BLOCK GRANT CONSULTANT,2/24/2025,,110000,0,110000
DEPARTMENT OF HEALTH AND HUMAN SERVICES,"To acquire Work Culture and Climate Survey Services Related to NIDA's Diversity, Equity, Inclusion, and Accessibility (DEIA) Efforts",2/24/2025,,87036,0,87036
DEPARTMENT OF HEALTH AND HUMAN SERVICES,Professional Services,2/24/2025,,36449,22655,13794
DEPARTMENT OF HEALTH AND HUMAN SERVICES,Management Consulting and Executive Coaching,2/24/2025,,24750,13750,11000
DEPARTMENT OF HEALTH AND HUMAN SERVICES,Management Consulting and Professional Development Services,2/24/2025,,24750,12375,12375
DEPARTMENT OF HEALTH AND HUMAN SERVICES,LODGING FOR 7 STUDENTS FROM RESEARCH TRAINING CAREER DEVELOPMENT SCHOLARS WHO ARE COMING TO VISIT THE NIH / NINDS FACILITY AS PART OF THEIR NIH/NINDS TOUR.,2/24/2025,,3688,3688,0
DEPARTMENT OF HEALTH AND HUMAN SERVICES,CALL ORDER UNDER THE FDA'S INTEGRATED SERVICES BLANKET PURCHASE AGREEMENT (BPA) FOR TARGETED COACHING SERVICES TO SUPPORT THE CENTER FOR VETERINARY MEDICINE (CVM).,2/25/2025,,118037,0,118037
DEPARTMENT OF HEALTH AND HUMAN SERVICES,"The scope of this requirement is to procure professional services that will further enhance and expand the breadth of NIDDK’s Workforce Matters Program. These services include, but are not limited to, developing program initiatives and strategic management services, and all other tasks identified in this Statement of Work (SOW).",2/26/2025,,3703362,3233703,469659
DEPARTMENT OF HEALTH AND HUMAN SERVICES,"The objective of this requirement is to procure services and expertise in program implementation and evaluation for OHMRC. This includes developing the best implementation strategies, documenting methodology, and generating recommendations for scientific program evaluations. This includes analysis of the programs in terms of process, outcomes, and impact",2/26/2025,,400001,187592,212409
DEPARTMENT OF HEALTH AND HUMAN SERVICES,INSTRUCTOR LED FEDERAL TRAVEL REGULATION (FTR) POLICY TRAINING,2/26/2025,,316617,198282,118335
DEPARTMENT OF HEALTH AND HUMAN SERVICES,"Congress enacted Public Law 107-67, Sec. 630 on November 12, 2001. This legislation permits Federal agencies to administer a program to assist their Federal employees with the costs of child care.",2/26/2025,,205980,183230,22750
DEPARTMENT OF HEALTH AND HUMAN SERVICES,"This contract will support the development of a congressionally required report from the Secretary of HHS to Congress. The contractor will conduct a review and develop a report on grants and activities funded under sections 1109, 1110, and 1112 through 1115 of the Public Health Service Act (42 U.S.C. § 300b-8, 300b-9, and 300b-11 through 300b-14) as amended by the Newborn Screening Saves Lives Reauthorization Act of 2014, during 2023 and 2024.",2/26/2025,,57503,27810,29693
DEPARTMENT OF HEALTH AND HUMAN SERVICES,STAFF COLLEGE - CRUCIAL LEARNING STUDENT LICENSES,2/26/2025,,39354,0,39354
DEPARTMENT OF HEALTH AND HUMAN SERVICES,A STUDY IN EMERGING DATA PRACTICES AT CHILD WELFARE AGENCIES,2/27/2025,,2310824,0,2310824
DEPARTMENT OF HEALTH AND HUMAN SERVICES,BITSDIS TASK ORDER 20 - NINR PM SUPPORT,2/27/2025,,2139740,1205992,933748
DEPARTMENT OF HEALTH AND HUMAN SERVICES,PROGRAM MANAGEMENT AND HUMAN RESOURCES SUPPORT SERVICES,2/28/2025,,1688818,1142435,546383
DEPARTMENT OF HEALTH AND HUMAN SERVICES,Data Exchange Services (DES) Internal and External Community Building,2/28/2025,,1478378,0,1478378
DEPARTMENT OF HEALTH AND HUMAN SERVICES,"BPA ORDER FOR CISCO UC ENTERPRISE LICENSE AGREEMENTCISCO END-OF-LIFE PRODUCTS MULTIPLE-AWARD BPAAWARDEES: 75F40121A00044 N2GRATE, 75F40121A00046 NEW TECH SOLUTIONS, 75F40121A00047 LIONA ENTERPRISES",2/28/2025,,937372,0,937372
DEPARTMENT OF HEALTH AND HUMAN SERVICES,ORGANIZATIONAL GOVERNANCE SUPPORT SERVICES,2/28/2025,,820583,0,820583
DEPARTMENT OF HEALTH AND HUMAN SERVICES,OGC ADMINISTRATIVE SUPPORT,2/28/2025,,753422,611509,141913
DEPARTMENT OF HEALTH AND HUMAN SERVICES,AED Contract,2/28/2025,,718876,389693,329183
DEPARTMENT OF HEALTH AND HUMAN SERVICES,Category: IT CONTINUITY OF SUPPORT CAAPS PHASE V O&M (BRIDGE ORDER),2/28/2025,,570960,0,570960
DEPARTMENT OF HEALTH AND HUMAN SERVICES,Health Informatics Requirements and Data Standards Support,2/28/2025,,549945,0,549945
DEPARTMENT OF HEALTH AND HUMAN SERVICES,DSCSA Programmatic Implementation Assessment,2/28/2025,,494448,0,494448
DEPARTMENT OF HEALTH AND HUMAN SERVICES,OPEQ Recruitment,2/28/2025,,452806,0,452806
DEPARTMENT OF HEALTH AND HUMAN SERVICES,NIH Business and Professional Support Services (BPSS) III TORP 3051,2/28/2025,,305728,0,305728
DEPARTMENT OF HEALTH AND HUMAN SERVICES,FY 24 ODT ECTD 4 IMPLEMENTATION GUIDE,2/28/2025,,231067,117088,113979
DEPARTMENT OF HEALTH AND HUMAN SERVICES,LACTATION CONSULTANT SERVICES,2/28/2025,,136015,109357,26658
DEPARTMENT OF HEALTH AND HUMAN SERVICES,Category: Coaching FDA Executive Coaching for OCE and CDER/OOD Oncology 10 FTE in cohort,2/28/2025,,79694,0,79694
DEPARTMENT OF HEALTH AND HUMAN SERVICES,EXECUTIVE COACHING FOR LEADERSHIP,2/28/2025,,16741,0,16741
DEPARTMENT OF HEALTH AND HUMAN SERVICES,Excellence in Government Fellows - Heartsfield Registration Fee,2/28/2025,,12900,0,12900
DEPARTMENT OF HEALTH AND HUMAN SERVICES,NCIRD COMMUNICATION SUPPORT,3/4/2025,,3837346,0,3837346
DEPARTMENT OF HEALTH AND HUMAN SERVICES,Yello government recruiting solution- Currently in base year with option to renew for 1 more year,3/4/2025,,111500,55000,56500
DEPARTMENT OF HEALTH AND HUMAN SERVICES,"THE ADMINISTRATION FOR COMMUNITY LIVING NEEDS A VARIETY OF COMMUNICATIONS SUPPORT SERVICES TO INFORM A RANGE OF STAKEHOLDERS, INCLUDING PEOPLE WITH DISABILITIES, OLDER ADULTS, AND FAMILY CAREGIVERS; ACL STAFF; THE AGING AND DISABILITY NETWORKS; ADVOC",3/4/2025,,5618268,1747447,3870821
DEPARTMENT OF HEALTH AND HUMAN SERVICES,"Conduct audience segmentation research on destigmatizing messages about postpartum depression treatment by developing first-person narrative videos, testing the videos for increases in intention to report or reporting behavior, and conducting formative research on campaign messages with target audiences. Funds were expended on media and social media add buys to promote the campaign.",3/4/2025,,4206547,0,4206547
DEPARTMENT OF HEALTH AND HUMAN SERVICES,"The purpose of the contract is to provide health communication materials, content and content strategies intended to support the health communication and promotion activities within NCHHSTP; and increase the number and types of digital health promotion tools available to support NCHHSTP programs and priorities.",3/4/2025,,3386748,18368,3368380
DEPARTMENT OF HEALTH AND HUMAN SERVICES,"The contract is to develop and implement communication and media messaging strategies for CDC’s antimicrobial resistance target audiences across various CDC programs, including Sepsis, Antimicrobial Resistance (AR), Antibiotic Usage (AU), Clostridioides difficile (C. difficile), Antibiotic/Antifungal Use in Food or Other Animals and Agriculture, Tuberculosis, DrugResistant Gonorrhea, and VaccinePreventable Infections (42 U.S.C. § 247d5).",3/4/2025,,12754568,1703519,11051049
DEPARTMENT OF HEALTH AND HUMAN SERVICES,"2025 Super Bowl Ad placement: The NFL via their media company contractor, Professional Sports Publications will place a full-page ad (designed and produced in-house by CDC), in the NFL’s Super Bowl and Pro Bowl commemorative magazines. The purpose of the ad is to raise awareness about CDC’s cancer prevention and control programs and services.",3/4/2025,,75000,0,75000
DEPARTMENT OF HEALTH AND HUMAN SERVICES,"Strategic Communication Services - CPR is seeking creative services to execute a marketing and communication strategy, which will cultivate awareness of CPR’s work with internal and external audiences",3/4/2025,,2094784,1594015,500769
DEPARTMENT OF HEALTH AND HUMAN SERVICES,NCIRD Communications Support,3/4/2025,,38373345,0,38373345
DEPARTMENT OF HEALTH AND HUMAN SERVICES,"ADMINISTRATIVE ASSISTANT II FOR THE LABORATORY OF CANCER BIOLOGY AND GENETICS, CENTER FOR CANCER RESEARCH. BASE PERIOD: 10/16/2023 - 10/15/2024.",3/5/2025,,12794761,3950002,8844759
DEPARTMENT OF HEALTH AND HUMAN SERVICES,ORGANIZATIONAL PROGRAMMATIC SUPPORT (TO#3),3/5/2025,,40001231,18521652,21479579
DEPARTMENT OF HEALTH AND HUMAN SERVICES,IIS SUPPORT AND DATA MANAGEMENT,3/5/2025,,13717413,5513069,8204344
DEPARTMENT OF HEALTH AND HUMAN SERVICES,EOI::DOGE Workforce Optimization & Ending DEI Initiatives::EOI Notice of complete T4C,3/5/2025,,4114075,0,4114075
DEPARTMENT OF HEALTH AND HUMAN SERVICES,END STAGE RENAL DISEASE (ESRD) NETWORK 15,3/6/2025,,6494850,1452504,5042346
DEPARTMENT OF HEALTH AND HUMAN SERVICES,PEDIATRIC COVID-19 VACCINATION RCT,3/10/2025,,730877,0,730877
DEPARTMENT OF HEALTH AND HUMAN SERVICES,TO ASSIST IN THE DEVELOPMENT OF NEW CONTRACEPTIVE PRODUCTS/SERVICES,3/10/2025,,97659,29343,68316
DEPARTMENT OF HEALTH AND HUMAN SERVICES,Protocol Review,3/10/2025,,512070,0,512070
DEPARTMENT OF HEALTH AND HUMAN SERVICES,"MULTI-ETHNIC STUDY OF ATHEROSCLEROSIS (MESA), FIELD CENTER (FC): TASK AREA A - CORE OPERATIONS",3/10/2025,,247574,0,247574
DEPARTMENT OF HEALTH AND HUMAN SERVICES,"OVAPRENE PHASE 1 - PROTOCOL FINALIZATION, PROCUREMENT OF REGULATORY APPROVAL, AND COMPLETE",3/10/2025,,87270,0,87270
DEPARTMENT OF HOMELAND SECURITY,"RENDERING OF SERVICES RELATED TO DIVERSITY, INCLUSION, AND EQUITY, EFFECTIVE",1/28/2025,,15884033,2379470,13504563
DEPARTMENT OF HOMELAND SECURITY,PROGRAM AND TECHNICAL SUPPORT SERVICES FOR OFFICE OF DIVERSITY AND CIVIL RIGHTS (ODCR),1/28/2025,,8000000,0,8000000
DEPARTMENT OF HOMELAND SECURITY,"PARTIALLY TERMINATE THE TASK ORDER TO REMOVE ALL LANGUAGE AND ENDING RENDERING OF SERVICES RELATED TO DIVERSITY, INCLUSION, AND EQUITY.",1/28/2025,,2761383,1747269,1014114
DEPARTMENT OF HOMELAND SECURITY,"INTELLIGENCE AND CYBERSECURITY DIVERSITY FELLOWSHIP (ICDF) IS DESIGNED TO HELP DHS MEET CURRENT AND FUTURE MISSION DRIVEN WORKFORCE NEEDS IN SCIENCE, TECHNOLOGY, ENGINEERING, AND MATHEMATICS (STEM) FIELDS BY CREATING A PIPELINE OF HIGHLY QUALIFIED TA",1/30/2025,,11959284,7802259,4157025
DEPARTMENT OF HOMELAND SECURITY,PARTIAL TERMINATION FOR CONVENIENCE FOR ALL DEIA RELATED SERVICES FROM THE BPA IN ACCORDANCE WITH PRESIDENTIAL EXECUTIVE ORDER 14035.,1/30/2025,,2960000,2960000,0
DEPARTMENT OF HOMELAND SECURITY,PROGRAM AND TECHNICAL SUPPORT SERVICES FOR OFFICE OF DIVERSITY AND CIVIL RIGHTS (ODCR),1/30/2025,,1674009,0,1674009
DEPARTMENT OF HOMELAND SECURITY,"DIVERSITY, EQUITY, INCLUSION AND ACCESSIBILITY TRAINING FOR LEADERSHIP AND SUPERVISORS WHO MANAGE TEAMS.",1/30/2025,,36126,36126,0
DEPARTMENT OF HOMELAND SECURITY,"OCFO, PA&E Evaluation Services",2/3/2025,,30000000,30000000,0
DEPARTMENT OF HOMELAND SECURITY,"OCFO, PA&E Evaluation Services",2/3/2025,,30000000,30000000,0
DEPARTMENT OF HOMELAND SECURITY,"OCFO, PA&E Evaluation Services",2/3/2025,,30000000,30000000,0
DEPARTMENT OF HOMELAND SECURITY,"THE PURPOSE OF THIS MODIFICATION IS PARTIALLY TERMINATE THE BLANKET PURCHASE AGREEMENT TO REMOVE ALL LANGUAGE AND ENDING RENDERING OF SERVICES TO DIVERSITY,EQUITY AND INCLUSION, EFFECTIVE IMMEDIATELY.",2/3/2025,,30000000,30000000,0
DEPARTMENT OF HOMELAND SECURITY,Program Analysis & Evaluation (PA&E) Support Services Multi-award Blanket Purchase Agreement (BPA).,2/3/2025,,2354043,494787,1859256
DEPARTMENT OF HOMELAND SECURITY,PEOPLE AND CULTURE SURVEY CLIMATE SUPPORT SERVICES,2/3/2025,,765965,452187,313778
DEPARTMENT OF HOMELAND SECURITY,This is a BPA Call against the Program Analysis and Evaluation (PA&E) Blanket Purchase Agreement (BPA) regarding the Citizenship and Integration Grant Program (CIGP) Evaluation effort.,2/3/2025,,482726,197008,285718
DEPARTMENT OF HOMELAND SECURITY,"The Sustainability and Environmental Programs Office, Environmental Planning and Historic Preservation program requires a comprehensive and efficient contracting vehicle for obtaining policy related consulting services",2/6/2025,,1428854,0,1428854
DEPARTMENT OF HOMELAND SECURITY,TERMINATION FOR CONVENIENCE.,2/6/2025,,298575,0,298575
DEPARTMENT OF HOMELAND SECURITY,MODIFICATION P00003 TO PURCHASE ORDER 70B04C22P00000336 IS TO TERMINATE FOR THE GOVERNMENT'S CONVENIENCE IN ACCORDANCE WITH FAR 52.212-4(L).,2/6/2025,,227667,109100,118567
DEPARTMENT OF HOMELAND SECURITY,"VIRTUAL AND IN PERSON, DIVERSITY, INCLUSION,EQUITY AND ACCESSIBILTY TRAINING TO POLICY & STRATEGY STAFF - CLOSEOUT",2/6/2025,,34525,0,34525
DEPARTMENT OF HOMELAND SECURITY,TERMINATION FOR CONVENIENCE; ANNUAL POLITICO PRO SUBSCRIPTION,2/6/2025,,7470,0,7470
DEPARTMENT OF HOMELAND SECURITY,The service objective of this call order is to procure American Sign Language (ASL) interpretation services that meet the objectives in the below Performance Work Statement (PWS). This BPA Call Order for ASL Support Services for the Office of Equal,2/7/2025,,3947502,1637708,2309794
DEPARTMENT OF HOMELAND SECURITY,Office of Equal Rights Organizational Health Assessment Support Services,2/7/2025,,3269725,1355775,1913950
DEPARTMENT OF HOMELAND SECURITY,The service objective of this call order is to procure Communication Access Real-Time (CART) Translation Services that meet the objectives in the below Performance Work Statement (PWS). This BPA Call Order for CART Services for the Office of Equal,2/7/2025,,993523,409255,584268
DEPARTMENT OF HOMELAND SECURITY,POLITICO ONLINE SUBSCRIPTIONS,2/7/2025,,39000,0,39000
DEPARTMENT OF HOMELAND SECURITY,"THE PURPOSE OF THIS MODIFICATION IS TO PARTIALLY TERMINATE THE TASK ORDER TO REMOVE ALL LANGUAGE AND ENDING RENDERING OF SERVICES TO DIVERSITY, EQUITY, AND INCLUSION, EFFECTIVE IMMEDIATELY.",2/11/2025,,779734,0,779734
DEPARTMENT OF HOMELAND SECURITY,"THE PURPOSE OF THIS MODIFICATION IS TO PARTIALLY TERMINATE THE TASK ORDER TO REMOVE ALL LANGUAGE AND ENDING RENDERING OF SERVICES TO DIVERSITY, EQUITY, AND INCLUSION, EFFECTIVE IMMEDIATELY.",2/11/2025,,761657,204634,557023
DEPARTMENT OF HOMELAND SECURITY,"Diversity, Equity, Inclusion and Accessibility (DEIA) Professional Support Services",2/12/2025,,7496835,2070452,5426383
DEPARTMENT OF HOMELAND SECURITY,NATIONAL CRITICAL FUNCTION CLIMATE CHANGE IN ACCORDANCE WITH E.O. 14008.,2/12/2025,,2584102,1326464,1257638
DEPARTMENT OF HOMELAND SECURITY,"Resilience, Energy, and Sustainability Management (RESM) Program Support Services",2/12/2025,,405986,405986,0
DEPARTMENT OF HOMELAND SECURITY,"RAIO VOICE FOR DIVERSITY, EQUITY, INCLUSION, ACCESSIBILITY, AND BELONGING TRAINING",2/12/2025,,192500,0,192500
DEPARTMENT OF HOMELAND SECURITY,OIP FRONT OFFICE SETA SUPPORT,2/18/2025,,5073493,2655620,2417873
DEPARTMENT OF HOMELAND SECURITY,CONTRACT CLOSEOUT SUPPORT SERVICES,2/18/2025,,2835260,1927317,907943
DEPARTMENT OF HOMELAND SECURITY,THE PURPOSE OF THIS BPA CALL IS TO AWARD LABOR SUPPORT - EVALUATION CAPACITY BUILDING,2/18/2025,,989761,0,989761
DEPARTMENT OF HOMELAND SECURITY,SALC ALSS TO 0008 - SPC-IRT ILS SUPPORT SERVICES,2/18/2025,,658682,0,658682
DEPARTMENT OF HOMELAND SECURITY,CALL ORDER #2 FOR BARRIER ANALYSIS STUDY,2/18/2025,,620400,0,620400
DEPARTMENT OF HOMELAND SECURITY,PROCUREMENT OF WRITTEN TRANSLATION SERVICES IN SUPPORT OF DR4724-HAWAII WILDFIRES DISASTER SURVIVORS,2/18/2025,,566995,390504,176491
DEPARTMENT OF HOMELAND SECURITY,ADMINISTRATIVE AND PROGRAM SUPPORT SERVICES FOR USCG DCMS-DPR-4,2/18/2025,,382894,0,382894
DEPARTMENT OF HOMELAND SECURITY,"THE CONTRACTOR SHALL PROVIDE A FULL RANGE OF SERVICES IN THE PREPARATION OF EXECUTIVE CORE QUALIFICATIONS (ECQ) PACKAGES FOR PERSONS SELECTED TO U.S. DEPARTMENT OF HOMELAND SECURITY (DHS), FEDERAL EMERGENCY MANAGEMENT AGENCY (FEMA) SES POSITIONS. CON",2/18/2025,,246213,246213,0
DEPARTMENT OF HOMELAND SECURITY,FEDERAL REGULATORY TRAINING FOR OP&S,2/18/2025,,231786,65651,166135
DEPARTMENT OF HOMELAND SECURITY,"THE PURPOSE OF THIS REQUISITION IS TO OBTAIN REGULATORY SUPPORT SERVICES FOR IMPLEMENTATION OF ""MAKE PPE IN AMERICA ACT,"" HSAR CLASS DEVIATION 13-01, AND EO 14035.",2/18/2025,,149984,36121,113863
DEPARTMENT OF HOMELAND SECURITY,TO PROVIDE LEADERSHIP DEVELOPMENT APPROACHES IN THE FORM OF INDIVIDUALIZED AND GROUP COACHING SERVICES TO RAIO LEADERSHIP THROUGH AN EXTERNAL PROVIDER DUE TO THE SCALE TO SUPPORT USCIS STRATEGIC GOALS TO STRENGTHEN OUR INVESTMENT IN AN EMPOWERED WORK,2/18/2025,,134570,0,134570
DEPARTMENT OF HOMELAND SECURITY,THE PURPOSE OF THIS CALL ORDER IS TO ISSUE A NEW ECQ PACKAGE.,2/18/2025,,2500,0,2500
DEPARTMENT OF HOMELAND SECURITY,THE PURPOSE OF THIS CALL ORDER IS TO ISSUE A NEW ECQ PACKAGE.,2/18/2025,,2500,0,2500
DEPARTMENT OF HOMELAND SECURITY,THE PURPOSE OF THIS CALL ORDER IS TO ISSUE A NEW ECQ PACKAGE.,2/18/2025,,2500,0,2500
DEPARTMENT OF HOMELAND SECURITY,THE PURPOSE OF THIS CALL ORDER IS TO ISSUE A NEW ECQ PACKAGE.,2/18/2025,,2500,0,2500
DEPARTMENT OF HOMELAND SECURITY,THE PURPOSE OF THIS CALL ORDER IS TO ISSUE A NEW ECQ PACKAGE.,2/18/2025,,2500,0,2500
DEPARTMENT OF HOMELAND SECURITY,THE PURPOSE OF THIS CALL ORDER IS TO ISSUE A NEW ECQ PACKAGE.,2/18/2025,,2500,0,2500
DEPARTMENT OF HOMELAND SECURITY,THE PURPOSE OF THIS CALL ORDER IS TO ISSUE A NEW ECQ PACKAGE,2/18/2025,,2479,0,2479
DEPARTMENT OF HOMELAND SECURITY,THIS CALL ORDER IS FOR THE PURPOSE OF ISSUING A NEW ECQ PACKAGE,2/18/2025,,2479,0,2479
DEPARTMENT OF HOMELAND SECURITY,THE PURPOSE OF THIS CALL ORDER IS TO ISSUE A NEW ECQ PACKAGE.,2/18/2025,,2479,0,2479
DEPARTMENT OF HOMELAND SECURITY,THIS CALL ORDER IS TO ISSUE A NEW ECQ PACKAGE.,2/18/2025,,2479,0,2479
DEPARTMENT OF HOMELAND SECURITY,"LEADERSHIP ALIGNMENT AND DECISION MAKING FOR THE FY23 BUILDING RESILIENT INFRASTRUCTURE AND COMMUNITIES (BRIC) DESIGN DECISION FACILITATION, ADVANCED ANALYTICS, AND SUPPORT",2/19/2025,,11157321,8658831,2498490
DEPARTMENT OF HOMELAND SECURITY,STRATEGIC PLAN FOR TSA'S CONTRACTING & PROCUREMENT (C&P),2/19/2025,,477784,0,477784
DEPARTMENT OF HOMELAND SECURITY,PROOF OF CONCEPT EXECUTION MANAGER,2/24/2025,,20476823,12918851,7557972
DEPARTMENT OF HOMELAND SECURITY,PROCUREMENT POLICY AND ORGANIZATION SUPPORT,2/24/2025,,3096668,1567561,1529107
DEPARTMENT OF HOMELAND SECURITY,BARRIER ANALYSIS,2/24/2025,,1006871,677871,329000
DEPARTMENT OF HOMELAND SECURITY,CHANGE AND CONFIGURATION MANAGEMENT,2/24/2025,,336820,196478,140342
DEPARTMENT OF HOMELAND SECURITY,ENTERPRISE TRANSFORMATION INITIATIVE (ETI) SUPPORT SERVICES,2/26/2025,,15482598,10647116,4835482
DEPARTMENT OF HOMELAND SECURITY,"To lease 52 units at Jade at Olde Naples I, LLC - 11th St., North Naples, FL, for temporary housing of displaced DR-4673-FL disaster applicants after all required repairs/renovation necessary are made to make the units habitable.",2/27/2025,,3992083,3265156,726927
DEPARTMENT OF HOMELAND SECURITY,PERFORMANCE BUDGET DELIVERABLES SUPPORT,2/27/2025,,2002456,0,2002456
DEPARTMENT OF HOMELAND SECURITY,SOCIAL MEDIA RECRUITMENT - OS,2/27/2025,,478950,287370,191580
DEPARTMENT OF HOMELAND SECURITY,NEW CONTRACT - BLOOMBERG GOVERNMENT (ONLINE SUBSCRIPTION),2/27/2025,,249324,202824,46500
DEPARTMENT OF HOMELAND SECURITY,THE PURPOSE OF THIS FFP PURCHASE ORDER IS TO PROCURE SES EXECUTIVE TRAINING.,2/27/2025,,166500,0,166500
DEPARTMENT OF HOMELAND SECURITY,RISK-BASED FRAMEWORK TO DELIVERING PUBLIC ASSISTAN,2/28/2025,,308189,33875,274314
DEPARTMENT OF HOMELAND SECURITY,Leadership training and development to participants to be future leaders through the Excellence in Government Fellows Program.,2/28/2025,,141900,0,141900
DEPARTMENT OF HOMELAND SECURITY,Procure membership for services that provide access to research on management challenges and advocate for regulatory and legislatives reforms that will strengthen the civil services.,2/28/2025,,115000,86250,28750
DEPARTMENT OF HOMELAND SECURITY,"ANNUAL ONLINE IMMIGRATION LAW RESEARCH TOOL SUBSCRIPTIONS, AILALINK, FOR THE OCC",3/3/2025,,157473,0,157473
DEPARTMENT OF HOMELAND SECURITY,FULL TERMINATION FOR CONVENIENCE OF THE GOVERNMENT,3/4/2025,,1569710,0,1569710
DEPARTMENT OF HOMELAND SECURITY,TERMINATION FOR CONVENIENCE,3/4/2025,,271347,0,271347
DEPARTMENT OF HOMELAND SECURITY,"TERMINATE FOR CONVENIENCE OF THE GOVERNMENT, FEDERALLY FUNDED RESEARCH AND DEVELOPMENT - BUDGET ORGANIZATIONAL STUDY OF ICE DIRECTORATE ENFORCEMENT AND REMOVAL OPERATIONS.",3/4/2025,,129364,0,129364
DEPARTMENT OF HOMELAND SECURITY,EXECUTIVE CORE QUALIFICATIONS (ECQ),3/4/2025,,2470,0,2470
DEPARTMENT OF HOMELAND SECURITY,ESTABLISH THE CCSP PROGRAM FOR ALL ELIGIBLE DHS FEMA EMPLOYEES,3/5/2025,,863751,637489,226262
DEPARTMENT OF HOMELAND SECURITY,"THE CONTRACTOR SHALL PROVIDE STRATEGIC COMMUNICATIONS SUPPORT, CHANGE MANAGEMENT SUPPORT, ADMINISTRATIVE SUPPORT, PROJECT MANAGEMENT SUPPORT, AND EXECUTIVE SUPPORT TO THE RESPONDER LODGING PROGRAM IN THE OCAO DISASTER SUPPORT BRANCH.",3/5/2025,,3123130,2373924,749206
DEPARTMENT OF HOMELAND SECURITY,STUDY OF EMERGENT ISSUES IN WUI FIREFIGHTER OCCUPATIONAL HEALTH AND SAFETY,3/10/2025,,119683,0,119683
DEPARTMENT OF HOMELAND SECURITY,FFRDC HSSEDI MODERNIZING FEMA EMI THROUGH EMI ANYWHERE - TERMINATION FOR CONVENIENCE - PARTIALFFRDC HSSEDI MODERNIZING FEMA EMI THROUGH EMI ANYWHERE MODIFICATION TO INCORPORATE THE REVISED TEP DATED 01/30/2025 REMOVING DEIA CONTENT.,3/10/2025,,1989427,0,1989427
DEPARTMENT OF HOMELAND SECURITY,"MASTER PUBLIC INFORMATION OFFICER (MPIO) CURRICULUM REVISION - TERMINATION FOR CONVENIENCE - PARTIALMASTER PUBLIC INFORMATION OFFICER (MPIO) CURRICULUM REVISIONMODIFICATION TO INCORPORATE THE UPDATED STATEMENT OF WORK (SOW) DATED JANUARY 29, 2025, TO DESCOPE DEIA CONTENT.",3/10/2025,,358428,0,358428
DEPARTMENT OF HOMELAND SECURITY,STRATEGIC INTEGRATION SUPPORT SERVICES,3/11/2025,,39362742,5053824,34308918
DEPARTMENT OF HOMELAND SECURITY,"SRMA NATIONAL PLAN IMPLEMENTATION DATA, INFORMATION & STRATEGIC TECHNICAL AND GENERAL MISSION SUPPORT SERVICES",3/11/2025,,17660188,5669318,11990870
DEPARTMENT OF HOMELAND SECURITY,"THE SCOPE OF THIS REQUIREMENT IS TO PROVIDE ORGANIZATIONAL ANALYSIS TO SUPPORT THE IMPLEMENTATION OF CISA ECD'S LONG-RANGE IMPROVEMENT EFFORTS AND RELATED ACTIVITIES:A.ORGANIZATIONAL BENCHMARKING, BASELINING AND REBASELINING (PHASE 1)B.I",3/11/2025,,3609165,2706357,902808
DEPARTMENT OF HOMELAND SECURITY,"PLANNING, PROGRAMMING, BUDGETING, EXECUTION AND EVALUATION (PPBE&E) POLICY SUPPORT SERVICES",3/11/2025,,3347175,3270025,77150
DEPARTMENT OF HOMELAND SECURITY,Education/Training - General,2/4/2025,,43235,43235,0
DEPARTMENT OF HOMELAND SECURITY,"USCIS OFFICE OF EQUAL OPPORTUNITY AND INCLUSION (OEOI), CONFLICT RESOLUTION DIVISION (CRD) EEO INVESTIGATION AND COUNSELING SERVICES CONTRACT",2/12/2025,,11901734,1673960,10227774
DEPARTMENT OF HOMELAND SECURITY,Climate Resilience Support Services,2/12/2025,,8939381,6223305,2716076
DEPARTMENT OF HOMELAND SECURITY,The Department of Homeland Security (DHS) established the DSS 2.0 Blanket Purchase Agreement (BPA) to provide effective operational and management solutions that will facilitate the sustainability and support of the DHS Headquarters (HQ) component mi,2/12/2025,,4402765,1716620,2686145
DEPARTMENT OF HOMELAND SECURITY,Energy and Sustainability and Environmental Services for the Office of Asset and Facilities Management (OAFM),2/12/2025,,1407824,1407824,0
DEPARTMENT OF HOMELAND SECURITY,CBP Office of Trade Performance Management (PM) Evaluation Consistency Accountability Transparency (E-CAT) Sustainability Support Services,2/12/2025,,965072,482536,482536
DEPARTMENT OF HOMELAND SECURITY,Development of climate change on-line training,2/12/2025,,336871,336871,0
DEPARTMENT OF HOMELAND SECURITY,THIS CALL ORDER IS TO ISSUE A NEW ECQ PACKAGE FOR THOMAS LAYOU WHO WAS TENTATIVELY SELECTED FOR THE SES POSITION AS THE DEPUTY CHIEF FINANCIAL OFFICER.,2/18/2025,,2479,0,2479
DEPARTMENT OF HOMELAND SECURITY,THIS CALL ORDER IS TO ISSUE A NEW ECQ PACKAGE FOR ROBERT SULLIVAN.,2/18/2025,,2479,0,2479
DEPARTMENT OF HOMELAND SECURITY,"THIS CALL ORDER IS TO ISSUE A NEW ECQ PACKAGE FOR MONROE NEAL, JR.",2/18/2025,,2479,0,2479
DEPARTMENT OF HOMELAND SECURITY,"THIS CALL ORDER IS FOR THE PURPOSE OF ISSUING A NEW ECQ PACKAGE TO JORDAN NELMS, WHO HAS BEEN TENTATIVELY SELECTED FOR THE SES POSITION OF DEPUTY ASSISTANT ADMINISTRATOR FOR THE FIELD OPERATIONS DIRECTORATE.",2/18/2025,,2479,0,2479
DEPARTMENT OF HOMELAND SECURITY,"EXPLANATION OF REQUEST/REQUIREMENT: THE SUSTAINABILITY AND ENVIRONMENTAL PROGRAMS OFFICE, ENVIRONMENTAL PLANNING AND HISTORIC PRESERVATION PROGRAM REQUIRES A COMPREHENSIVE AND EFFICIENT CONTRACTING VEHICLE FOR OBTAINING POLICY RELATED CONSULTING AND",2/25/2025,,1428854,5090,1423764
DEPARTMENT OF HOMELAND SECURITY,"Register LaParacina Williams for the ""22-Leadership/Manager/Pre-supervisory Development"" leadership training course offered by the Partnership for Public Service.",2/28/2025,,12900,0,12900
DEPARTMENT OF HOMELAND SECURITY,TIES OTA with BAH team.,3/10/2025,,1844484,1844484,0
DEPARTMENT OF HOMELAND SECURITY,"PS-SETA - Leidos, Inc.",3/10/2025,,51772505,4700000,47072505
DEPARTMENT OF JUSTICE,FY25 E&E PUBLICATIONS,2/7/2025,,91000,91000,0
DEPARTMENT OF JUSTICE,"POLITICO PRO PLUS, ONLINE LOGINS. TERMINATED BASED ON EXECUTIVE DIRECTION.",2/7/2025,,21115,0,21115
DEPARTMENT OF JUSTICE,"POLITICO PRO PLUS, ONLINE LOGINS. TERMINATED BASED ON EXECUTIVE DIRECTION.",2/7/2025,,13000,0,13000
DEPARTMENT OF JUSTICE,Logins to the New York Times online,2/12/2025,,13320,0,13320
DEPARTMENT OF JUSTICE,SPONSORSHIP,2/13/2025,,20000,0,20000
DEPARTMENT OF JUSTICE,OCR EXPERT STATISTICIAN SERVICES - TASK ORDER AWARD TO ANALYTIC FOCUS LLC / DUNS 113227909 / CAGE 3ETK5 / GSA SCHEDULE 47QRAA18D005A - POP 9/1/2020 TO 8/31/2025,2/14/2025,,372585,77347,295238
DEPARTMENT OF JUSTICE,FY24 D98 FERS RETIREMENT SEMINAR,2/14/2025,,8000,0,8000
DEPARTMENT OF JUSTICE,ICI - MOLDOVA - OHASIS 403,2/18/2025,,412000,537,411463
DEPARTMENT OF JUSTICE,SUPPORT PERSONNEL YRG$ R23FLS12002,2/18/2025,,253537,202790,50747
DEPARTMENT OF JUSTICE,THE CONTRACTOR WILL PROVIDE SUPPORT FOR THE IMPLEMENTATION OF OMB MEMO 23-22 FOCUSING ON CREATING A DIGITAL-FIRST PUBLIC EXPERIENCE.,2/20/2025,,3419434,3269434,150000
DEPARTMENT OF JUSTICE,DOJ TELEWORK PROGRAM EVALUATION SERVICES,2/26/2025,,289831,0,289831
DEPARTMENT OF JUSTICE,Historic New York Times and Historic Washington Post,2/12/2025,,10989,0,10989
DEPARTMENT OF JUSTICE,AGILE TRAINING,2/14/2025,,27711829,11961032,15750797
DEPARTMENT OF JUSTICE,ROBERT F KENNEDY BUILDING CUSTODIAL SERVICES,2/14/2025,,20179216,14366325,5812891
DEPARTMENT OF JUSTICE,CIEDS SUPPORT SERVICES,2/14/2025,,15802584,13937096,1865488
DEPARTMENT OF JUSTICE,HRPD STAFFING AUGMENTATION SUPPORT,2/14/2025,,14880572,12314692,2565880
DEPARTMENT OF JUSTICE,OPA REQUIRES ADMINISTRATIVE SUPPORT PERSONNEL TO ASSIST THE FBI IN MANAGING AND IMPLEMENTING PROJECTS AND PROGRAMS.,2/14/2025,,11840562,10435994,1404568
DEPARTMENT OF JUSTICE,CONTRACT FOR PROFESSIONAL SERVICES,2/14/2025,,8838925,0,8838925
DEPARTMENT OF JUSTICE,EXERCISE AN OPTION,2/14/2025,,7464186,6615981,848205
DEPARTMENT OF JUSTICE,LANGUAGE SERVICES,2/14/2025,,6071742,190554,5881188
DEPARTMENT OF JUSTICE,"THE FEDERAL BUREAU OF INVESTIGATION (FBI) REQUIRES PROFESSIONAL ACQUISITION SUPPORT SERVICES AT FBI HEADQUARTERS (HQ), J. EDGAR HOOVER BUILDING IN WASHINGTON DC. THE FBI IS REQUESTING EXECUTIVE ADMINISTRATIVE SUPPORT SERVICES TO SUPPORT SENIOR LEADE",2/14/2025,,5679787,2886845,2792942
DEPARTMENT OF JUSTICE,FY25 SEPS ID OFFICE,2/14/2025,,4425665,3154673,1270992
DEPARTMENT OF JUSTICE,HRPD STAFFING AUGMENTATION SUPPORT,2/14/2025,,3748981,3150278,598703
DEPARTMENT OF JUSTICE,ADMINISTRATIVE AND PROFESSIONAL SUPPORT,2/14/2025,,3612194,2382147,1230047
DEPARTMENT OF JUSTICE,"THE CONTRACTORS SHALL PROVIDE SUPPORT UNDER THE CUSTOMER SERVICE DISCIPLINE THAT INCLUDES, BUT NOT LIMITED TO: RESPOND TO CUSTOMER INQUIRES, I.E. STATUS OF PROCUREMENTS/REQUISITIONS/PROCUREMENT RISKASSESSMENTS (PRAS) RESPOND TO VENDOR INQUIRES, I.",2/14/2025,,2912855,1223203,1689652
DEPARTMENT OF JUSTICE,SEE FPDS,2/14/2025,,2691693,0,2691693
DEPARTMENT OF JUSTICE,MANAGED WEB HOSTING.,2/14/2025,,1925755,0,1925755
DEPARTMENT OF JUSTICE,CYD SUPPORT SERVICES IAW THE TERMS AND CONDITIONS OF THE CONTRACT,2/14/2025,,1817537,1139450,678087
DEPARTMENT OF JUSTICE,PCAO SUPPORT SERVICES,2/14/2025,,1505086,866561,638525
DEPARTMENT OF JUSTICE,OLC OA&M SUPPORT SERVICES,2/14/2025,,1480451,1147606,332845
DEPARTMENT OF JUSTICE,ECONOMIC DATA IMPACT ANALYSIS SERVICES,2/14/2025,,1299835,0,1299835
DEPARTMENT OF JUSTICE,ICI - GEORGIA OHASIS 70777,2/14/2025,,1144000,0,1144000
DEPARTMENT OF JUSTICE,EXECUTIVE LEVEL SCALED AGILE FRAMEWORK (SAFE) TRANSFORMATION MENTORING AND COACHING SERVICES.ZBRA ID: CJIS20230145,2/14/2025,,1100250,658262,441988
DEPARTMENT OF JUSTICE,DATA ANALYTICS SERVICES (ROI),2/14/2025,,859643,789643,70000
DEPARTMENT OF JUSTICE,"ALS SUPPORT FOR THE ALS SECTION. TO ASSIST WITH DISCOVERY AND DOCUMENT PREPARATION.BASE YEAR AND 4 OPTION YEARS. NOT TO EXCEED $500,000. WARRANT LIMIT FOR CONTRACTING OFFICERLABOR: $65.23 X 1920 $125,241.60OT LABOR: $65.23 X 40 $2,60",2/14/2025,,645513,151278,494235
DEPARTMENT OF JUSTICE,THE ADEPT TEST IS USED AS PART OF THE PHASE I TEST OF THE SPECIAL AGENT SELECTION SYSTEM.,2/14/2025,,630093,430100,199993
DEPARTMENT OF JUSTICE,ICI - SENEGAL - BORDER SECURITY PROJECT - FFP -,2/14/2025,,568458,0,568458
DEPARTMENT OF JUSTICE,PARALEGAL SUPPORT,2/14/2025,,557799,305747,252052
DEPARTMENT OF JUSTICE,ICI - GREECE - ATSG,2/14/2025,,447570,0,447570
DEPARTMENT OF JUSTICE,THIS EDNY ORDER IS PUT IN A PLACE TO ESTABLISH ONE (1) DMA II SERVICE CONTRACT FOR THE CIVIL DIVISION (CIVIL RIGHTS).PERIOD OF PERFORMANCE: PLEASE SEE NEXT PAGE.,2/14/2025,,434416,263651,170765
DEPARTMENT OF JUSTICE,NEW CONTRACT FUNDING FOR FACT WITNESS CONTRACT 09/11/2023 - 09/10/2028,2/14/2025,,398551,321171,77380
DEPARTMENT OF JUSTICE,PARALEGAL/LEGAL ASSISTANT II (SCA OCCUPATION CODE: 30362),2/14/2025,,396940,315648,81292
DEPARTMENT OF JUSTICE,HR SPECIALIST CONTRACTOR SUPPORT,2/14/2025,,366320,21452,344868
DEPARTMENT OF JUSTICE,LAAW CLERK II,2/14/2025,,358483,241344,117139
DEPARTMENT OF JUSTICE,ADMINISTRATIVE LITIGATION SUPPORT/LEGAL ASSISTANT I,2/14/2025,,342439,205463,136976
DEPARTMENT OF JUSTICE,CRIMINAL LEGAL ASSISTANT,2/14/2025,,341376,273100,68276
DEPARTMENT OF JUSTICE,FACT WITNESS CONTRACTOR FULL TIME IN VICTIM WITNESS,2/14/2025,,264849,133316,131533
DEPARTMENT OF JUSTICE,TR EXECUTIVE LEADERSHIP COACHING,2/14/2025,,249692,0,249692
DEPARTMENT OF JUSTICE,LEGAL ASSISTANT II SERVICES,2/14/2025,,229660,7146,222514
DEPARTMENT OF JUSTICE,PARALEGAL IV PERIOD OF PERFORMANCE 9/1/2020 - 8/31/2021,2/14/2025,,192820,0,192820
DEPARTMENT OF JUSTICE,"PO FOR EEO INVESTIGATIONS PERIOD OCTOBER 1, 2023 THROUGH SEPTEMBER 30, 2024",2/14/2025,,114000,62465,51535
DEPARTMENT OF JUSTICE,LITIGATIVE CONSULTANT SERVICES,2/14/2025,,101721,0,101721
DEPARTMENT OF JUSTICE,EXPERT WITNESS SERVICES,2/14/2025,,62875,0,62875
DEPARTMENT OF JUSTICE,FACT WITNESS COORDINATOR,2/14/2025,,51352,0,51352
DEPARTMENT OF JUSTICE,EXPERT WITNESS SERVICES,2/14/2025,,31651,0,31651
DEPARTMENT OF JUSTICE,TITLE: SHERAYS MULTICULTURAL TRIBAL/COMMUNITY PROGRAMSREQUESTOR: MARCUS LAMONT PICKETTPOP DATES: 04/01/2024 TO 04/30/2025FUND TO DATE: 04/30/2025,2/14/2025,,24999,0,24999
DEPARTMENT OF JUSTICE,EXPERT WITNESS SERVICES,2/14/2025,,22400,0,22400
DEPARTMENT OF JUSTICE,SHERAY WILL IMPLEMENT AN ASSESSMENT PROCESS ANDSURVEILLANCE OF THE IDENTIFIED TARGETED AREA SHERAY & ASSOC. LLC WILL PARTNER WITH THE DEA NEFD TO HOLD ASSESSMENT/ADVISORY MEETINGS (UP TO 4) TO PLAN A CULTURALLY INCLUSIVE FAITH-BASED COMMUNITY,2/14/2025,,20000,0,20000
DEPARTMENT OF JUSTICE,SHERAY'S AND ASSOCIATES LLC WILL PARTNER WITH THE DEA PHOENIXFIELD DIVISION ON A SUSTAINABILITY PLAN OUTLINE TO FURTHER BUILD CAPACITY AMONG THEGLENDALE/MARICOPA COUNTY COMMUNITY TO REDUCE SUBSTANCE MISUSE.,2/14/2025,,19000,0,19000
DEPARTMENT OF JUSTICE,TITLE: SHE RAYSREQUESTOR: GRETCHEN MARIE ROVIRAPOP DATES: 08/30/2024 TO 08/30/2025,2/14/2025,,19000,0,19000
DEPARTMENT OF JUSTICE,EXPERT WITNESS SERVICES,2/14/2025,,18000,0,18000
DEPARTMENT OF JUSTICE,LEGAL ASSISTANT II SERVICES,2/14/2025,,14599,0,14599
DEPARTMENT OF JUSTICE,COMMUNITY OUTREACH CONSULTING,2/14/2025,,12000,0,12000
DEPARTMENT OF JUSTICE,HUMAN RESOURCES STAFFING SPECIALIST,2/14/2025,,5399,0,5399
DEPARTMENT OF JUSTICE,BLANKET PURCHASE AGREEMENT FOR EQUAL EMPLOYMENT OPPORTUNITY SUPPORT SERVICES.,2/14/2025,,4084,0,4084
DEPARTMENT OF JUSTICE,EO-FY21- NOTICE PROVIDER SERVICES,2/18/2025,,549623,96794,452829
DEPARTMENT OF JUSTICE,"EXECUTIVE CORE QUALIFICATION (ECQ) PACKAGE DEVELOPMENT FOR ERIC RICKARD, HOWARD GOLDLEY, KATINA HECKARD, HEATHER RAY, AND FRANCES RIVERA.",2/18/2025,,493174,493174,0
DEPARTMENT OF JUSTICE,FY25 Temporary USTP Regional Shredding Support,2/18/2025,,23442,23442,0
DEPARTMENT OF JUSTICE,BROADCAST CLIPPING AND EXECUTIVE NEWS BRIEFINGS,2/20/2025,,1358720,541797,816923
DEPARTMENT OF JUSTICE,"Subscription to member-based Federal Human Capital Collaborative, professional development for HR Leaders within the federal government",2/28/2025,,78747,52498,26249
DEPARTMENT OF JUSTICE,"REQUEST FOR A BPA CALL TO THE A. BRIGHT IDEA BPA 15DDHQ18A00000028. CALL ORDER CAN FUND UP TO $1,000,000.00 FOR OUTREACH EFFORTS.",3/4/2025,,132215,0,132215
DEPARTMENT OF JUSTICE,PUBLIC AFFAIRS SERVICES,3/4/2025,,429000,358114,70886
DEPARTMENT OF JUSTICE,REVIEW ASSESSMENT,3/10/2025,,540234,540234,0
DEPARTMENT OF JUSTICE,DIVERSION CONTROL QUOTA PROGRAM,3/10/2025,,2936541,1973131,963410
DEPARTMENT OF LABOR,DEIA Training,1/24/2025,,9679268,7856119,1823149
DEPARTMENT OF LABOR,"THIS REQUIREMENT IS TO PROVIDE FOR MULTI-USER SUBSCRIPTION SERVICE TO SEARCH FOR REAL-TIME UPDATES ON ANALYSIS OF POLICY AT FEDERAL, STATE AND LOCAL LEVELS AND THE ABILITY TO CUSTOMIZE RESEARCH TOOLS TO INVESTIGATE PERTINENT SECTOR-SPECIFIC NEWS. THI",2/6/2025,,118380,96780,21600
DEPARTMENT OF LABOR,"SUBSCRIPTION FOR POLITICO PRO PLUS WHICH INCLUDES: PRO EDGE PLATFORM, TOOLS (DIRECTORIES, DOCUMENT DRAWER, POLICY CALENDAR, CAMPAIGN RACE DASHBOARD, LEGISLATIVE COMPASS, REGULATORY COMPASS), CUSTOMIZABLE ALERTS FOR TOOLS INCLUDED IN THE PLATFORM, SUB",2/6/2025,,81478,51950,29528
DEPARTMENT OF LABOR,"DIVERSITY, EQUITY, INCLUSION, AND ACCESSIBILITY (DEIA) CONSULTATION SERVICES AND TRAINING FOR THE JOB CORPS PROGRAM.",2/7/2025,,4097657,0,4097657
DEPARTMENT OF LABOR,"TEAM BUILDING AND DIVERSITY, EQUITY, INCLUSION, AND ACCESSIBILITY TRAINING SERVICES FOR SOL'S REGION III STAFF.",2/7/2025,,40840,0,40840
DEPARTMENT OF LABOR,"A unique function in Washington, DC, as a leader in reporting cutting-edge and in-depth news relevant to federal policy, bill tracking, and daily legislative updates. There are other vendors that provide similar work, but not with the combination of",2/13/2025,,47312,24762,22550
DEPARTMENT OF LABOR,"GENERAL BUSINESS DATABASE, A GENERAL SOCIOLOGY FULL-TEXT DATABASE, AND THE ECONLIT DATABASES WITH FULL TEXT ACCESS.(ACQ-23-0430)",2/14/2025,,486327,305897,180430
DEPARTMENT OF LABOR,"TO OBTAIN A 12-MONTH BASE, PLUS FOUR 12-MONTH OPTION PERIODS FOR TALKWALKER SOCIAL MEDIA LISTENING TOOL FOR OSHA",2/14/2025,,149325,119460,29865
DEPARTMENT OF LABOR,OASP SECTORAL STRATEGIES AND EMPLOYER ENGAGEMENT PORTFOLIO BPA ORDER,2/18/2025,,21449974,15250000,6199974
DEPARTMENT OF LABOR,Performance and Technical Assistance Support for the Office of Apprenticeship (OA),2/18/2025,,14921358,6363029,8558329
DEPARTMENT OF LABOR,Office of Apprenticeship (OA) Grants and Cooperative Agreements Technical Assistance and Coaching Support,2/18/2025,,14175515,6012121,8163394
DEPARTMENT OF LABOR,REGISTERED APPRENTICESHIP PROGRAMS (RAP),2/18/2025,,9967497,0,9967497
DEPARTMENT OF LABOR,OFFICE OF APPRENTICESHIP INDUSTRY ENGAGEMENT AND OUTREACH SUPPORT,2/18/2025,,8085259,5321709,2763550
DEPARTMENT OF LABOR,VETS CUSTOMER EXPERIENCE(CX) HUMAN CENTERED DESIGN (HCD),2/18/2025,,7288480,2697734,4590746
DEPARTMENT OF LABOR,PROCURE A CONTRACT TO ADVANCE DOLS EXPLORATION OF AND UNDERSTANDING IN THE APPLICATION OF BEHAVIORAL SCIENCE PRINCIPLES TO SELECTED PROGRAMS AND POPULATIONS OF THE DEPARTMENT.,2/18/2025,,6177493,4680000,1497493
DEPARTMENT OF LABOR,EVIDENCE-TO-ACTION (E2A) AT DOL: PORTFOLIO PROJECT AND PROCESS STUDY,2/18/2025,,5030979,2000003,3030976
DEPARTMENT OF LABOR,"COMMUNICATION, DISSEMINATION, AND OUTREACH SUPPORT",2/18/2025,,4870659,2223673,2646986
DEPARTMENT OF LABOR,POLICY AND REQUIREMENTS HANDBOOK (PRH) MODERNIZATION SUPPORT,2/18/2025,,4352159,3520681,831478
DEPARTMENT OF LABOR,ADMINISTRATIVE SUPPORT AND STRATEGIC PLANNING TO M-POWER.,2/18/2025,,4254840,2717866,1536974
DEPARTMENT OF LABOR,CHANGE MANAGEMENT AND COMMUNICATIONS SUPPORT,2/18/2025,,4149133,3358169,790964
DEPARTMENT OF LABOR,SERVICES TO SUPPORT WHD IN DETERMINING PREVAILING WAGE RATES AND FRINGE BENEFITS UNDER THE DAVIS-BACON ACT (DBA) AND MCNAMARA-O'HARA SERVICE ACT (SCA).,2/18/2025,,4052868,2014304,2038564
DEPARTMENT OF LABOR,LEGEL SUPPORT SERVICES,2/18/2025,,3805000,2098880,1706120
DEPARTMENT OF LABOR,EMPLOYEE DEVELOPMENT COACHING,2/18/2025,,3786844,849194,2937650
DEPARTMENT OF LABOR,RESTRICTED USE DATA ACCESS ORDER,2/18/2025,,3524164,2000076,1524088
DEPARTMENT OF LABOR,WIOA WAGE INTERCHANGE SYSTEMS CONTRACT,2/18/2025,,2899435,2194650,704785
DEPARTMENT OF LABOR,SCC - STRENGTHENING COMMUNITY COLLEGES STUDY,2/18/2025,,2630475,1000000,1630475
DEPARTMENT OF LABOR,DISABILITY TECHNICAL ASSISTANCE,2/18/2025,,2589997,961944,1628053
DEPARTMENT OF LABOR,INFORMATION TECHNOLOGY (IT) PROJECT SUPPORT SERVICES,2/18/2025,,2018420,1665903,352517
DEPARTMENT OF LABOR,REGISTRATION SERVICES AT THE NATIONAL MINE ACADEMY,2/18/2025,,1387976,1346097,41879
DEPARTMENT OF LABOR,SharePoint Administrator,2/18/2025,,1189094,970713,218381
DEPARTMENT OF LABOR,WIOA PERFORMANCE ACCOUNTABILITY TECHNICAL ASSISTANCE,2/18/2025,,1111862,0,1111862
DEPARTMENT OF LABOR,EVALUATION TRAINING FOR CHIEF EVALUATION OFFICE EVALUATION TRAINING NEW,2/18/2025,,1079205,82822,996383
DEPARTMENT OF LABOR,SECRETARIES ADVISORY COMMITTEE ON APPRENTICESHIP SUPPORT SERVICES,2/18/2025,,879476,0,879476
DEPARTMENT OF LABOR,VETS CUSTOMER EXPERIENCE USING HUMAN CENTERED DESIGN METHODOLOGIES FOR THE HOMELESS VETERANS REINTEGRATION PROGRAM,2/18/2025,,674993,652312,22681
DEPARTMENT OF LABOR,INCLUSIVE STRATEGIES FOR ECONOMIC MOBILITY RESEARCH PORTFOLIO,2/18/2025,,674993,652312,22681
DEPARTMENT OF LABOR,"THIS IS AN ORDER IS USING AGENCY BPA FOR 1 MANAGEMENT ANALYST IN OFCCP FRONT OFFICE - PERIOD OF PERFORMANCE TO START ON 2/20/24-2/19/2025, 1605C3-21-A-0005 (ASPEN OF D.C., INC.)",2/18/2025,,556047,341836,214211
DEPARTMENT OF LABOR,STATISTICAL ADJUSTMENT MODEL TECHNICAL ASSISTANCE CENTER (SAMTAC) SUPPORT,2/18/2025,,499490,252861,246629
DEPARTMENT OF LABOR,"DESCRIPTIVE STUDY OF UNEMPLOYMENT INSURANCE MODERNIZATION EFFORTS, IMPACTS, AND LESSONS LEARNED UNDER THE AMERICAN RESCUE PLAN ACT INSIGHTS, ASSESSMENT, IMPLEMENTATION REPORTING",2/18/2025,,464756,0,464756
DEPARTMENT OF LABOR,WORKFORCE DATA QUALITY INITIATIVE (WDQI) TECHNICAL ASSISTANCE,2/18/2025,,401074,270665,130409
DEPARTMENT OF LABOR,ASPIRING LEADERS: FOUNDATIONS IN PUBLIC SERVICE LEADERSHIP COHORT #4,2/18/2025,,270000,135000,135000
DEPARTMENT OF LABOR,THE NATIONAL LONGITUDINAL SURVEYS PROGRAM OFFICE SEEKS SERVICES TO PROVIDE RECOMMENDATIONS FOR MEASURING THE COGNITIVE AND SOCIAL SKILLS OF THE NATIONAL LONGITUDINAL SURVEY OF YOUTH 1997 (NLSY97) SAMPLE MEMBERS DURING MID-LIFE.,2/18/2025,,220725,0,220725
DEPARTMENT OF LABOR,"EXECUTIVE LEADERSHIP COACHING SERVICES, MATERIALS FOR 360 ASSESSMENTS AND CLASSROOM MATERIALS",2/18/2025,,208294,0,208294
DEPARTMENT OF LABOR,EMPLOYMENT AND TRAINING ADMINISTRATION COMMUNICATIONS SUPPORT,2/18/2025,,194998,194998,0
DEPARTMENT OF LABOR,Mission Support Services,2/18/2025,,129907,0,129907
DEPARTMENT OF LABOR,Graphic Support Services,2/18/2025,,62092,0,62092
DEPARTMENT OF LABOR,Virtual mentorship facilitation Services for OWCP,2/18/2025,,41026,3953,37073
DEPARTMENT OF LABOR,OFCCP LEARNING MANAGEMENT SYSTEMS (LMS) SUPPORT SERVICES,2/19/2025,,6422061,1123903,5298158
DEPARTMENT OF LABOR,OA INTERMEDIARY TECHNICAL ASSISTANCE SUPPORT (ITAS),2/19/2025,,4034024,1965556,2068468
DEPARTMENT OF LABOR,MANAGEMENT OF EPOLICYWORKS ON-LINE MEDIA COMMUNICATIONS,2/19/2025,,2204115,570508,1633607
DEPARTMENT OF LABOR,"ODEP Strategic Communications, Education, Outreach, Policy Development, and Dissemination Services",2/19/2025,,1270800,527109,743691
DEPARTMENT OF LABOR,"NEW AWARD - MEDIATION SERVICES FOR CASES ARISING FROM LONGSHORE, WHISTLE BLOWER AND OTHER STATUS WITHIN OALJ'S JURISDICTION.",2/19/2025,,1240000,980000,260000
DEPARTMENT OF LABOR,CONFERENCE CENTER SCHEDULING TOOL DATA ENTRY SPECIALIST SERVICES,2/19/2025,,1062758,691245,371513
DEPARTMENT OF LABOR,SURVEY NON-RESPONSE FOLLOW-UP AND CUSTOMER SERVICE ACTIVITIES WITH SURVEY RESPONDENTS.,2/19/2025,,720141,584499,135642
DEPARTMENT OF LABOR,OFFICE OF HUMAN RESOURCES (OHR) INTERAGENCY TRAINING,2/19/2025,,407789,353000,54789
DEPARTMENT OF LABOR,KNOWBE4 SECURITY AWARENESS TRAINING SUBSCRIPTION,2/19/2025,,266013,93005,173008
DEPARTMENT OF LABOR,SUBSCRIPTION ACCESS TO WEB-BASED RECRUITMENT PLATFORM,2/19/2025,,230819,0,230819
DEPARTMENT OF LABOR,ACCESS RESULTS OF YEAR-LONG SURVEY FOR HOUSEHOLDS TO RECORD INFORMATION ABOUT THEIR PURCHASES OF TELECOMMUNICATION SERVICES.,2/19/2025,,225000,0,225000
DEPARTMENT OF LABOR,Westlaw Edge and CLEAR legal research and investigation software,2/19/2025,,215736,25286,190450
DEPARTMENT OF LABOR,VIRTUAL MENTORSHIP AND MENTORSHIP PROGRAM FACILITATION SERVICES,2/19/2025,,205011,125652,79359
DEPARTMENT OF LABOR,BLOOMBERG GOVERNMENT MONTHLY SUBSCRIPTION,2/19/2025,,107619,44235,63384
DEPARTMENT OF LABOR,ETA CONSULTATION SERVICES IN SUPPORT OF THE DEVELOPING A STAFF SKILLS TRAINING PROGRAM FOR TODAYS WORKFORCE SYSTEM-DSSTP,2/19/2025,,99154,0,99154
DEPARTMENT OF LABOR,DIGITAL SUBSCRIPTION FOR SIXTH EDITION OF THE AMA GUIDES,2/19/2025,,69750,41850,27900
DEPARTMENT OF LABOR,Suicide Prevention (used DEAI funds),2/19/2025,,55093,47746,7347
DEPARTMENT OF LABOR,LEXISNEXIS LEGAL RESEARCH SUBSCRIPTION SERVICES,2/19/2025,,53311,23757,29554
DEPARTMENT OF LABOR,DATA ENTRY SERVICES FOR OEWS SURVEY/DATA COLLECTION,2/19/2025,,51572,51572,0
DEPARTMENT OF LABOR,ONLINE SUBSCRIPTION SERVICE,2/20/2025,,184165,110499,73666
DEPARTMENT OF LABOR,Thomson Reuters CLEAR information services subscriptions,2/20/2025,,147026,66259,80767
DEPARTMENT OF LABOR,ORDER ISSUED TO PROVIDE COMPLIANCE MANAGEMENT SYSTEM PROGRAM SUPPORT (CMS) SERVICES TO SUPPORT THE DEPARTMENT OF LABOR (DOL) OFFICE OF FEDERAL CONTRACT COMPLIANCE PROGRAMS (OFCCP).,3/5/2025,,6549340,1292530,5256810
DEPARTMENT OF LABOR,"FINANCIAL, PERFORMANCE, ATTESTATION, AND CONTROL AUDIT SUPPORT SERVICES FOR OWCP.",3/5/2025,,1444046,421349,1022697
DEPARTMENT OF LABOR,"(LABOR) NEW TASK ORDER FOR SECTION 508 SUPPORT SERVICES AGAINST BPA 1605TA-22-A-0001. INCREMENTALLY FUND CLIN 0001 IN THE AMOUNT OF $270,225.60, FUNDS ARE PROJECTED FOR LAST FROM 12/16/2022 THROUGH 03/16/2023.BASE + 4 OPTION PERIODSBASE: 12/1",3/5/2025,,11423016,8729162,2693854
DEPARTMENT OF LABOR,RE-ENTRY RESEARCH AND EVALUATION PORTFOLIO,3/10/2025,,9983222,9091404,891818
DEPARTMENT OF LABOR,SUPPLEMENTAL EVALUATION SUPPORT SERVICES (SESS) FOR THE CHIEF EVALUATION OFFICE,3/10/2025,,849873,550000,299873
DEPARTMENT OF LABOR,DIVERSITY COUNCIL FACILITATION SERVICES,1/27/2025,,107190,37530,69660
DEPARTMENT OF LABOR,Office of Apprenticeship Grants Technical and Coaching Assistance Support.,2/18/2025,,16589335,6374158,10215177
DEPARTMENT OF LABOR,Business Initiative Engagement,2/18/2025,,10018961,0,10018961
DEPARTMENT OF LABOR,"PROFESSIONAL SERVICES IN THE FORM OF ACQUISITION MANAGEMENT AND PROGRAM MANAGEMENT SUPPORT, CONSISTING OF PLANNING, EXECUTION, AND MANAGEMENT OVERSIGHT RELATED TO THE IMPLEMENTATION OF G-INVOICING",2/18/2025,,5191276,0,5191276
DEPARTMENT OF LABOR,Intern Program,2/18/2025,,4739992,4286937,453055
DEPARTMENT OF LABOR,Subject Matter Expert and Communication Support Services for the Bureau of International Labor Affairs (ILAB),2/18/2025,,3870675,3385715,484960
DEPARTMENT OF LABOR,OA YOUTH APPRENTICESHIP READINESS GRANT TECHNICAL ASSISTANCE,2/18/2025,,2916911,0,2916911
DEPARTMENT OF LABOR,SUPPORT FOR DOL/OASAM TO DEVELOP STRATEGIC AND TACTICAL APPROACHES TO DISSEMINATE KEY COMMUNICATIONS INTERNALLY AND EXTERNALLY TO THE DEPARTMENT ON BEHALF OF OASAM.,2/18/2025,,2727379,2057460,669919
DEPARTMENT OF LABOR,Accounting and Financial Advisory Support Services,2/18/2025,,2257564,1824620,432944
DEPARTMENT OF LABOR,ACQUISITION/ADMINISTRATIVE MANAGEMENT SUPPORT,2/18/2025,,2072150,713180,1358970
DEPARTMENT OF LABOR,IT Portfolio Management Support Services,2/18/2025,,1000483,418011,582472
DEPARTMENT OF LABOR,OA FEDERAL REGISTERED APPRENTICESHIP ENGAGEMENT AND OUTREACH SUPPORT (FRAEOS),2/18/2025,,916758,716758,200000
DEPARTMENT OF LABOR,OCFO NEEDS HR ADMINISTRATION SERVICES TO PERFORM COMPLEX FUNCTIONS FOR OCFO DAILY HR ACTIVITIES.,2/18/2025,,754428,209260,545168
DEPARTMENT OF LABOR,EBSA- STATISTICAL SUPPORT CONTRACT,2/18/2025,,634345,634345,0
DEPARTMENT OF LABOR,EMPLOYEE CAREER COACHING SERVICES FOR OASAM MANAGEMENT'S DEPARTMENTAL BUDGET CENTER AND PERFORMANCE MANAGEMENT CENTER.,2/18/2025,,107957,71648,36309
DEPARTMENT OF LABOR,OJC STRATEGIC COMMUNICATIONS/MARKETING SUPPORT SERVICES,2/19/2025,,46064162,25525363,20538799
DEPARTMENT OF LABOR,EMPLOYMENT AND TRAINING ADMINISTRATION NATIONAL AGRICULTURAL WORKERS SURVEY,2/19/2025,,37920899,33211739,4709160
DEPARTMENT OF LABOR,State Exchange on Employment & Disability (SEED) requirement,2/19/2025,,13978510,258653,13719857
DEPARTMENT OF LABOR,MEDICAL AND TECHNICAL EXPERT CONSULTING SERVICES.,2/19/2025,,249632,0,249632
DEPARTMENT OF LABOR,THE NATIVE AMERICAN EMPLOYMENT AND TRAINING COUNCIL (NAETC) SUPPORT 2024,2/19/2025,,170949,0,170949
DEPARTMENT OF LABOR,"Diversity, Equity, Inclusion and Accessibility Training",2/19/2025,,154084,0,154084
DEPARTMENT OF LABOR,Award Emerging Leadership Training,2/28/2025,,40251,0,40251
DEPARTMENT OF LABOR,GRAPHIC DESIGN SERVICES,3/4/2025,,161759,0,161759
DEPARTMENT OF STATE,Enhanced Multimedia Services,2/5/2025,,2235957,180205,2055752
DEPARTMENT OF STATE,S ODI DEIA Champions Program Howard University,2/5/2025,,300725,101573,199152
DEPARTMENT OF STATE,DEIA train the trainer workshop,2/5/2025,,10000,4000,6000
DEPARTMENT OF STATE,7203.1 LABCO DEIA,2/6/2025,,20000,14351,5649
DEPARTMENT OF STATE,MGT. OF SOCIAL MEDIA PAGES,2/13/2025,,49900,41936,7964
DEPARTMENT OF STATE,OTHER QC/TEST/INSPECT- MISCELLANEOUS,2/14/2025,,886139,414510,471629
DEPARTMENT OF STATE,----------COMMENTS:APPROVED ON BEHALF OF THE DEPARTMENT CIO MILLERD FOR MTGARRETTAPPROVED ON BEHALF OF THE DEPARTMENT CIO MILLERD FOR MTGARRETTPOP: 08/01/24 - 07/31/25.PLEASE DIRECT TO JAMELL JOHNSON.IT REQUEST STATUS: TRUEOCIO APPROV,2/14/2025,,141816,0,141816
DEPARTMENT OF STATE,LODGING,2/18/2025,,10636,0,10636
DEPARTMENT OF STATE,"DOS PMELS IDIQ INDO-PACIFIC PROGRAM PERFORMANCE MONITORING AND EVALUATION, BUREAU OF EAST ASIAN AND PACIFIC AFFAIRS",2/27/2025,,804775,0,804775
DEPARTMENT OF STATE,"THE UNITED STATES DEPARTMENT OF THE INTERIOR (DOI), INTERIOR BUSINESS CENTER (IBC), ACQUISITION SERVICES DIRECTORATE (AQD), UNDER THE FRANCHISE AUTHORITY, ON BEHALF OF THE UNITED STATES DEPARTMENT OF STATE (DOS), BUREAU OF SOUTH AND CENTRAL AFFAIRS (",2/27/2025,,190086,0,190086
DEPARTMENT OF STATE,BPA FOR DELIVERY OF LOCAL NEWSPAPERS,2/28/2025,,29670,0,29670
DEPARTMENT OF STATE,SALE & DELIVERY OF LOCAL NEWSPAPERS AND PERIODICALS.,2/28/2025,,26910,0,26910
DEPARTMENT OF STATE,"USAID SUPPLEMENTAL HEALTH INSURANCE NOV 6-FEB 5, 2025",2/28/2025,,13272,0,13272
DEPARTMENT OF STATE,NIGER TSCTP CVE PROGRAM COORDINATOR/ADVISORNIGER TSCTP CVE PROGRAM COORDINATOR/ADVISOR,3/4/2025,,2906161,1871494,1034667
DEPARTMENT OF STATE,"REQUIREMENT FOR PROGRAM SUPPORT SERVICES AT THE ILEA FACILITY IN ROSWELL, NM.",3/6/2025,,31190910,12273669,18917241
DEPARTMENT OF STATE,CULTURAL HERITAGE SUPPORT,1/28/2025,,2135157,1555374,579783
DEPARTMENT OF STATE,DEIA Climate Survey Services,1/30/2025,,356627,279828,76799
DEPARTMENT OF STATE,"IT Business, Planning, and Technical Advisory support services.",2/5/2025,,76500000,1690420,74809580
DEPARTMENT OF STATE,GEC Professional Support Services,2/5/2025,,13824790,159062,13665728
DEPARTMENT OF STATE,SUPPORT- PROF: PROGRAM MANAGEMENT/SUPPORT,2/5/2025,,3156655,79739,3076916
DEPARTMENT OF STATE,Clean Energy Balk,2/5/2025,,2962412,3990387,-1027975
DEPARTMENT OF STATE,Ukraine Clean Hydroge,2/5/2025,,2855877,2855877,0
DEPARTMENT OF STATE,PROGRAM MANAGEMENT/SUPPORT,2/5/2025,,2468925,689200,1779725
DEPARTMENT OF STATE,PROGRAM MANAGEMENT/SUPPORT,2/5/2025,,2302721,2302721,0
DEPARTMENT OF STATE,ENR Clean Hydrogen Industrial Decarbonizat,2/5/2025,,1974221,1322564,651657
DEPARTMENT OF STATE,Midstream Diversifi,2/5/2025,,1343265,808723,534542
DEPARTMENT OF STATE,PSP Balkans Clean Hydroge,2/5/2025,,928927,928927,0
DEPARTMENT OF STATE,Renewable Energy Develop. for Balkans,2/5/2025,,886655,463710,422945
DEPARTMENT OF STATE,Balkans offshore wind,2/5/2025,,740478,2183539,-1443061
DEPARTMENT OF STATE,Global Offshore Wind Development,2/5/2025,,674783,0,674783
DEPARTMENT OF STATE,Clean Energy Policy Support and Project Manager,2/5/2025,,447204,274044,173160
DEPARTMENT OF STATE,Associated Press,2/5/2025,,301150,62399,238751
DEPARTMENT OF STATE,Editorial Images Footage Contract,2/5/2025,,300301,211616,88685
DEPARTMENT OF STATE,Politico 12 month Variable Group Subscription,2/5/2025,,258610,258610,0
DEPARTMENT OF STATE,Politico Pro GHSD SCE Congressional Affairs,2/5/2025,,13000,13000,0
DEPARTMENT OF STATE,"DOS - INTERNATIONAL SECURITY AND NON-PROLIFERATION, OFFICE OF EXPORT CONTROL COOPERATION (ISN/ECC)",2/27/2025,,1944878,0,1944878
DEPARTMENT OF STATE,DEPARTMENT OF STATE BUREAU OF POLITICAL MILITARY AFFAIRS OFFICE OF SECURITY ASSISTANCE (PM/SA) CLIMATE STUDY CLIMATE STUDY FA1 24-0001,2/27/2025,,1786157,0,1786157
DEPARTMENT OF STATE,PRE-11037; DEPT. OF STATE 24-0011 (PRM); U.S. REFUGEE ADMISSIONS PROGRAM RECEPTION AND PLACEMENT PROGRAM,2/27/2025,,442063,0,442063
DEPARTMENT OF STATE,PRE-11110 DEPT OF STATE 24-11110 (MERCURY) EVALUATION OF STRATEGIES TO REDUCE MERCURY USAGE IN ARTISANAL AND SMALL-SCALE GOLD MINING,2/27/2025,,280797,0,280797
DEPARTMENT OF STATE,"Spring participation in the Excellence in Government Fellows Program, which includes the following: Cohort-based learning, In-person and virtual sessions, and two coaching sessions.",2/28/2025,,12900,0,12900
DEPARTMENT OF STATE,To provide digital production services.,3/4/2025,,84582,75091,9491
DEPARTMENT OF STATE,"Embassy San Salvador conducted a three month fraud prevention campaign to prevent U.S. visa scam operations by transnational criminal organizations and/or gangs now designated as foreign terrorists organizations, thus averting funding to criminal organizations, discouraging illegal migration, and protecting the borders and national security of the United States.",3/4/2025,,100000,0,100000
DEPARTMENT OF TRANSPORTATION,"AIT Workforce Development Training Support Services For Workforce Development Office, ASP-003",1/31/2025,,3251353,3000000,251353
DEPARTMENT OF TRANSPORTATION,PROCURE E&E NEWS PUBLICATIONS,2/11/2025,,39300,0,39300
DEPARTMENT OF TRANSPORTATION,DEIA Program and Project Management Support Services Spend plan ID FY23-S-023,2/12/2025,,3861496,1323741,2537755
DEPARTMENT OF TRANSPORTATION,TO ASSESS AND EVALUATE THE CURRENT BUSINESS PROCESSES AND STANDARDIZE PROCESSES AND REPORTING. EVALUATE BENCHMARKS OF OTHER OPERATIONS AND DEFINE AND DEVELOP RECOMMENDATIONS FOR MANAGING OR REINVENTING THE BUSINESS PROCESS AND REPORTING.,2/14/2025,,1791316,1460596,330720
DEPARTMENT OF TRANSPORTATION,"REQUSISTION: THE PURPOSE OF THIS REQUISITION BETWEEN THE U.S DEPARTMENT OF TRANSPORTATION/OFFICE OF THE SECRETARY/OST-B1 AND SCB MANAGEMENT SOLUTIONS, INC. IS TO PROVIDE EXECUTIVE COACHING AND PROFESSIONAL DEVELOPMENT TO THE BUDGET, PERFORMANCE AND F",2/14/2025,,1730900,445662,1285238
DEPARTMENT OF TRANSPORTATION,CORTAP TASK ORDER FY 2025 REVIEWS - PACKAGE 8,2/14/2025,,1299440,0,1299440
DEPARTMENT OF TRANSPORTATION,OPTION YEAR 2 FOR SUPPORT SERVICES,2/14/2025,,969052,0,969052
DEPARTMENT OF TRANSPORTATION,Subscription services,2/14/2025,,489548,193118,296430
DEPARTMENT OF TRANSPORTATION,A NEW AWARD FOR THE EXCELLENCE IN GOVERNMENT AWARD.,2/14/2025,,285000,114000,171000
DEPARTMENT OF TRANSPORTATION,Subscription services,2/14/2025,,259650,163300,96350
DEPARTMENT OF TRANSPORTATION,NEW PURCHASE ORDER FOR THE OFFICE OF THE ASSISTANT SECRETARY FOR ADMINISTRATION (OST-M) TO SEEK ASSISTANCE FROM A CONTRACTOR GOLDMAN EDWARDS TO PREPARE FOR THE PRESIDENTIAL TRANSITION. THIS WILL INCLUDE PROVIDING COMMUNICATION TOOLS AND BENCHMAR,2/14/2025,,249600,0,249600
DEPARTMENT OF TRANSPORTATION,"THE U.S. DEPARTMENT OF TRANSPORTATION (DOT), PIPELINE AND HAZARDOUS MATERIALS SAFETY ADMINISTRATION (PHMSA), HAS A REQUIREMENT TO PROCURE TWO (2), 1-DAY WORKSHOPS FOR AN ESTIMATE 20-30 PARTICIPANTS, ENCOMPASSING PHMSA CORE VALUES",2/14/2025,,154480,19392,135088
DEPARTMENT OF TRANSPORTATION,"ESTABLISH A PURCHASE ORDER FOR CONSULTANT FOR MANAGEMENT AND FULL EXECUTION OF THE DEPARTMENT OF TRANSPORTATIONS SENIOR EXECUTIVE ONBOARDING PROGRAM FOR NEWLY HIRED CAREER AND NON-CAREER SENIOR EXECUTIVE SERVICE (SES), SENIOR LEVEL (SL), AND SCIENCE",2/14/2025,,137500,0,137500
DEPARTMENT OF TRANSPORTATION,Subscription services,2/14/2025,,133300,85600,47700
DEPARTMENT OF TRANSPORTATION,Subscription services,2/14/2025,,116820,46565,70255
DEPARTMENT OF TRANSPORTATION,Subscription services,2/14/2025,,84232,0,84232
DEPARTMENT OF TRANSPORTATION,Subscription services,2/14/2025,,75415,61765,13650
DEPARTMENT OF TRANSPORTATION,Subscription services,2/14/2025,,60825,49825,11000
DEPARTMENT OF TRANSPORTATION,Subscription services,2/14/2025,,33000,0,33000
DEPARTMENT OF TRANSPORTATION,"PURCHASE ORDER 693JK424P600065 IS FOR ONE YEAR OF 10 JOB SLOT POSTINGS FOR PROFESSIONAL AND ADMINISTRATIVE SUPPORT SERVICES ON LINKEDIN TO AID WITH OUTREACH WHEN HIRING NEW POSITIONS. THE PERIOD OF PERFORMANCE IS AUGUST 28, 2024 - AUGUST 27, 202",2/14/2025,,19100,0,19100
DEPARTMENT OF TRANSPORTATION,Subscription services,2/14/2025,,17850,0,17850
DEPARTMENT OF TRANSPORTATION,Subscription services,2/14/2025,,15000,0,15000
DEPARTMENT OF TRANSPORTATION,Subscription services,2/14/2025,,13500,0,13500
DEPARTMENT OF TRANSPORTATION,Subscription services,2/14/2025,,10966,0,10966
DEPARTMENT OF TRANSPORTATION,IGF::OT::IGF,2/18/2025,,1036685,33721,1002964
DEPARTMENT OF TRANSPORTATION,"THE FRA IS COMMITTED TO SUPPORTING GRANTEES ACROSS ALL PROGRAMS TO ACHIEVE THEIR PROJECT GOALS WHILE BALANCING ITS RESPONSIBILITY TO CONDUCT OVERSIGHT AND PROTECT ITS INVESTMENT OF TAXPAYER FUNDS. IN PURSUIT OF THIS MISSION, FRA HAS DEVELOPED ITS MON",2/18/2025,,358857,0,358857
DEPARTMENT OF TRANSPORTATION,PURCHASE ORDER 693JK424P500018 IS TO ATTAIN CONTRACTOR TO PROVIDE PROFESSIONAL AND TECHNICAL EXECUTIVE RESOURCES SERVICES TO ASSIST THE EXECUTIVE AND POLITICAL RESOURCE CENTER (EPRC) WITH THEIR HUMAN RESOURCE FUNCTIONS. THE CONTRACTOR SHALL SUPPORT T,2/18/2025,,190880,0,190880
DEPARTMENT OF TRANSPORTATION,IGF::OT::IGF,2/18/2025,,165916,0,165916
DEPARTMENT OF TRANSPORTATION,NEW PURCHASE ORDER FOR PROFESSIONAL AND TECHNICAL EXECUTIVE RESOURCES SERVICES TO ASSIST THE EXECUTIVE AND POLITICAL RESOURCE CENTER (EPRC) WITH THEIR HUMAN RESOURCE FUNCTIONS IN ACCORDANCE WITH THE ATTACHED.THE PERFORMANCE PERIOD OF SEPTEMBER 30,2/18/2025,,165000,0,165000
DEPARTMENT OF TRANSPORTATION,FOR THE OFFICE OF THE ASSISTANT SECRETARY FOR ADMINISTRATION,2/24/2025,,152545,0,152545
DEPARTMENT OF TRANSPORTATION,THE PURPOSE OF THIS PROGRAM MANAGEMENT OFFICE (PMO) SUPPORT CONTRACT IS TO PROVIDE SUPPORT IN MONITORING AND EVALUATING OF ACTIVITIES RELATING TO THE CURRENT TTC CONTRACT AND SUPPORT THE COR IN THE COORDINATION AND EVALUATION OF ALL DELIVERABLES. THI,2/27/2025,,1822698,1226135,596563
DEPARTMENT OF TRANSPORTATION,"THE OBJECTIVE OF THIS TASK ORDER IS TO PROCURE SUBSCRIPTIONS TO BLOOMBERG (BGOV) WHICH PROVIDES ACCESS TO THE BREAKDOWN AND ANALYSIS OF BILLS HEADED TO THE FLOOR FOR A VOTE. IN ADDITION TO, BILL TRACKING, SUMMARIES, APPROPRIATIONS TRACKER, BUDGET TAB",2/27/2025,,243012,151740,91272
DEPARTMENT OF TRANSPORTATION,Modification to fully fund CLIN 0004 Option Year 3 CLEAR Mid Year Proposal dated 5/19/23,2/27/2025,,143943,68720,75223
DEPARTMENT OF TRANSPORTATION,The purpose of this Purchase Order is to purchase the yearly membership to the Partnership for Public Service. This yearly membership includes with membership in the Federal Human Capital Collaborative.,2/28/2025,,28750,0,28750
DEPARTMENT OF TRANSPORTATION,PUBLIC RELATIONS AND OUTREACH SUPPORT SERVICES,3/4/2025,,2740187,1756955,983232
DEPARTMENT OF TRANSPORTATION,SUBSCRIPTION SERVICE FOR COMPREHENSIVE INFORMATION AND ANALYTICS FOR POLICY PROFESSIONALS,3/4/2025,,164892,0,164892
DEPARTMENT OF TRANSPORTATION,OFFICE OF ACQUISITION SUPPORT SERVICES FOR A BASE AND TWO OPTION YEARS,3/6/2025,,2199221,1138233,1060988
DEPARTMENT OF TRANSPORTATION,"RAD30 SUPPORT SERVICES IN THE FOLLOWING AREAS: ACQUISITION SYSTEM ADMINISTRATION, CONTRACT CLOSEOUT, AND IMPLEMENTATION OF STRATEGIC ACQUISITION POLICY AND INITIATIVES.",3/6/2025,,791040,232320,558720
DEPARTMENT OF TRANSPORTATION,ABP-200 OPERATIONS BUDGET SUPPORT UI UX,3/10/2025,,1059457,178580,880877
DEPARTMENT OF TRANSPORTATION,THIS ORDER IS TO PROCURE RECRUITING AND HIRING SERVICES FOR THE OCIO OFFICE.,3/11/2025,,171513,0,171513
DEPARTMENT OF TRANSPORTATION,Speed safety camera locations and equity task order,2/5/2025,,284808,0,284808
DEPARTMENT OF TRANSPORTATION,Professional Support Services for FMCSA's Space Management Program,2/6/2025,,5482786,356375,5126411
DEPARTMENT OF TRANSPORTATION,Environmental Impact Statement for MY2024 to MY2035,2/6/2025,,5048145,349257,4698888
DEPARTMENT OF TRANSPORTATION,The purpose of this effort is to award a task order for EDC-7 Integrating Greenhouse Gas Assessment and Reduction Targets in Transportation Planning.,2/6/2025,,2605644,661500,1944144
DEPARTMENT OF TRANSPORTATION,Create a new delivery task order for Course 142095 Environmental Justice Analysis in the National Environmental Policy Act (NEPA).,2/6/2025,,559507,394472,165035
DEPARTMENT OF TRANSPORTATION,"The purpose of this Delivery Order is to acquire a Third-Party Subject Matter Expert (SME) for an Ecological Unusually Sensitive Area (Eco USA) Data Update to ensure data production methodologies,",2/6/2025,,295000,295000,0
DEPARTMENT OF TRANSPORTATION,Mitigating Environmental Impacts of Freight Movement,2/6/2025,,213451,0,213451
DEPARTMENT OF TRANSPORTATION,OFFICE OF CIVIL RIGHTS (ACR) SUPPORT SERVICES,2/14/2025,,7873252,5826670,2046582
DEPARTMENT OF TRANSPORTATION,"FINANCIAL, BUDGETARY, AND OAMS SUPPORT SERVICES",2/14/2025,,4388665,0,4388665
DEPARTMENT OF TRANSPORTATION,THE PURPOSE OF THIS EFFORT IS TO AWARD A TASK ORDER FOR EDC-7 INTEGRATING GREENHOUSE GAS ASSESSMENT AND REDUCTION TARGETS IN TRANSPORTATION PLANNING.,2/14/2025,,2605643,661500,1944143
DEPARTMENT OF TRANSPORTATION,"BPA CALL: THE PURPOSE OF THIS CALL ORDER 693JK424F96008N ESTABLISHED UNDER BLANKET PURCHASE AGREEMENT 693JK418A600024, IS TO PROVIDE PROJECT MANAGEMENT SUPPORT FOR OST S3, ORGANIZATIONAL ASSESSMENT, FUTURE STATE OPERATION MODEL, AND IMPLEMENTATION S",2/14/2025,,2573644,1053588,1520056
DEPARTMENT OF TRANSPORTATION,SECTOR RISK MANAGEMENT AGENCY SUPPORT SERVICES,2/14/2025,,2254886,1715913,538973
DEPARTMENT OF TRANSPORTATION,THE PURPOSE OF THIS CONTRACT IS THAT THE CONTRACTOR SHALL PROVIDE EXPERIENCED PERSONNEL TO EFFICIENTLY MANAGE AND COORDINATE ADMINISTRATIVE ACTIVITIES. THESE RESPONSIBILITIES INCLUDE SUPPORTING THE SENIOR MANAGEMENT TEAM AND PERSONNEL OVERSEEING A V,2/14/2025,,2087139,1686078,401061
DEPARTMENT OF TRANSPORTATION,FEDERATION OF AMERICAN SCIENTISTS (FAS) CONTRACT OST-R,2/14/2025,,1788319,0,1788319
DEPARTMENT OF TRANSPORTATION,THE PURPOSE OF THIS CONTRACT IS TO SEEK THE SERVICES OF THE CONTRACTOR PERSONNEL TO SUPPORT THE DEPARTMENT OF TRANSPORTATION DEPARTMENTAL OFFICE OF CIVIL RIGHTS (DOCR) BY REESTABLISHING AN ADVISORY COMMITTEE ON TRANSPORTATION EQUITY (ACTE),2/14/2025,,1771898,969468,802430
DEPARTMENT OF TRANSPORTATION,THE PURPOSE OF THIS PURCHASE REQUISITION IS TO REQUEST THE AWARD OF A NEW TASK ORDER ON FHWA BPA #696JJ318A000007 WITH GUIDEHOUSE,2/14/2025,,1744275,700000,1044275
DEPARTMENT OF TRANSPORTATION,"THE PURPOSE OF THIS CONTRACT IS THAT THE CONTRACTOR PERSONNEL SHALL SUPPORT DOT DOCR AND MUST POSSESS HBCU AND MSI KNOWLEDGE, INCLUDING EXPOSURE AND EXPERTISE IN HIGHER EDUCATION. CONTRACT PERSONNEL MUST ALSO POSSESS EXPERIENCE COORDINATING AND SOLI",2/14/2025,,1671916,1043371,628545
DEPARTMENT OF TRANSPORTATION,ESTABLISH A NEW TASK ORDER UNDER IDIQ NUMBER 693JK422D600001 IN SUPPORT OF ADMINISTRATIVE SUPPORT SERVICES. THE CONTRACTOR SHALL PROVIDE TWO (2) CORRESPONDENCE ANALYSTS I IN SUPPORT OF IN SUPPORT OF THE REBUILDING AMERICAN INFRASTRUCTURE WITH SUSTAI,2/14/2025,,1445553,872877,572676
DEPARTMENT OF TRANSPORTATION,BLANKET PURCHASE AGREEMENT ORDER FOR HUMAN RESOURCES SUPPORT SERVICES,2/14/2025,,1314379,884849,429530
DEPARTMENT OF TRANSPORTATION,"SERJON LLC - TEMP FINANCIAL ANALYST FOR TITLE XI. ADDING AN ADDITIONAL $14,000.00.",2/14/2025,,1293021,568600,724421
DEPARTMENT OF TRANSPORTATION,"THIS IS A NEW AWARD FOR THREE- YEAR TASK ORDER (BASE + TWO OPTIONS) TO FOR HR SUPPORT UNDER THE HR SERVICES BPA SET, FOR EXECUTIVE AGENT SUPPORT SERVICES.",2/14/2025,,1062728,715433,347295
DEPARTMENT OF TRANSPORTATION,"TECHNICAL SERVICES CONTRACT FOR ASO, AEA AND ANE REGIONS",2/14/2025,,812512,37797,774715
DEPARTMENT OF TRANSPORTATION,"THE PURPOSE OF THIS TASK ORDER IS TO PROVIDE ASSISTANCE ON TASKS THAT WOULD SUPPORT THE IMPLEMENTATION OF THE NATIONAL ELECTRIC VEHICLE INFRASTRUCTURE (NEVI) FORMULA PROGRAM (INCLUDING 10 PERCENT SET-ASIDE GRANT PROGRAM), THE CFI DISCRETIONARY GRANT",2/14/2025,,798956,0,798956
DEPARTMENT OF TRANSPORTATION,"TITLE: COMMUNITY ENHANCED TRAFFIC ENFORCEMENT (CENTRE)PRMSID 320 (RPEVIUOSLY 23RQ000375)PURPOSE: THIS IS A TASK ORDER UNDER AN IDIQ FOR EJS NOT AWARDED YET. THE OBJECTIVE OF THIS AWARD IS TO DEVELOP GUIDANCE AND TRAINING FOR FEDERAL, STATE, LOC",2/14/2025,,733562,270195,463367
DEPARTMENT OF TRANSPORTATION,"TASK ORDER FOR ""SUPPORT OF THE 360 DEGREE LEADERSHIP ASSESSMENT PROGRAM""",2/14/2025,,565470,349270,216200
DEPARTMENT OF TRANSPORTATION,TO SOLE SOURCE AWARD A BASE YEAR LABOR HOUR TASK ORDER WITH TWO CONTRACT LINE ITEMS (00001 AND 00002) TO CP MARINE LLC BASED UPON THEIR STATUS AS AN PARTICIPANT IN THE 8(A) PROGRAM AND ALASKA-NATIVE CORPORATION. THE NEW AWARD ASSISTS THE STB IN MEETI,2/14/2025,,510818,0,510818
DEPARTMENT OF TRANSPORTATION,FHWA BPA ORDER FOR HEP MARKETING AND OUTREACH SUPPORT SERVICES,2/14/2025,,494162,169659,324503
DEPARTMENT OF TRANSPORTATION,FEDERAL TRANSIT ADMINISTRATION'S (FTA) DIVERSITY IN FEDERAL TRANSIT (DFT) INTERNSHIP PROGRAM.,2/14/2025,,470704,0,470704
DEPARTMENT OF TRANSPORTATION,A NEW ENERGY AND SUSTAINABILITY CONTRACT WITH RMS NICKLAUS JV LLC,2/14/2025,,447563,363338,84225
DEPARTMENT OF TRANSPORTATION,NEW TASK ORDER AWARD ENTITLED: DISPLACEMENT PREVENTION AND MITIGATION TOOLKIT: STRATEGIES TO ADDRESS DIRECT AND INDIRECT DISPLACEMENT FROM TRANSPORTATION INFRASTRUCTURE INVESTMENT.,2/14/2025,,389592,54028,335564
DEPARTMENT OF TRANSPORTATION,THE PURPOSE OF THIS BPA CALL ORDER NO. 693JK424F96022N IS THAT THE CONTRACTOR SHALL PROVIDE LEADERSHIP DEVELOPMENT PROGRAMMING SUPPORT (BUILDING TRUST AND COMMUNITY TRAINING FRAMEWORK SUPPORT) FOR DEPARTMENTAL OFFICE OF HUMAN RESOURCES MANAGEMENT DEP,2/14/2025,,327714,0,327714
DEPARTMENT OF TRANSPORTATION,THE PURPOSE OF THIS TASK ORDER IS TO DEVELOP AN EQUITY IN TRANSPORTATION PLANNING GUIDEBOOK.,2/14/2025,,284983,0,284983
DEPARTMENT OF TRANSPORTATION,THE PURPOSE OF THIS NEW PURCHASE ORDER IS TO ACQUIRE PHILANTHROPIC OUTREACH CONSULTANT SERVICES FOR THE OFFICE OF PUBLIC ENGAGEMENT.,2/14/2025,,282960,0,282960
DEPARTMENT OF TRANSPORTATION,THE PURPOSE OF THIS CONTRACT IS TO SEEK THE SERVICES OF THE CONTRACTOR TO PROVIDE WRITING COACH SERVICES (FADS REVIEWER) SERVICES. THE FAD REVIEWER IS A HIGHLY SKILLED EXPERIENCED PROFESSIONAL WHOSE RESPONSIBILITY IS TO CRAFT FINAL AGENCY DECISIONS A,2/14/2025,,265512,215512,50000
DEPARTMENT OF TRANSPORTATION,SHORTLINE PILOT - DEVELOP A PROOF OF CONCEPT/PILOT PROJECT FOR THE SHORTLINES TO DEVELOP USE CASES BASED ON THE FRA NORTH AMERICAN RAIL NETWORK (NARN) AND SETUP A VIEWER AND PROCESSES TO ALLOW FRA TO OBTAIN UPDATES TO THE NARN FROM THE SHORTLINES IND,2/14/2025,,165491,34544,130947
DEPARTMENT OF TRANSPORTATION,NEW BUREAU PROCUREMENT (TIFIA REVENUE ACCT) FOR A FINANCIAL ADVISORY SERVICES TASK ORDER FOR THE ART NORTH-SOUTH CORRIDOR (GREEN LINE) PROJECT.,2/14/2025,,155233,0,155233
DEPARTMENT OF TRANSPORTATION,THE PURPOSE OF THIS PURCHASE ORDER IS TO ESTABLISH A SERVICE CONTRACT FOR VENDOR TO PROVIDE AN ENVIRONMENT TOOL IN WHICH EMPLOYEES IN THE OFFICE OF THE SECRETARY OF TRANSPORTATION (OST) AND THE DOT HR COMMUNITY HAVE ACCESS TO ONLINE TRAINING AND COMP,2/14/2025,,153676,118565,35111
DEPARTMENT OF TRANSPORTATION,THIS IS A NEW BPA CALL WITH GUIDEHOUSE FOR THE TECHNICAL ASSISTANCE ORGANIZATIONAL ASSESSMENT AND FUTURE-STATE OPERATING MODEL FOR THE BUILD AMERICA BUREAU.,2/14/2025,,149367,0,149367
DEPARTMENT OF TRANSPORTATION,PROVIDE DOT OST WITH A FEASIBILITY STUDY AND ARC RE-CERTIFICATION OF THE GOLD LEVEL CERTIFICATION AND PROVIDE A PERFORMANCE PLAN THAT WILL LEAD TO OBTAINING THE PLATINUM LEVEL CERTIFICATION. (ENERGY AND WATER),2/14/2025,,148900,0,148900
DEPARTMENT OF TRANSPORTATION,Subscription services,2/14/2025,,79789,49325,30464
DEPARTMENT OF TRANSPORTATION,"THE PURPOSE OF THIS TASK ORDER IS TO PROVIDE 360-DEGREE LEADERSHIP ASSESSMENT TOOL TO PROVIDE FEEDBACK, TO DOT LEADERS, SUPERVISORS OR THEIR EQUIVALENTS, ON THEIR LEADERSHIP SKILLS AND STYLES",2/14/2025,,65000,0,65000
DEPARTMENT OF TRANSPORTATION,Subscription services,2/14/2025,,58590,0,58590
DEPARTMENT OF TRANSPORTATION,Subscription services,2/14/2025,,35859,0,35859
DEPARTMENT OF TRANSPORTATION,ADMINISTRATIVE ANALYST II TO SUPPORT PHMSA ACQUISITION SERVICES.,2/14/2025,,18832,0,18832
DEPARTMENT OF TRANSPORTATION,PROFESSIONAL EXECUTIVE LEVEL COACHING SERVICES FOR FEDERAL LANDS LEADERSHIP TEAM MEMBERS,2/14/2025,,12618,0,12618
DEPARTMENT OF TRANSPORTATION,Subscription services,2/14/2025,,10250,0,10250
DEPARTMENT OF TRANSPORTATION,THE PURPOSE OF THIS CONTRACT IS THAT THE CONTRACTOR SHALL PROVIDE QUALIFIED PERSONNEL TO PROVIDE EXPERTISE AND ASSISTANCE WITH ORGANIZATIONAL EFFECTIVENESS OVERSIGHT SUPPORT SERVICES IN SUPPORT OF THE OFFICE OF INNOVATION AND ENGAGEMENT TO SECURE AN,2/18/2025,,1510758,207336,1303422
DEPARTMENT OF TRANSPORTATION,"A NEW ENERGY AND SUSTAINABILITY CONTRACT WITH CONVERGE STRATEGIES LLC. CONVERGE STRATEGIES, LLC",2/18/2025,,1059844,654420,405424
DEPARTMENT OF TRANSPORTATION,BPA CALL FOR LIBRARY SUPPORT SERVICES.,2/18/2025,,887913,100000,787913
DEPARTMENT OF TRANSPORTATION,"THE PURPOSE OF CALL ORDER 693JK424F96017N AGAINST BPA 693JK423A600001 IS TO ESTABLISH A CALL ORDER TO CONDUCT AN ASSESSMENT OF CURRENT STATE HR PROCESSES, DEFINING FUTURE STATE PROCESS IMPROVEMENT RECOMMENDATIONS AND THE DEVELOPMENT OF ENABLING BUSIN",2/18/2025,,697035,0,697035
DEPARTMENT OF TRANSPORTATION,THE PURPOSE OF CALL ORDER 693JK424F96017N AGAINST BPA 693JK423A600001 IS TO SUPPORT THE IMPLEMENTATION AND MAINTENANCE OF LEARNING AND DEVELOPMENT ACTIVITIES TO INCLUDE SUPPORTING THE DEVELOPMENT OF NEW PROGRAMMING AND SUPPORTING ONGOING PROGRAMMING,2/18/2025,,599824,0,599824
DEPARTMENT OF TRANSPORTATION,"THE PURPOSE OF THIS CONTRACT AWARD IS TO DEVELOP, UPGRADE, AND MIGRATE A 40+ YEAR OLD OH LEGACY CASE TRACKING SYSTEM.",2/18/2025,,399999,0,399999
DEPARTMENT OF TRANSPORTATION,"PURCHASE ORDER 693JK424P500016 IS OBTAIN THE HIGH-LEVEL OPERATIONAL HUMAN RESOURCES SUPPORT FOR THE DEPARTMENT OF TRANSPORTATION, OFFICE OF THE SECRETARY, OFFICE OF THE ASSISTANT SECRETARY FOR ADMINISTRATION TO ASSIST THE OFFICE WITH OPTIMIZING RECRU",2/18/2025,,173699,0,173699
DEPARTMENT OF TRANSPORTATION,"THIS CALL ORDER 693JK424F95011N UNDER BPA NO. 693JK424A500005 IS ESTABLISHED BETWEEN USDOT AND INDEPENDENT INDUSTRIAL HYGIENE COMPANY MAXXIMUS ENVIRONMENTAL, INC TO CONDUCT BUILDING-WIDE AIR QUALITY MONITORING SURVEYS SEMI-ANNUALLY.",2/18/2025,,73214,46052,27162
DEPARTMENT OF TRANSPORTATION,FOLLOW-ON CONTRACT FOR SAFE LEARNER SUBSCRIPTION,2/18/2025,,25500,0,25500
DEPARTMENT OF TRANSPORTATION,SECTION 1906 RACIAL PROFILING DATA COLLECTION TECHNICAL ASSISTANCE,2/25/2025,,3555723,2550736,1004987
DEPARTMENT OF TRANSPORTATION,The purpose of this Purchase Order is to purchase the yearly membership to the Partnership for Public Service. This yearly membership includes with membership in the Federal Human Capital Collaborative.,2/28/2025,,25800,0,25800
DEPARTMENT OF TRANSPORTATION,DESCRIPTION: MEDIA SERVICES FOR REGION 7. COMMUNICATION SUPPORT FOR REGION 7 STATES TO SUPPORT SEAT BELT AND IMPAIRED DRIVING EFFORTS AND OTHER PRIORITY HIGHWAY SAFETY PROGRAMS. OPEN COMPETITIVE PROCUREMENT FOR TIME AND MATERIALS CONTRACT. THE OBJ,3/5/2025,,248385,198708,49677
DEPARTMENT OF TRANSPORTATION,TITLE: TRAFFIC SAFETY BANNER PRMSID: 354 PURPOSE: THIS IS A SMALL BUSINESS SET ASIDE FOR 5 YEARS. TO ASSIST WITH NHTSA MISSION OF SAVING LIVES AND PREVENTING INJURIES AND TO HAVE U.S. DEPARTMENT OF TRANSPORTATION (DOT) EMPLOYEES MODEL THE BEH,3/5/2025,,68400,54720,13680
DEPARTMENT OF TRANSPORTATION,"CGI FEDERAL IS A PROVEN ENTERPRISE ASSET MANAGEMENT SOLUTIONS COMPANY SPECIALIZING IN THE DEPLOYMENT OF ASSET MANAGEMENT SERVICES, COTS SOFTWARE TOOLS, AND INVENTORY AND ASSET MANAGEMENT BUSINESS PROCESSES. THE SUNFLOWER PORTFOLIO OF SOLUTIONS ENAB",3/11/2025,,927981,0,927981
DEPARTMENT OF TREASURY,DEIA Training,1/22/2025,,6500000,6500000,0
DEPARTMENT OF TREASURY,DEIA Training,1/22/2025,,6500000,6500000,0
DEPARTMENT OF TREASURY,DEIA Training,1/22/2025,,5265565,2323822,2941743
DEPARTMENT OF TREASURY,DEIA Training,1/22/2025,,88733,0,88733
DEPARTMENT OF TREASURY,DEIA Training,1/22/2025,,32200,0,32200
DEPARTMENT OF TREASURY,DEIA Training,1/22/2025,,17736,0,17736
DEPARTMENT OF TREASURY,DEIA Training,1/23/2025,,3056146,2171217,884929
DEPARTMENT OF TREASURY,DEIA Training,1/23/2025,,950000,0,950000
DEPARTMENT OF TREASURY,DEIA Training,1/24/2025,,255613,255613,0
DEPARTMENT OF TREASURY,"BPA for WORKFORCE DIVERSITY AND INCLUSION THROUGH THE TREASURY SCHOLARS PROGRAM SERVICES. THE CONTRACTOR SHALL MARKET, PROVIDE POTENTIAL CANDIDATES AND MANAGE INTERNS FOR TREASURY'S INTERN PROGRA",1/28/2025,,6500000,6500000,0
DEPARTMENT OF TREASURY,Variety of branding and marketing services in support of client agencies efforts to attract and build a high quality public sector workforce.,1/29/2025,,2337505,2300000,37505
DEPARTMENT OF TREASURY,OUTWARD INCLUSION DIGITAL WORKBOOKS,1/30/2025,,98750,0,98750
DEPARTMENT OF TREASURY,BLOOMBERG LAW INTERNATIONAL TRADE NEWS SERVICE (UP TO 10 USERS) FOR OFFICE OF INTERNATIONAL AFFAIRS AND BLOOMBERG TAX SUBSCRIPTION SERVICE (UP TO 100 USERS) FOR OFFICE OF TAX POLICYP00010 - TERMINATION FOR GOVERNMENT'S CONVENIENCEPOP: 1/,2/6/2025,,490759,157485,333274
DEPARTMENT OF TREASURY,POLITICOPRO SUBSCRIPTIONS,2/6/2025,,349668,89586,260082
DEPARTMENT OF TREASURY,BLOOMBERG BGOV,2/6/2025,,216010,189100,26910
DEPARTMENT OF TREASURY,BLOOMBERG GOVERNMENT SUBSCRIPTION RENEWAL. THE PURPOSE OF THIS MODIFICATION IS TO TERMINATE FOR THE GOVERNMENT'S CONVENIENCE.,2/6/2025,,129143,0,129143
DEPARTMENT OF TREASURY,POLITICO PRO SUBSCRIPTIONS. THE PURPOSE OF THIS MODIFICATION IS TO TERMINATE FOR CONVENIENCE.,2/6/2025,,115630,0,115630
DEPARTMENT OF TREASURY,CONTRACT TO BLOOMBERG LAW FOR TAX POLICYP00001 - TERMINATION FOR GOVERNMENT'S CONVENIENCE,2/6/2025,,107861,87543,20318
DEPARTMENT OF TREASURY,ENTERPRISE DIGITAL ACCESS TO NYTIMES ONLINE- OPTION YEAR 4,2/6/2025,,90101,20987,69114
DEPARTMENT OF TREASURY,POLITICO PRO SUBSCRIPTIONS,2/6/2025,,81600,53400,28200
DEPARTMENT OF TREASURY,BLOOMBERG GOVERNMENT SUBSCRIPTION,2/6/2025,,59641,40471,19170
DEPARTMENT OF TREASURY,2032H324P00006 - POLITICO PRO FOR THE TREASURY LIBRARY - TERMINATION FOR CONVENIENCE,2/6/2025,,20982,0,20982
DEPARTMENT OF TREASURY,BLOOMBERG ELECTRONIC DATABASE/PUBLICATION SUBSCRIPTION,2/6/2025,,20785,7156,13629
DEPARTMENT OF TREASURY,POLITICO PRO SUBSCRIPTION,2/6/2025,,16600,0,16600
DEPARTMENT OF TREASURY,BLOOMBERG LAW SUBSCRIPTION,2/7/2025,,952215,589275,362940
DEPARTMENT OF TREASURY,BLOOMBERG LAW SUBSCRIPTION,2/7/2025,,220181,178731,41450
DEPARTMENT OF TREASURY,"DIVERSITY, EQUITY, INCLUSION, AND ACCESSIBILITY (DEIA) SERVICES",2/7/2025,,139958,39532,100426
DEPARTMENT OF TREASURY,DIVERSITY AND INCLUSION WORKING COUNCIL MEMBERSHIP - TERMINATE FOR GOVERNMENT'S CONVENIENCE,2/7/2025,,121989,950,121039
DEPARTMENT OF TREASURY,TRAINING CLASSES FOR PROGRAM MANAGEMENT CERTIFICATIONCANCEL BPA EFFECTIVE 1/23/2025,2/10/2025,,7000000,7000000,0
DEPARTMENT OF TREASURY,RENEWAL OF THE CONFERENCE BOARD MEMBERSHIPS FOR HUMAN CAPITAL CENTER AND DATA & ANALYTICS EXECUTIVES COUNCIL - TERMINATION FOR GOVERNMENT'S CONVENIENCE,2/10/2025,,213548,177548,36000
DEPARTMENT OF TREASURY,2032H321C00023 - NEW YORK TIMES SUBSCRIPTION SERVICES - TERMINATION FOR CONVENIENCE,2/10/2025,,158008,35737,122271
DEPARTMENT OF TREASURY,Printing Scholars Internship,2/10/2025,,86448,0,86448
DEPARTMENT OF TREASURY,Printing Scholars Internship,2/10/2025,,67149,0,67149
DEPARTMENT OF TREASURY,PARTIAL TERMINATION. TERMINATE NEW YORK TIMES SUBSCRIPTIONS AND DELIVERY. BPA FOR NEWSPAPER AND MAGAZINE DELIVERY SERVICES TO TREASURY DEPARTMENTAL OFFICES,2/11/2025,,41642,0,41642
DEPARTMENT OF TREASURY,PARTIAL TERMINATION. ALL NEW YORK TIMES SUBSCRIPTIONS ARE BEING TERMINATED. BPA FOR NEWSPAPER AND MAGAZINE DELIVERY SERVICES TO TREASURY DEPARTMENTAL OFFICES,2/11/2025,,4998,0,4998
DEPARTMENT OF TREASURY,BPA SET-UP FOR CLIMATE CORPS,2/12/2025,,6900000,6900000,0
DEPARTMENT OF TREASURY,SOCIAL MEDIA PUBLISHING AND ANALYSIS TOOL- SPRINKLR,2/13/2025,,515301,0,515301
DEPARTMENT OF TREASURY,ENTERPRISE PRIVILEGED MEMBERSHIP AND DISCOVERY PLUS ELIBRARY,2/14/2025,,693961,528087,165874
DEPARTMENT OF TREASURY,"ENTERPRISE PROGRAM, PROJECT, INTEGRATION SERVICES (EPPIS)",2/18/2025,,1900000000,1900000000,0
DEPARTMENT OF TREASURY,Prepare acquisition documentation.,2/18/2025,,22591278,258201,22333077
DEPARTMENT OF TREASURY,"IMF PMO FINANCIAL MANAGEMENT, PROJECT, AND SHARE POINT SUPPORT SERVICES",2/18/2025,,4973109,4036401,936708
DEPARTMENT OF TREASURY,CHIEF INFORMATION OFFICER COMMUNICATION & STRATEGY SUPPORT,2/18/2025,,4379135,2221925,2157210
DEPARTMENT OF TREASURY,PROFESSIONAL SUPPORT SERVICES FOR FISCAL SERVICE FASP (FINANCIAL AGENT SELECTION PROCESS),2/18/2025,,3680503,137230,3543273
DEPARTMENT OF TREASURY,THE IRS MUST LEVERAGE RECORDS MANAGEMENT CAPABILITY AND/OR DEPLOY A TECHNOLOGY SOLUTION:A. TO PROVIDE CUI MARKINGS IN ACCORDANCE WITH THE 32 CFR 2002 REQUIREMENTS AND COMPLIANCE WITH EXECUTIVE ORDER (EO) 13556B. TO PROVIDE CONFIGURATION TO MANAG,2/18/2025,,3590217,2421110,1169107
DEPARTMENT OF TREASURY,"Support for assessing, documenting, and designing a fully compliant Zero Trust Architecture.",2/18/2025,,3535456,1170763,2364693
DEPARTMENT OF TREASURY,Labor Relations and Collective Baragaining Agreement consultation services,2/18/2025,,1321710,0,1321710
DEPARTMENT OF TREASURY,FEDVIEW SUBSCRIPTION,2/18/2025,,1104300,432000,672300
DEPARTMENT OF TREASURY,Print production specialist for the Graphics office,2/18/2025,,1041120,129696,911424
DEPARTMENT OF TREASURY,"This contract provides coaching services to executives as well as eligible managers, team leaders and employees focused on core leadership competencies (strategic thinking, change management, problem-solving, interpersonal effectiveness, conflict resolution).",2/18/2025,,1009725,238965,770760
DEPARTMENT OF TREASURY,The Office of the Comptroller of the Currency (OCC) contracts with the vendor to conduct surveys of OCC supervised banks and develop analysis reports.,2/18/2025,,821502,659018,162484
DEPARTMENT OF TREASURY,"This contract provides coaching services to eligible managers, team leaders and employees focused on core leadership competencies (strategic thinking, change management, problem-solving, interpersonal effectiveness, conflict resolution).",2/18/2025,,637159,176302,460857
DEPARTMENT OF TREASURY,EXECUTIVE COACHING,2/18/2025,,600000,600000,0
DEPARTMENT OF TREASURY,Analyze the results of the FEVS surveys.,2/18/2025,,500000,0,500000
DEPARTMENT OF TREASURY,Project Management Office Support Services,2/18/2025,,421650,99542,322108
DEPARTMENT OF TREASURY,"Temporary administrative support to Senior Executives, Managers and Supervisors to support work directly related to the management or general business operations for various program offices within BEP.",2/18/2025,,370552,222331,148221
DEPARTMENT OF TREASURY,TBL PHONE SUPPORT,2/18/2025,,318648,203330,115318
DEPARTMENT OF TREASURY,"Temporary administrative support to Senior Executives, Managers and Supervisors to support work directly related to the management or general business operations for various program offices within BEP.",2/18/2025,,273638,205228,68410
DEPARTMENT OF TREASURY,"Temporary administrative support to Senior Executives, Managers and Supervisors to support work directly related to the management or general business operations for various program offices within BEP.",2/18/2025,,260409,122000,138409
DEPARTMENT OF TREASURY,This contract provides a secure calculator tool to release multiple datasets while protecting confidential taxpayers' data. Ending it would compromise data confidentiality & hinder SOI's ability to meet Evidence Act requirements.,2/18/2025,,241891,0,241891
DEPARTMENT OF TREASURY,Leadership courses and workshops for bureau executives,2/18/2025,,223800,223800,0
DEPARTMENT OF TREASURY,Competency Modeling support services,2/18/2025,,221440,0,221440
DEPARTMENT OF TREASURY,"THE INTERNAL REVENUE SERVICE (IRS) CRIMINAL INVESTIGATION (CI) REQUIRES AN ANDROID TEAM AWARENESS KIT (ATAK) WHICH INCLUDES INSTALLATION, CONFIGURATION, TRAINING AND MAINTENANCE SERVICES FOR IRS-CI TAK SERVER.",2/18/2025,,207783,85615,122168
DEPARTMENT OF TREASURY,Coaching Services for Community Development Financial Instutions (CDFI) Fund staff,2/18/2025,,188137,0,188137
DEPARTMENT OF TREASURY,Office administrative support,2/18/2025,,158323,0,158323
DEPARTMENT OF TREASURY,Membership to a community of agency human capital leaders that seeks to transform the way government works.,2/18/2025,,143750,86250,57500
DEPARTMENT OF TREASURY,Self-Service Transaction Machines (SSTMs) Final Regulatory Impact Assessment (FRIA) that evaluates the estimated economic impact of the final rule,2/18/2025,,95000,0,95000
DEPARTMENT OF TREASURY,Leadership courses and workshops for bureau executives,2/18/2025,,89109,0,89109
DEPARTMENT OF TREASURY,CALL ORDER #1 - EXECUTIVE RECRUITMENT SERVICES,2/18/2025,,74973,0,74973
DEPARTMENT OF TREASURY,INSTRUCTIONAL SERVICES TO SUPPORT COACH TRAINING FOR THE TREASURY EXECUTIVE INSTITUTE (TEI).,2/18/2025,,51645,51645,0
DEPARTMENT OF TREASURY,Leadership Training,2/18/2025,,12900,0,12900
DEPARTMENT OF TREASURY,Municipality Climate Survey; License,2/18/2025,,10000,0,10000
DEPARTMENT OF TREASURY,HC ORGANIZATIONAL DEVELOPMENT AND ENGAGEMENT SUPPORT,2/21/2025,,3626608,2950960,675648
DEPARTMENT OF TREASURY,REGULATORY IMPACT ANALYSIS ADVISORY SUPPORT,2/21/2025,,373555,3961,369594
DEPARTMENT OF TREASURY,SUPPORT OF THE ONEARC PROGRAM TO BUILD AND MAINTAIN FUNCTIONALITY WITHIN THE ONEARC PORTAL.,2/24/2025,,12665029,7256432,5408597
DEPARTMENT OF TREASURY,OPM POSTAL REFORM IMPLEMENTATION SERVICES,2/24/2025,,2372806,200000,2172806
DEPARTMENT OF TREASURY,"UNITED STATES MINT QUALITY MANAGEMENT SYSTEM (QMS) ISO 9001:2015. THE CONTRACT VALUE SHALL NOT EXCEED $6,426,269.00. THE PERIOD OF PERFORMANCE WILL BE FROM 5/1/2024 - 4/30/2029 IF ALL OPTIONS ARE EXERCISED.",2/26/2025,,6426269,0,6426269
DEPARTMENT OF TREASURY,MICROLOAN GUARANTEE PROGRAM,2/27/2025,,332004,173628,158376
DEPARTMENT OF TREASURY,Excellence in Government Fellows Training-Partnership for Public Service,2/28/2025,,12900,0,12900
DEPARTMENT OF TREASURY,IDIQ LLAS EASTERN CARIBBEAN,3/3/2025,,1197471,0,1197471
DEPARTMENT OF TREASURY,BRAZIL LLAS IDIQ,3/3/2025,,885655,0,885655
DEPARTMENT OF TREASURY,LOCAL LIAISON AND ADVISORY SERVICES (LLAS) IN GUATEMALA,3/3/2025,,803805,85353,718452
DEPARTMENT OF TREASURY,LOCAL LIAISON AND ADVISORY SERVICES (LLAS) IN PERU.,3/3/2025,,782648,159366,623282
DEPARTMENT OF TREASURY,BPA SET-UP EVALUATION SERVICES FOR IAF,3/3/2025,,750000,0,750000
DEPARTMENT OF TREASURY,THE PURPOSE OF THIS CONTRACT IS TO OBLIGATE FUNDS FOR LOCAL LIAISON AND ADVISORY SERVICES IN ECUADOR.,3/3/2025,,519118,36209,482909
DEPARTMENT OF TREASURY,COLOMBIA SINGLE CONTRACT TASK ORDER 1,3/3/2025,,479387,0,479387
DEPARTMENT OF TREASURY,IDIQ IN-COUNTRY SUPPORT SERVICES FOR COLOMBIA,3/3/2025,,479387,0,479387
DEPARTMENT OF TREASURY,BRAZIL MELS,3/3/2025,,456337,30000,426337
DEPARTMENT OF TREASURY,GUATEMALA MELS,3/3/2025,,419596,57609,361987
DEPARTMENT OF TREASURY,MELS PERU,3/3/2025,,373720,135142,238578
DEPARTMENT OF TREASURY,MEXICO SINGLE CONTRACT SUPPORT SERVICES TASK ORDER 1,3/3/2025,,372279,0,372279
DEPARTMENT OF TREASURY,IDIQ IN-COUNTRY SUPPORT FOR MEXICO,3/3/2025,,372279,0,372279
DEPARTMENT OF TREASURY,PERSONAL SERVICES CONTRACT: LOCAL LIAISON AND ADVISORY SERVICES (LLAS) PSC IN PARAGUAY,3/3/2025,,352260,18418,333842
DEPARTMENT OF TREASURY,LOCAL LIAISON AND ADVISORY SERVICES (LLAS) FOR COSTA RICA AND PANAMA.,3/3/2025,,328210,0,328210
DEPARTMENT OF TREASURY,LOCAL LIAISON AND ADVISORY SERVICES (LLAS) IN BOLIVIA.,3/3/2025,,286415,0,286415
DEPARTMENT OF TREASURY,IDIQ LLAS EASTERN CARIBBEAN,3/3/2025,,249731,0,249731
DEPARTMENT OF TREASURY,BPA CALL 1 FOR EVALUATION SERVICES FOR IAF,3/3/2025,,247806,0,247806
DEPARTMENT OF TREASURY,BRAZIL LLAS IDIQ,3/3/2025,,169435,0,169435
DEPARTMENT OF TREASURY,DOMINICAN REPUBLIC MELS,3/3/2025,,161649,15882,145767
DEPARTMENT OF TREASURY,MELS SERVICES IN BOLIVIA,3/3/2025,,158148,0,158148
DEPARTMENT OF TREASURY,LOCAL LIAISON AND ADVISORY SERVICES (LLAS) IN BOLIVIA.,3/3/2025,,142183,0,142183
DEPARTMENT OF TREASURY,TASK ORDER 2 UNDER IDIQ 20343123D00007,3/3/2025,,131366,0,131366
DEPARTMENT OF TREASURY,MELS SERVICES IN EL SALVADOR,3/3/2025,,85881,0,85881
DEPARTMENT OF TREASURY,SOLICITATION FOR MELS SERVICES IN HAITI,3/3/2025,,81896,0,81896
DEPARTMENT OF TREASURY,MELS SERVICES IN COSTA RICA/PANAMA,3/3/2025,,70913,0,70913
DEPARTMENT OF TREASURY,MELS ECUADOR,3/3/2025,,60020,0,60020
DEPARTMENT OF TREASURY,MELS SERVICES IN PARAGUAY/URUGUAY,3/3/2025,,55127,0,55127
DEPARTMENT OF TREASURY,Strategic Media Campaign Services to include a Geofencing Platform,3/4/2025,,388275,155000,233275
DEPARTMENT OF TREASURY,DOC DEDICATED RESOURCE,3/11/2025,,537868,537868,0
DEPARTMENT OF TREASURY,DEIA Training,1/22/2025,,82590,0,82590
DEPARTMENT OF TREASURY,DIVERSITY AND INCLUSION TRAINING AND SUPPORT SERVICES REQUEST TO TERMINATE CONTRACT AND DEOBLIGATE EXCESS BASE YEAR FUNDSMOD WORKSPACE #TFS-MOD-25-0476,1/30/2025,,1322403,848964,473439
DEPARTMENT OF TREASURY,"This contractor supports strategic and operational human capital solutions which enhance the current Security Program, and to ensure that IRS employees and contractors meet federal security and suitability standards as outlined herein.",2/18/2025,,96491454,80419118,16072336
DEPARTMENT OF TREASURY,"This contract provides a secure website, application processing, a staffed helpdesk and issues payments on behalf of IRS to child care providers for IRS employees who qualify for financial assistance",2/18/2025,,75000000,65586063,9413937
DEPARTMENT OF TREASURY,"Support to provide the expertise to design, develop, implement, manage, and evaluate a strategic recruitment service.",2/18/2025,,49484412,40520105,8964307
DEPARTMENT OF TREASURY,"Support the transition of the Treasury Executive Office for Asset Forfeiture to shared services, by providing project management, organizational change management (OCM), functional accounting, and systems testing and support.",2/18/2025,,8274314,3183338,5090976
DEPARTMENT OF TREASURY,OUTPOST TECH SUPPORT SBIR PHASE III,2/18/2025,,7720757,5247424,2473333
DEPARTMENT OF TREASURY,IRS FILING SEASON ANALYSIS AND REVIEW FY25,2/18/2025,,6280672,4891592,1389080
DEPARTMENT OF TREASURY,IRS IMF MOD PROGRAM CADE2 FY25 SUPPORT,2/18/2025,,6124257,0,6124257
DEPARTMENT OF TREASURY,STRATEGIC ANALYSIS AND PORTFOLIO MANAGEMENT SUPPORT (DAIS) BPA TASK ORDER PROGRAM AREA: SUPPORT DATA MANAGEMENT INITIATIVE NAME: DATA MANAGEMENT CARES ACT (COVID19) SUPPORT,2/18/2025,,5558872,744633,4814239
DEPARTMENT OF TREASURY,Human Capital and Strategic Planning Support,2/18/2025,,5328766,1204367,4124399
DEPARTMENT OF TREASURY,NEW TASK ORDER ECM,2/18/2025,,4975748,0,4975748
DEPARTMENT OF TREASURY,IRA RISK MANAGEMENT MODERNIZATION CONSULTING SERVICES,2/18/2025,,4396104,2166792,2229312
DEPARTMENT OF TREASURY,AWARD - 8(A) SOLE SOURCE TO ANALYTICA LLC FOR CHANGE MANAGEMENT AND PROJECT SUPPORT,2/18/2025,,4341689,2220546,2121143
DEPARTMENT OF TREASURY,CP NOTICES/CRX LETTERS & EXPERT SERV,2/18/2025,,4026603,2523463,1503140
DEPARTMENT OF TREASURY,New Task Order to support LB&J Data Science,2/18/2025,,3818392,0,3818392
DEPARTMENT OF TREASURY,RAD (Rapid Application Development) Analytic Support,2/18/2025,,3672987,1873340,1799647
DEPARTMENT OF TREASURY,ENTERPRISE CASE MANAGEMENT OFFICE (ECMO) INITIATIVE AND PROGRAM MANAGEMENT SUPPORT,2/18/2025,,2771754,0,2771754
DEPARTMENT OF TREASURY,"PROJECT MANAGEMENT CONSULTING SERVICES FOR TAXPAYER SERVICES, MEDIA & PUBLICATIONS.",2/18/2025,,2602676,2117281,485395
DEPARTMENT OF TREASURY,NEW TASK ORDER FOR LAR MITRE SUPPORT FY24,2/18/2025,,2601855,0,2601855
DEPARTMENT OF TREASURY,IIAM ACQUISITION,2/18/2025,,2340840,0,2340840
DEPARTMENT OF TREASURY,"ENTERPRISE PROGRAM MANAGEMENT OFFICE, CLEAN ENERGY (CE) PROGRAM MANAGEMENT OFFICE (PMO) MITRE SUPPORT",2/18/2025,,2024602,0,2024602
DEPARTMENT OF TREASURY,MITRE FFRDC SUPPORT FOR IR MODERNIZATION FY24,2/18/2025,,1999666,0,1999666
DEPARTMENT OF TREASURY,"SMALL BUSINESS/SELF EMPLOYED (SB/SE) CUSTOMER EXPERIENCE, EXPECTATIONS, AND NEEDS (CEEN) SURVEY",2/18/2025,,1873801,402576,1471225
DEPARTMENT OF TREASURY,The contractor executes and provides professional support staff to assist Applications Project Management Division program and project managers in timely execution of IT projects by completing activities in the IT Request for Change process.,2/18/2025,,1621763,827557,794206
DEPARTMENT OF TREASURY,"LBI EVALUATION AND AUDIT SUPPORT: Vendor provides technical expertise , guidance, and recommendation on high-tech tax issues, including support with issued involving TPs' research credit and experimental expenditures",2/18/2025,,1499820,0,1499820
DEPARTMENT OF TREASURY,SMALL BUSINESS/ SELF EMPLOYED (SB/SE) NEEDS AND ENGAGEMENT SURVEY OF TAX PROFESSIONALS (NEST),2/18/2025,,1446632,368522,1078110
DEPARTMENT OF TREASURY,Quality Management System,2/18/2025,,1199994,1199994,0
DEPARTMENT OF TREASURY,EXECUTIVE PROGRAM SUPPORT SERVICESPOP: 6/05/2024-12/04/2026,2/18/2025,,1167797,3449,1164348
DEPARTMENT OF TREASURY,SECURITY RISK MANAGEMENT (SRM) ARTIFICIAL INTELLIGENCE (AI) LARGE LANGUAGE MODELS (LLM) DEVELOPMENT SUPPORT,2/18/2025,,1149504,0,1149504
DEPARTMENT OF TREASURY,"TO ISSUE CO #6 FOR DATA GOVERNANCE & DATA CATALOGING SUPPORT SERVICES UNDER GUIDEHOUSE, INC. BPA 2032H322A0003.",2/18/2025,,1043288,348114,695174
DEPARTMENT OF TREASURY,IRS STRATEGY & PLANNING (S&P) IT ACQUISITION CONSULTING SERVICES,2/18/2025,,970466,0,970466
DEPARTMENT OF TREASURY,IRS RAAS SECURITY AND PRIVACY PROGRAM IMPLEMENTATION SUPPORT,2/18/2025,,704553,217913,486640
DEPARTMENT OF TREASURY,ENTERPRISE RISK MANAGEMENT PROGRAM SUPPORT,2/18/2025,,676958,120468,556490
DEPARTMENT OF TREASURY,508 SUPPORT SERVICES-NEW HIRE INITIATIVE (NHI),2/18/2025,,607411,0,607411
DEPARTMENT OF TREASURY,RAAS SUPPORT PLANNING AND INITIATING DATA SECURITY - Data Security Executive Steering Committee,2/18/2025,,359995,0,359995
DEPARTMENT OF TREASURY,RISK MANAGEMENT LEADERSHIP COUNCIL SUBSCRIPTION (CLASSIC MEMBERSHIP)- BASE YEAR AND TWO (2) OPTION YEARS,2/18/2025,,105018,36217,68801
DEPARTMENT OF TREASURY,ADMINISTRATIVE SUPPORT SERVICES HEADQUARTERS,2/18/2025,,104403,0,104403
DEPARTMENT OF TREASURY,Vendor provides one service wide membership including access to research conducted by organization and social connectivity to other knowledge management professionals in industry.,2/18/2025,,44000,26400,17600
DEPARTMENT OF TREASURY,"Printing, Matting and Framing Support Services",3/4/2025,,1128970,650059,478911
DEPARTMENT OF TREASURY,WCF Tour Brochure Distribution and Marketing Services,3/5/2025,,81555,66314,15241
DEPARTMENT OF VETERANS AFFAIRS,LGBTQ+ database,1/29/2025,,73200,8200,65000
DEPARTMENT OF VETERANS AFFAIRS,"THE PURPOSE OF THIS AWARD IF TO OBTAIN VHA, WEB-BASED DATABASE SUBSCRIPTION NEWS SERVICES FOCUSED ON VETERAN'S HEALTHCARE LEGISLATIVE AND REGULATORY POLICY.MODIFICATION P00001- OPTION PERIOD ONE",2/7/2025,,178202,0,178202
DEPARTMENT OF VETERANS AFFAIRS,CIVIL TREATMENT TRAINING COURSES,2/10/2025,,289778,0,289778
DEPARTMENT OF VETERANS AFFAIRS,"Government Plus Membership/Sponsorship Package or Department of Veterans Affairs, Office of the Secretary",2/10/2025,,30000,15000,15000
DEPARTMENT OF VETERANS AFFAIRS,PARTIALLY TERMINATION FOR GOVERNMENT CONVENIENCE,2/11/2025,,1089850,461736,628114
DEPARTMENT OF VETERANS AFFAIRS,VHA HIGH RELIABILITY ORGANIZATION (HRO) SUPPORT SERVICES BLANKET PURCHASE AGREEMENT: CALL 6 FOR HRO LEADERSHIP TRAINING/COACHING SUPPORT.,2/18/2025,,17328040,136671,17191369
DEPARTMENT OF VETERANS AFFAIRS,PROFESSIONAL PROGRAM MANAGEMENT AND BUSINESS PROCESS ANALYSIS SUPPORT RELATED SERVICES,2/18/2025,,10222790,7047284,3175506
DEPARTMENT OF VETERANS AFFAIRS,OPAL TIER 1 ACQUISITION SYSTEMS SUPPORT,2/18/2025,,8241753,8172389,69364
DEPARTMENT OF VETERANS AFFAIRS,"Exercise Option Period 1 for the continuation of services to include 205,000 LinkedIn Licenses and Support Services",2/20/2025,,2596325,1363250,1233075
DEPARTMENT OF VETERANS AFFAIRS,IDEA PROGRAM SUPPORT,2/20/2025,,425298,0,425298
DEPARTMENT OF VETERANS AFFAIRS,STRATEGIC COMMUNICATION & CHANGE MANAGEMENT SERVICES,2/21/2025,,37513899,30339278,7174621
DEPARTMENT OF VETERANS AFFAIRS,DIGITAL MODERNIZATION ANALYTICAL SUPPORT SERVICES TO,2/21/2025,,18626583,11516972,7109611
DEPARTMENT OF VETERANS AFFAIRS,BPA ORDER,2/26/2025,,48851800,28671080,20180720
DEPARTMENT OF VETERANS AFFAIRS,"PROGRAM MANAGEMENT SUPPORT SERVICES FOR OCFM 425 I STREET, NW WASHINGTON, DC.",2/26/2025,,41295152,25630156,15664996
DEPARTMENT OF VETERANS AFFAIRS,VBA LGY MORTGAGE MARKET DATA SERVICES PURCHASE,2/26/2025,,10623912,8207197,2416715
DEPARTMENT OF VETERANS AFFAIRS,THE PURPOSE OF THIS TASK ORDER IS TO PROVIDE SUPPORT TO ILEAD EFFORTS TO FULLY ACHIEVE THE THREE IDENTIFIED OUTCOME GOALS CONTAINED WITHIN THE TRAINING ACTION PLAN IN ORDER TO FULLY MEET GAO CRITERIA FOR REMOVAL FROM THE GAO HIGH RISK LIST,2/26/2025,,4962040,2591173,2370867
DEPARTMENT OF VETERANS AFFAIRS,"INDEFINITE DELIVER INDEFINITE QUANTITY ENERGY, ENVIRONMENT, AND FLEET PROGRAM SERVICE",2/26/2025,,1115087,0,1115087
DEPARTMENT OF VETERANS AFFAIRS,INDEFINITE DELIVERY INDEFINITE QUANTITY MANAGEMENT OF ENTERPRISE-WIDE LEASE PORTFOLIO OF GSA DELEGATION PROCESS,2/26/2025,,971968,0,971968
DEPARTMENT OF VETERANS AFFAIRS,VHA INTEGRATED HEALTHCARE TRANSFORMATION (IHT) IDIQ CONTRACT- MODIFICATION TO ADD FAR CLAUSE 52.204-27.,2/26/2025,,836150,494319,341831
DEPARTMENT OF VETERANS AFFAIRS,"PROGRAMMING, DEVELOPMENT, DELIVERY, & SUPPORT OF THE INET ACCELERATOR PROGRAM",2/26/2025,,820910,0,820910
DEPARTMENT OF VETERANS AFFAIRS,"INDEFINITE DELIVER INDEFINITE QUANTITY ENERGY, ENVIRONMENT, AND FLEET PROGRAM SERVICE",2/26/2025,,319657,0,319657
DEPARTMENT OF VETERANS AFFAIRS,PROVIDE DUE DILIGENCE PROJECT SUPPORT FOR STOCKTON EXTENDED USE LEASE.,2/26/2025,,272033,0,272033
DEPARTMENT OF VETERANS AFFAIRS,"DEVELOP A HANDBOOK TO SUPPORT IMPLEMENTATION OF DIRECTIVE 0055, VA ENERGY AND WATER MANAGEMENT PROGRAM",2/26/2025,,248943,0,248943
DEPARTMENT OF VETERANS AFFAIRS,INDEFINITE DELIVERY INDEFINITE QUANTITY TASK ORDER TO PROVIDE A DATA QUALITY PLAN.,2/26/2025,,150620,0,150620
DEPARTMENT OF VETERANS AFFAIRS,ENABLE VA PLANNING AND ENGINEERING STAFF TO EVALUATE VARIOUS APPROACHES AND TECHNOLOGIES TO FLEET ELECTRIFICATION,2/26/2025,,134717,0,134717
DEPARTMENT OF VETERANS AFFAIRS,"VHA INTEGRATED HEALTHCARE TRANSFORMATION (IHT) IDIQ CONTRACT- TASK ORDER W/ BASE AND 4 OPTION YEARS FOR SUPPORT TO POLICY, REGULATION, APPEALS, AND FORM BUSINESS LINES IN THE VHA OFFICE OF REGULATIONS, APPEALS, AND POLICY.",2/27/2025,,144879476,131289705,13589771
DEPARTMENT OF VETERANS AFFAIRS,MULTI-CHANNEL TECHNOLOGIES (MCT) PROGRAM MANAGEMENT SUPPORT SERVICES (PMSS),2/27/2025,,84868936,638787,84230149
DEPARTMENT OF VETERANS AFFAIRS,CAPITAL INVESTMENT OPTIONS IDIQ INDIANAPOLIS FEASIBILITY STUDY TASK ORDER,2/27/2025,,1904234,0,1904234
DEPARTMENT OF VETERANS AFFAIRS,MONTEREY ENHANCED USE LEASE EUL,2/27/2025,,159000,0,159000
DEPARTMENT OF VETERANS AFFAIRS,"IMPLEMENT THE VA EXTENDED USE LEASE PROGRAM TO ENABLE THE DEPARTMENT TO FORMULATE, EVALUATE, AND EXECUTE AN EUL PROJECT AT THE VA MEDICAL CENTER IN WACO TX.",2/27/2025,,140060,0,140060
DEPARTMENT OF VETERANS AFFAIRS,FOIA SUPPORT SERVICES,2/28/2025,,161445,0,161445
DEPARTMENT OF VETERANS AFFAIRS,NATIONAL DATABASE FOR NURSING QUALITY INDICATORS (NDNQI) SUBSCRIPTION(INCLUDES RN SURVEY MAGNET MODULE),2/28/2025,,103522,45057,58465
DEPARTMENT OF VETERANS AFFAIRS,Executive Leadership Program,2/28/2025,,12900,0,12900
DEPARTMENT OF VETERANS AFFAIRS,EIG fellowship participation,2/28/2025,,12900,0,12900
DEPARTMENT OF VETERANS AFFAIRS,POLICY WRITING CONTRACT FOR OMA. NEW IDIQ. POC: PLEASE CONTACT TAMALA CHOICETAMALA.CHOICE@VA.GOV,3/3/2025,,2599028,1736656,862372
DEPARTMENT OF VETERANS AFFAIRS,VBA OBI MILITARY RECORDS RESEARCH CENTER SUPPORT SERVICES PURCHASE.,3/4/2025,,119743400,108404775,11338625
DEPARTMENT OF VETERANS AFFAIRS,LGY MISSION SUPPORT SERVICES,3/4/2025,,34370443,28266214,6104229
DEPARTMENT OF VETERANS AFFAIRS,VBA LGY REGULATORY DRAFTING&IMPACT ANALYSIS SERVICES PURCHASE.,3/4/2025,,5244960,0,5244960
DEPARTMENT OF VETERANS AFFAIRS,LGY STAFFING SUPPORT SERVICES,3/4/2025,,8722228,2880804,5841424
DEPARTMENT OF VETERANS AFFAIRS,TRAINING ANALYSIS AND DEVELOPMENT SUPPORT SERVICES,3/5/2025,,22833769,18488904,4344865
DEPARTMENT OF VETERANS AFFAIRS,SERVICES IN SUPPORT OF VETERAN READINESS AND EMPLOYMENT (VR&E) LONGITUDINAL STUDY (PL 110-389 SEC. 334),3/5/2025,,2777057,641393,2135664
DEPARTMENT OF VETERANS AFFAIRS,BASE YEAR VECTOR CONTRACT,3/5/2025,,1301599,0,1301599
DEPARTMENT OF VETERANS AFFAIRS,"VHA INTEGRATED HEALTHCARE TRANSFORMATION (IHT) IDIQ CONTRACT- MODIFICATION TO UPDATE CLAUSES, ADMIN DATA, AND TEAMING PARTNERS.",3/5/2025,,6555019,2848451,3706568
DEPARTMENT OF VETERANS AFFAIRS,COMMERCIAL PROFESSIONAL SERVICES,3/5/2025,,3817810,3034553,783257
DEPARTMENT OF VETERANS AFFAIRS,OFFICE OF ENTERPRISE INTEGRATION PROGRAM MANAGEMENT SUPPORT SERVICES TASK ORDER AGAINST VECTOR CONTRACT.,3/5/2025,,3488058,2330775,1157283
DEPARTMENT OF VETERANS AFFAIRS,VHA INTEGRATED HEALTHCARE TRANSFORMATION (IHT) IDIQ CONTRACT- TASK ORDER FOR TECHNICAL WRITING SUPPORT SERVICES.,3/5/2025,,1091627,65719,1025908
DEPARTMENT OF VETERANS AFFAIRS,PROGRAM AND PROJECT MANAGEMENT SUPPORT SERVICES (PPMSS),3/5/2025,,4868651,1646508,3222143
DEPARTMENT OF VETERANS AFFAIRS,ACQUISITION SUPPORT DIRECTORATE TRANSFORMATION SERVICES - THE CONTRACTOR SHALL ASSIST ASD IN PROVIDING ACQUISITION AND CONTRACT MANAGEMENT SUPPORT TO THE VALOR PMO.,3/5/2025,,6366024,4479262,1886762
DEPARTMENT OF VETERANS AFFAIRS,VHA INTEGRATED HEALTHCARE TRANSFORMATION (IHT) HIGH RELIABILITY ORGANIZATION SUPPORT IDIQ TASK ORDER,3/5/2025,,72940747,0,72940747
DEPARTMENT OF VETERANS AFFAIRS,VHA INTEGRATED HEALTHCARE TRANSFORMATION (IHT) IDIQ CONTRACT- MODIFICATION TO INCREASE CONTRACT CEILING.,3/5/2025,,991675,492973,498702
DEPARTMENT OF VETERANS AFFAIRS,VHA INTEGRATED HEALTHCARE TRANSFORMATION (IHT) IDIQ CONTRACT - IHT 20 OFFICE OF DEAN COMMUNICATIONS SUPPORT,3/5/2025,,1726785,0,1726785
DEPARTMENT OF VETERANS AFFAIRS,VHA INTEGRATED HEALTHCARE TRANSFORMATION (IHT) IDIQ CONTRACT-,3/5/2025,,969851,0,969851
DEPARTMENT OF VETERANS AFFAIRS,VHA INTEGRATED HEALTHCARE TRANSFORMATION (IHT) IDIQ CONTRACT- TASK ORDER - VALOR,3/5/2025,,1932138,661285,1270853
DEPARTMENT OF VETERANS AFFAIRS,OSSI PROGRAM MANAGEMENT SUPPORT SERVICES,3/5/2025,,5056682,277327,4779355
DEPARTMENT OF VETERANS AFFAIRS,"VHA INTEGRATED HEALTHCARE TRANSFORMATION (IHT) IDIQ CONTRACT- MODIFICATION TO UPDATE CLAUSES, ADMIN DATA, AND TEAMING PARTNERS.",3/5/2025,,6231261,51554,6179707
DEPARTMENT OF VETERANS AFFAIRS,VHA INTEGRATED HEALTHCARE TRANSFORMATION (IHT) IDIQ CONTRACT- TASK ORDER 88- GAO OIG ACCOUNTABILITY LIAISON (GOAL) PROGRAM OFFICE TECHNICAL WRITING SUPPORT,3/5/2025,,1129012,232574,896438
DEPARTMENT OF VETERANS AFFAIRS,ENTERPRISE PROGRAM MANAGEMENT (EPM)SUPPORT SERVICES,3/5/2025,,1921433,941287,980146
DEPARTMENT OF VETERANS AFFAIRS,"VHA INTEGRATED HEALTHCARE TRANSFORMATION (IHT) IDIQ CONTRACT- MODIFICATION TO UPDATE CLAUSES, KEY PERSONNEL, AND ADMINISTRATION DATA INCLUDING NEW PARTNER ADDITIONS.",3/5/2025,,6908633,20000,6888633
DEPARTMENT OF VETERANS AFFAIRS,TOPR 0055 PTSD CONSULTANT OUTREACH,3/5/2025,,3374181,568142,2806039
DEPARTMENT OF VETERANS AFFAIRS,VHA INTEGRATED HEALTHCARE TRANSFORMATION (IHT) IDIQ CONTRACT TOPR 72- WORKFORCE MANAGEMENT AND CONSULTING (WMC) HR MODERNIZATION,3/5/2025,,38883978,8544956,30339022
DEPARTMENT OF VETERANS AFFAIRS,VHA INTEGRATED HEALTHCARE TRANSFORMATION (IHT) IDIQ CONTRACT- TOPR0132 - EMPLOYEE WELL-BEING AND CHIEF WELL-BEING OFFICER BURNOUT MITIGATION SUPPORT,3/5/2025,,6879175,1390609,5488566
DEPARTMENT OF VETERANS AFFAIRS,VHA INTEGRATED HEALTHCARE TRANSFORMATION (IHT) - TOPR 0138 CLINICAL SERVICES COMMUNICATIONS AND DIGITAL MEDIA SUPPORT.,3/5/2025,,1595397,680127,915270
DEPARTMENT OF VETERANS AFFAIRS,USPEQ REHABILITATION SURVEYS WITHIN VA MEDICAL AND PSYCHOSOCIAL REHABILITATION PROGRAMS.,3/5/2025,,3453928,2082275,1371653
DEPARTMENT OF VETERANS AFFAIRS,REVISED LCATS TO MEET GOVERNMENT NEEDS,3/5/2025,,6729766,1621978,5107788
DEPARTMENT OF VETERANS AFFAIRS,VHA INTEGRATED HEALTHCARE TRANSFORMATION (IHT) IDIQ CONTRACT- MODIFICATION TO INCREASE CONTRACT CEILING.,3/5/2025,,6759602,3986318,2773284
DEPARTMENT OF VETERANS AFFAIRS,REVISED LCATS TO MEET GOVERNMENT NEEDS,3/5/2025,,3771152,1904157,1866995
DEPARTMENT OF VETERANS AFFAIRS,VHA INTEGRATED HEALTHCARE TRANSFORMATION (IHT) IDIQ CONTRACT TASK ORDER,3/5/2025,,1577064,328034,1249030
DEPARTMENT OF VETERANS AFFAIRS,VHA INTEGRATED HEALTHCARE TRANSFORMATION (IHT) IDIQ CONTRACT- LMS MANAGEMENT SUPPORT,3/5/2025,,699104,400026,299078
DEPARTMENT OF VETERANS AFFAIRS,"VHA INTEGRATED HEALTHCARE TRANSFORMATION (IHT) IDIQ CONTRACT- MODIFICATION TO UPDATE CLAUSES, ADMIN DATA, AND TEAMING PARTNERS.",3/5/2025,,976076,352616,623460
DEPARTMENT OF VETERANS AFFAIRS,VHA INTEGRATED HEALTHCARE TRANSFORMATION (IHT) IDIQ CONTRACT- TOPR 150 TCC IPT SUPPORT,3/5/2025,,3594378,1225582,2368796
DEPARTMENT OF VETERANS AFFAIRS,VHA INTEGRATED HEALTHCARE TRANSFORMATION (IHT) IDIQ CONTRACT- TOPR 200 VHA NEUROLOGY CLINICAL ADMINISTRATIVE SUPPORT,3/5/2025,,5998348,3016531,2981817
DEPARTMENT OF VETERANS AFFAIRS,"VHA INTEGRATED HEALTHCARE TRANSFORMATION (IHT) IDIQ CONTRACT-MODIFICATION TO UPDATE CLAUSES, KEY PERSONNEL, ADMINISTRATION DATA TO INCLUDE PARTNER ADDITIONS.",3/5/2025,,5327754,110000,5217754
DEPARTMENT OF VETERANS AFFAIRS,SUPPORT SERVICES FOR VACO OFFICE OF INTEGRITY AND COMPLIANCE OVERSIGHT & ACCOUNTABILITY,3/5/2025,,3898519,0,3898519
DEPARTMENT OF VETERANS AFFAIRS,COMMERCIAL PROFESSIONAL SERVICES,3/5/2025,,69733,0,69733
DEPARTMENT OF VETERANS AFFAIRS,PROFESSIONAL CONSULTING SERVICES,3/5/2025,,4098231,62504,4035727
DEPARTMENT OF VETERANS AFFAIRS,STRATEGIC ACQUISITION MANAGEMENT INITIATIVES/(SAMI) ACQUISITION MANAGEMENT PROGRAM (AMP) MODERNIZATION,3/5/2025,,3817500,0,3817500
DEPARTMENT OF VETERANS AFFAIRS,"VHA INTEGRATED HEALTHCARE TRANSFORMATION (IHT) IDIQ CONTRACT- MODIFICATION TO UPDATE CLAUSES, KEY PERSONNEL, AND ADMINISTRATION DATA INCLUDING NEW PARTNER ADDITIONS. TASK ORDER FOR HPO EXECUTIVE ADMIN SUPPORT.",3/5/2025,,1971916,811952,1159964
DEPARTMENT OF VETERANS AFFAIRS,HUMAN FACTORS SERVICES - HEALTH SYSTEMS OPTIMIZATION,3/5/2025,,2355211,0,2355211
DEPARTMENT OF VETERANS AFFAIRS,THE PURPOSE OF THIS MODIFICATION IS TO EXERCISE OPTIONAL PERIOD ONE (1) EXTENSION OF SERVICES THRU MARCH 2025 FOR ACQUISITION SUPPORT SERVICE FOR SAC AS5 AND AS6.,3/5/2025,,336481,0,336481
DEPARTMENT OF VETERANS AFFAIRS,WEB BASE RECORDS SEARCH INTERFACE,3/5/2025,,19129,70,19059
DEPARTMENT OF VETERANS AFFAIRS,CLOSEOUT AND OBLIGATION PROCESSING SUPPORT SERVICES.,3/5/2025,,3106325,0,3106325
DEPARTMENT OF VETERANS AFFAIRS,IHT CHANGE MANAGEMENT TRAINING COURSES,3/5/2025,,6711187,2287644,4423543
DEPARTMENT OF VETERANS AFFAIRS,TASK ORDER FOR OFFICE OF ENTERPRISE INTEGRATION PROGRAM AND PROJECT MANAGEMENT SUPPORT SERVICES,3/5/2025,,17977331,14210159,3767172
DEPARTMENT OF VETERANS AFFAIRS,TRAIN AND DEVELOP UP TO THIRTY VHA EMPLOYEES TO ATTEND AN EXISTING CONTRACTOR-DEVELOPED TRAINING PROGRAM THAT DIRECTLY SUPPORTS THE ECQ FELLOWSHIP TRAINING PROGRAM.,3/5/2025,,1368000,684000,684000
DEPARTMENT OF VETERANS AFFAIRS,TRANSITION AND ECONOMIC DEVELOPMENT PROGRAM SUPPORT,3/5/2025,,5875704,3219886,2655818
DEPARTMENT OF VETERANS AFFAIRS,VHA INTEGRATED HEALTHCARE TRANSFORMATION (IHT) IDIQ CONTRACT- MODIFICATION TO ADD FREE AGENT PARTNERS AND INCLUDE FAR 52.204-27.,3/5/2025,,3052062,1843947,1208115
DEPARTMENT OF VETERANS AFFAIRS,"VHA INTEGRATED HEALTHCARE TRANSFORMATION (IHT) IDIQ CONTRACT- MODIFICATION TO UPDATE CLAUSES, KEY PERSONNEL, AND ADMINISTRATION DATA INCLUDING NEW PARTNER ADDITIONS.",3/5/2025,,2859292,1224858,1634434
DEPARTMENT OF VETERANS AFFAIRS,TRANSITION AND ECONOMIC DEVELOPMENT PROGRAM SUPPORT,3/5/2025,,6028101,4235424,1792677
DEPARTMENT OF VETERANS AFFAIRS,ACQUISITION LIFECYCLE FRAMEWORK (ALF),3/5/2025,,3070723,1000687,2070036
DEPARTMENT OF VETERANS AFFAIRS,VETERANS HEALTH ADMINISTRATION PATIENT SAFETY VIRTUAL UNIVERSITY SUPPORT,3/5/2025,,982254,0,982254
DEPARTMENT OF VETERANS AFFAIRS,OFFICE OF CLINICAL SERVICES PPROPS AND CPRP,3/5/2025,,1162294,815717,346577
DEPARTMENT OF VETERANS AFFAIRS,CIDMO-34 SYSTEMS SAFETY AND INSTRUCTIONS SYSTEMS DESIGN SUPPORT,3/5/2025,,4350321,0,4350321
DEPARTMENT OF VETERANS AFFAIRS,OHVP BPA 2023 - 2028,3/5/2025,,6709314,0,6709314
DEPARTMENT OF VETERANS AFFAIRS,SUICIDE PREVENTION CLINICAL INTERVENTIONS PROGRAM SUPPORT SERVICES,3/5/2025,,2104030,0,2104030
DEPARTMENT OF VETERANS AFFAIRS,VHA INTEGRATED HEALTHCARE TRANSFORMATION (IHT) IDIQ CONTRACT- MODIFICATION TO INCREASE CONTRACT CEILING.,3/5/2025,,5951430,49974,5901456
DEPARTMENT OF VETERANS AFFAIRS,GRAPHIC DESIGN ANNUAL REPORT,3/5/2025,,99891,43724,56167
DEPARTMENT OF VETERANS AFFAIRS,VHA INTEGRATED HEALTHCARE TRANSFORMATION (IHT) IDIQ TOPR 0079 FOR OFFICE OF HEALTHCARE TRANSFORMATION STAKEHOLDER ENGAGEMENT,3/5/2025,,4835678,0,4835678
DEPARTMENT OF VETERANS AFFAIRS,REVISED LCATS TO MEET GOVERNMENT NEEDS,3/5/2025,,16284790,12600450,3684340
DEPARTMENT OF VETERANS AFFAIRS,VECTOR-0143: OSDBU EXECUTIVE LEADERSHIP INTERDISCIPLINARY TACTICAL EXCELLENCE (ELITE) SUPPORT SERVICE,3/5/2025,,6907592,5865088,1042504
DEPARTMENT OF VETERANS AFFAIRS,DATA ANALYTICS,3/5/2025,,3494140,124999,3369141
DEPARTMENT OF VETERANS AFFAIRS,"BUDGET FORMULATION, EXECUTION DATA MANAGEMENT AND OPERATIONS CONSULTING SERVICES.",3/5/2025,,6156724,3670908,2485816
DEPARTMENT OF VETERANS AFFAIRS,TRANSITION AND ECONOMIC DEVELOPMENT PROGRAM SUPPORT,3/5/2025,,926895,651198,275697
DEPARTMENT OF VETERANS AFFAIRS,"INSTITUTE FOR LEARNING, EDUCATION AND DEVELOPMENT - ILEADCAREER PATH DEVELOPMENT CONSULTING TO DEVELOP CAREER PATH GUIDES, COMPETENCY MODELS, DEVELOPMENT PLANS AND ASSESSMENTS",3/5/2025,,677105,0,677105
DEPARTMENT OF VETERANS AFFAIRS,NEW TASK ORDER FOR 1VA+ BUSINESS MODERNIZATION SERVICES,3/5/2025,,1000987,0,1000987
DEPARTMENT OF VETERANS AFFAIRS,VHA INTEGRATED HEALTHCARE TRANSFORMATION (IHT) IDIQ CONTRACT- MODIFICATION TO EXTEND ORDERING PERIOD (NO CEILING CHANGE).,3/5/2025,,5652649,2840156,2812493
DEPARTMENT OF VETERANS AFFAIRS,THE DEPARTMENT OFVETERANS AFFAIRS (VA) DEBT MANAGEMENTCENTER (DMC) ISO 9001:2015 CERTIFICATION AND SURVEILLANCEAUDIT,3/5/2025,,78655,44576,34079
DEPARTMENT OF VETERANS AFFAIRS,EXECUTIVE COACHING PROGRAM,3/5/2025,,3953089,1504332,2448757
DEPARTMENT OF VETERANS AFFAIRS,TRIBAL CONSULTATION SERVICES BPA ORDER #8 - 2024/2025 TRIBAL CONSULTATION MEETING,3/5/2025,,191555,0,191555
DEPARTMENT OF VETERANS AFFAIRS,MENLO PARK ENHANCED USE LEASE EUL,3/5/2025,,159000,0,159000
DEPARTMENT OF VETERANS AFFAIRS,OFFICE OF RISK MANAGEMENT COMMUNICATION SUPPORT.,3/5/2025,,2774460,509572,2264888
DEPARTMENT OF VETERANS AFFAIRS,"PAYMENT AND PAYMENT RESOLUTION SERVICES IN SUPPORT OF FINANCIAL SERVICES CENTER (FSC) WACO, TX.",3/5/2025,,4534170,0,4534170
DEPARTMENT OF VETERANS AFFAIRS,VHA ENTERPRISE PROGRAM MANAGEMENT OFFICE (EPMO) PACT ACT,3/5/2025,,1288480,702480,586000
DEPARTMENT OF VETERANS AFFAIRS,"VHA INTEGRATED HEALTHCARE TRANSFORMATION (IHT) IDIQ CONTRACT- MODIFICATION TO UPDATE CLAUSES, KEY PERSONNEL, AND ADMINISTRATION DATA INCLUDING NEW PARTNER ADDITIONS.",3/5/2025,,2015942,0,2015942
DEPARTMENT OF VETERANS AFFAIRS,GRAPHIC DESIGN SERVICES FOR VHA CENTER FOR HEALTH PROMOTION AND DISEASE PREVENTION,3/5/2025,,392247,0,392247
DEPARTMENT OF VETERANS AFFAIRS,VHA INTEGRATED HEALTHCARE TRANSFORMATION (IHT) IDIQ CONTRACT- ORDER FOR CONGRESSIONAL MANDATED REPORTING (CMR),3/5/2025,,1728270,592845,1135425
DEPARTMENT OF VETERANS AFFAIRS,HELP DESK SERVICES FOR VA,3/5/2025,,69255,0,69255
DEPARTMENT OF VETERANS AFFAIRS,THE SCOPE OF THIS PERFORMANCE WORK STATEMENT (PWS) INCLUDES HIGHLY COMPLEX HEALTHCARE AND/OR SUPPLY CHAIN EXPERTISE REQUIREMENTS WHICH INCLUDE THE INVOLVEMENT OF MULTIPLE FUNCTIONAL CATEGORIES AND SEVERAL PROGRAM OFFICES AND/OR DEPARTMENTS.,3/5/2025,,14619936,9842841,4777095
DEPARTMENT OF VETERANS AFFAIRS,EXPANSION OF FUNCTIONALITY OF EXISTING RURAL MASTERTRACKING DATABASE.,3/5/2025,,21120,0,21120
DEPARTMENT OF VETERANS AFFAIRS,REVISED LCATS TO MEET GOVERNMENT NEEDS,3/5/2025,,4271833,2588567,1683266
DEPARTMENT OF VETERANS AFFAIRS,VHA INTEGRATED HEALTHCARE TRANSFORMATION (IHT) IDIQ CONTRACTOVAC SUPPORT SERVICES - TOPR 0017,3/5/2025,,15108991,8549688,6559303
DEPARTMENT OF VETERANS AFFAIRS,PPSO SERVICE SUPPORT,3/5/2025,,10535712,6711164,3824548
DEPARTMENT OF VETERANS AFFAIRS,VECTOR 0057,3/5/2025,,5532531,0,5532531
DEPARTMENT OF VETERANS AFFAIRS,BUSINESS ADVISORY SUPPORT SERVICES.,3/5/2025,,4995122,0,4995122
DEPARTMENT OF VETERANS AFFAIRS,"PROCUREMENT POLICY, SYSTEMS, AND OVERSIGHT (PPSO) SUPPORT",3/5/2025,,7761121,4771125,2989996
DEPARTMENT OF VETERANS AFFAIRS,VHA INTEGRATED HEALTHCARE TRANSFORMATION (IHT) IDIQ CONTRACT,3/5/2025,,3687075,179192,3507883
DEPARTMENT OF VETERANS AFFAIRS,PROGRAM MANAGEMENT SUPPORT SERVICES.,3/5/2025,,3153529,0,3153529
DEPARTMENT OF VETERANS AFFAIRS,TASK ORDER FOR DATA ANALYST.,3/5/2025,,988134,811190,176944
DEPARTMENT OF VETERANS AFFAIRS,MEDICAL DISABILITY EXAMINATION (MDE) CUSTOMER SERVICE SURVEYS,3/5/2025,,20925377,13596532,7328845
DEPARTMENT OF VETERANS AFFAIRS,TASK ORDER FOR FY2026 NON-IT BUSINESS CASE APPLICATIONS SUPPORT.,3/5/2025,,3526549,0,3526549
DEPARTMENT OF VETERANS AFFAIRS,VECTOR PROGRAM,3/5/2025,,2500,0,2500
DEPARTMENT OF VETERANS AFFAIRS,ORDER 2| BPA FOR INDEPENDENT VERIFICATION AND VALIDATION SERVICES (IV&V) FOR THE MEDICAL DISABILITYEXAMINATION PROGRAM,3/5/2025,,6671529,5052816,1618713
DEPARTMENT OF VETERANS AFFAIRS,VECTOR PROGRAM,3/5/2025,,2500,0,2500
DEPARTMENT OF VETERANS AFFAIRS,THIS TASK ORDER PROVIDES AND OPPORTUNITY TO ACQUIRE STRATEGIC CAPITAL INVESTMENT PLANNING PROCESS SUPPORT.,3/5/2025,,1278818,0,1278818
DEPARTMENT OF VETERANS AFFAIRS,MISSION ACT: CREDENTIALS VERIFICATION ORGANIZATION FOR NON-COMMUNITY CARE NETWORK (CCN) PROVIDERS - ORDER #4.,3/5/2025,,239425,0,239425
DEPARTMENT OF VETERANS AFFAIRS,VECTOR PROGRAM,3/5/2025,,2500,0,2500
DEPARTMENT OF VETERANS AFFAIRS,DIGITAL HEALTH OFFICE STAFFING SERVICES,3/5/2025,,4808171,0,4808171
DEPARTMENT OF VETERANS AFFAIRS,VECTOR PROGRAM,3/5/2025,,2500,0,2500
DEPARTMENT OF VETERANS AFFAIRS,VHA INTEGRATED HEALTHCARE TRANSFORMATION (IHT) IDIQ CONTRACT- MODIFICATION TO ADD FREE AGENT PARTNERS AND INCLUDE FAR 52.204-27.,3/5/2025,,19126598,11649022,7477576
DEPARTMENT OF VETERANS AFFAIRS,TRUSTWORTHY ARTIFICIAL INTELLIGENCE PROGRAM SUPPORT,3/5/2025,,4978400,2507606,2470794
DEPARTMENT OF VETERANS AFFAIRS,"VAAA ACQUISITION WORKFORCE TRAINING MULTIPLE AWARD BLANKET PURCHASE AGREEMENT (BPA), ORDER #3",3/5/2025,,179630,0,179630
DEPARTMENT OF VETERANS AFFAIRS,"VHA INTEGRATED HEALTHCARE TRANSFORMATION (IHT) IDIQ CONTRACT- MODIFICATION TO UPDATE CLAUSES, ADMIN DATA, AND TEAMING PARTNERS.",3/5/2025,,749556,0,749556
DEPARTMENT OF VETERANS AFFAIRS,"VHA INTEGRATED HEALTHCARE TRANSFORMATION (IHT) IDIQ CONTRACT- MODIFICATION TO UPDATE CLAUSES, KEY PERSONNEL, AND ADMINISTRATION DATA INCLUDING NEW PARTNER ADDITIONS.",3/5/2025,,4888940,0,4888940
DEPARTMENT OF VETERANS AFFAIRS,VA ACQUISITION ACADEMY ACQUISITION INTERN PROGRAM OPERATIONAL SUPPORT SERVICES,3/5/2025,,1366290,0,1366290
DEPARTMENT OF VETERANS AFFAIRS,SINGLE-AWARD BLANKET PURCHASE AGREEMENT FOR INDEPENDENT VERIFICATION AND VALIDATION SERVICES (IV&V) FOR THE MEDICAL DISABILITYEXAMINATION PROGRAM,3/5/2025,,2241911,1697969,543942
DEPARTMENT OF VETERANS AFFAIRS,DIGITAL HEALTH OFFICE- OFFICE WIDE PROGRAM SUPPORT SERVICES.,3/5/2025,,4999934,0,4999934
DEPARTMENT OF VETERANS AFFAIRS,SINGLE-AWARD BLANKET PURCHASE AGREEMENT FOR IV&V FOR THE MEDICAL DISABILITY EXAMINATION PROGRAM TO COMBINING TO 23F0027 & 23F0036.,3/5/2025,,2171188,0,2171188
DEPARTMENT OF VETERANS AFFAIRS,VHA INTEGRATED HEALTHCARE TRANSFORMATION (IHT) IDIQ CONTRACT- MODIFICATION TO INCREASE CONTRACT CEILING.,3/5/2025,,5605865,0,5605865
DEPARTMENT OF VETERANS AFFAIRS,MAGNET CONSULTATION SERVICES,3/5/2025,,48900,0,48900
DEPARTMENT OF VETERANS AFFAIRS,ENTERPRISE MAIL MANAGEMENT PROGRAM SUPPORT SERVICES,3/5/2025,,3549981,1,3549980
DEPARTMENT OF VETERANS AFFAIRS,"CAPITAL ASSET INITIATIVES, WHICH INCLUDE THE ENHANCED-USE LEASE EUL PROGRAM AND THE STRATEGIC CAPITAL INVESTMENT PLANNING PROCESS ARE COORDINATED TO ENSURE CAPITAL INVESTMENTS ARE BASED ON SOUND BUSINESS PRACTICES AND PRINCIPLES",3/5/2025,,195286,0,195286
DEPARTMENT OF VETERANS AFFAIRS,VHA INTEGRATED HEALTHCARE TRANSFORMATION (IHT) IDIQ CONTRACT- EHRM RAPID SUPPORT,3/5/2025,,63510917,1000000,62510917
DEPARTMENT OF VETERANS AFFAIRS,DEPARTMENT OF VETERANS AFFAIRS (VA)VETERANS BENEFITS ADMINISTRATION (VBA)MEDICAL DISABILITY EXAMINATION OFFICE (MDEOINSTRUCTIONAL SYSTEMS DESIGN (ISD),3/5/2025,,5855240,3571049,2284191
DEPARTMENT OF VETERANS AFFAIRS,VHA INTEGRATED HEALTHCARE TRANSFORMATION (IHT) IDIQ CONTRACT- MODIFICATION TO INCREASE CONTRACT CEILING.,3/5/2025,,2994741,1027888,1966853
DEPARTMENT OF VETERANS AFFAIRS,FINANCIAL AUDIT FOR MDE,3/5/2025,,35748439,30792338,4956101
DEPARTMENT OF VETERANS AFFAIRS,MAINTENANCE OF AND EXPORT OF DATA FROM THE EXCEL-BASED LEASE BUDGET MODEL THAT TAKES INPUT FROM CURRENT PORTFOLIO OF LEASES,3/5/2025,,229083,0,229083
DEPARTMENT OF VETERANS AFFAIRS,VHA INTEGRATED HEALTHCARE TRANSFORMATION (IHT) IDIQ CONTRACT- MODIFICATION TO ADD FAR CLAUSE 52.204-27.,3/5/2025,,7612449,5589585,2022864
DEPARTMENT OF VETERANS AFFAIRS,ABOUTFACE WEB DESIGN FOR VHA NATIONAL CENTER FOR PTSD.,3/5/2025,,2696380,1057261,1639119
DEPARTMENT OF VETERANS AFFAIRS,INTEGRATED HEALTH PRACTICES SUPPORT SERVICES,3/5/2025,,3667494,0,3667494
DEPARTMENT OF VETERANS AFFAIRS,REVISED LCATS TO MEET GOVERNMENT NEEDS,3/5/2025,,6440006,3279372,3160634
DEPARTMENT OF VETERANS AFFAIRS,COMMERCIAL PROFESSIONAL SERVICES,3/5/2025,,635245,396772,238473
DEPARTMENT OF VETERANS AFFAIRS,LEAN-AGILE COACHING AND IMPLEMENTATION PROGRAM,3/5/2025,,4957234,1153604,3803630
DEPARTMENT OF VETERANS AFFAIRS,VAAA PROGRAM MANAGEMENT SCHOOL AND FACILITIES MANAGEMENT SCHOOL CURRICULUM DEVELOPMENT AND ASSESSMENT.,3/5/2025,,4927986,1082430,3845556
DEPARTMENT OF VETERANS AFFAIRS,NATIONAL CEMETERY ADMINISTRATION BUSINESS TRANSFORMATION AND REQUIREMENTS SERVICEPROGRAM SUPPORT SERVICES.,3/5/2025,,2236590,942385,1294205
DEPARTMENT OF VETERANS AFFAIRS,VHA NATIONAL CENTER FOR POSTTRAUMATIC STRESS DISORDER (NCPTSD)OUTREACH AND MARKETING,3/5/2025,,5052580,4141242,911338
DEPARTMENT OF VETERANS AFFAIRS,SUPPLY CHAIN SYSTEMS SUPPORT,3/5/2025,,4826982,74524,4752458
DEPARTMENT OF VETERANS AFFAIRS,VETERANS HEALTH ADMINISTRATION (VHA)NATIONAL CENTER FOR HEALTHCARE ADVANCEMENT AND PARTNERSHIPSSTRATEGIC COMMUNICATIONS,3/5/2025,,3050629,2530678,519951
DEPARTMENT OF VETERANS AFFAIRS,VHA INTEGRATED HEALTHCARE TRANSFORMATION (IHT) IDIQ CONTRACT- (TOPR) 159 FOLLOW-ON FOLLOW-ON SUPPORT - IMPLEMENTATION OF CLELAND DOLE ACT SECTION 401,3/5/2025,,5098982,2500000,2598982
DEPARTMENT OF VETERANS AFFAIRS,LONG TERM CARE MOCK SURVEY SERVICE,3/5/2025,,192000,144000,48000
DEPARTMENT OF VETERANS AFFAIRS,VHA INTEGRATED HEALTHCARE TRANSFORMATION (IHT) TASK ORDER - VHA POLICY TRANSFORMATION,3/6/2025,,22718012,0,22718012
DEPARTMENT OF VETERANS AFFAIRS,VHA INTEGRATED HEALTHCARE TRANSFORMATION (IHT) IDIQ CONTRACT - TASK ORDER FOR WOMEN'S HEALTH SUPPORT,3/6/2025,,3037586,405392,2632194
DEPARTMENT OF VETERANS AFFAIRS,CANCER REGISTRY SERVICE,3/6/2025,,217204,162903,54301
DEPARTMENT OF VETERANS AFFAIRS,IN6014 MANAGED SETTLEMENTS SUPPORT,3/6/2025,,1789089,1445277,343812
DEPARTMENT OF VETERANS AFFAIRS,ENHANCE THE CURRENT VOLUME 4 OF THE FISCAL YEAR 2025 BUDGET SUBMISSION AND UPCOMING FY2026 BUDGET SUBMISSION TO BE SECTION 508 COMPLIANT.,3/6/2025,,20077,0,20077
DEPARTMENT OF VETERANS AFFAIRS,STRATEGIC CAPITAL INVESTMENT PLANNING PROCESS SUPPORT SERVICES,3/6/2025,,1334529,0,1334529
DEPARTMENT OF VETERANS AFFAIRS,THE IDIQ PROVIDES AND OPPORTUNITY TO ACQUIRE STRATEGIC CAPITAL INVESTMENT PLANNING SERVICES FOR A 5 YEAR PERIOD.,3/6/2025,,579372,0,579372
DEPARTMENT OF VETERANS AFFAIRS,TASK ORDER FOR SCIP PROCESS SUPPORT USING THE SCIP IDIQ CONTRACT,3/6/2025,,2369829,0,2369829
DEPARTMENT OF VETERANS AFFAIRS,VBA OFFICE OF COMPENSATION SERVICES PROGRAM SUPPORT SERVICES PURCHASE.,3/6/2025,,3183114,0,3183114
DEPARTMENT OF VETERANS AFFAIRS,EVIDENCE BASED PRACTICE IMPLEMENTATION SUPPORT SERVICES,3/6/2025,,543727,1231,542496
DEPARTMENT OF VETERANS AFFAIRS,MEDICAL CODING AT THE PERRY POINT AND BALTIMORE VAMC,3/6/2025,,556453,0,556453
DEPARTMENT OF VETERANS AFFAIRS,CDS COMMUNITY ENGAGEMENT TASK ORDER 19,3/6/2025,,678986,48792,630194
DEPARTMENT OF VETERANS AFFAIRS,PHOENIX LAND SERVICES,3/6/2025,,86156,0,86156
DEPARTMENT OF VETERANS AFFAIRS,EO14042 - CLINICAL DECISION SUPPORT CDS IDIQ,3/6/2025,,1220842,0,1220842
DEPARTMENT OF VETERANS AFFAIRS,DUE DILIGENCE TASK ORDER,3/6/2025,,57921,0,57921
DEPARTMENT OF VETERANS AFFAIRS,EO14042 - CLINICAL DECISION SUPPORT CDS IDIQ,3/6/2025,,4563497,2928394,1635103
DEPARTMENT OF VETERANS AFFAIRS,VISN 5 JOINT COMMISSION MOCK SURVEY,3/6/2025,,165600,0,165600
DEPARTMENT OF VETERANS AFFAIRS,VISN 5 JOINT COMMISSION MOCK SURVEY,3/6/2025,,193200,0,193200
DEPARTMENT OF VETERANS AFFAIRS,HEALTH INFORMATION GOVERNANCE (HIG) NATIONAL DATA SYSTEMS (NDS),3/6/2025,,3199463,899952,2299511
DEPARTMENT OF VETERANS AFFAIRS,TJC MOCK SURVEY PREPARATION FOR THE NEW ORLEANS VAMC.,3/6/2025,,287175,152025,135150
DEPARTMENT OF VETERANS AFFAIRS,MEDICAL RESEARCH UMD,3/6/2025,,394310,0,394310
DEPARTMENT OF VETERANS AFFAIRS,PROFESSIONAL AND TECHNICAL SERVICES BRIDGE CONTRACT,3/6/2025,,396533,0,396533
DEPARTMENT OF VETERANS AFFAIRS,EXERCISE OPTION YEAR 3,3/6/2025,,8000,0,8000
DEPARTMENT OF VETERANS AFFAIRS,ADUSH20-2 ADMIN ASSISTANT FOR PERSONS WITH DISABILITIES,3/6/2025,,239157,41547,197610
DEPARTMENT OF VETERANS AFFAIRS,MEDICAL CODING SERVICES,3/6/2025,,430660,278219,152441
DEPARTMENT OF VETERANS AFFAIRS,1102 CONTRACTOR SUPPORT,3/6/2025,,4145659,549048,3596611
DEPARTMENT OF VETERANS AFFAIRS,FINANCIAL PLANNING SERVCIES,3/6/2025,,612343,36977,575366
DEPARTMENT OF VETERANS AFFAIRS,DISC CERTIFICATION TRAINING,3/7/2025,,15704,0,15704
DEPARTMENT OF VETERANS AFFAIRS,THE JOINT COMMISSION RESOURCES LABORATORY CONSULTING,3/7/2025,,46458,0,46458
DEPARTMENT OF VETERANS AFFAIRS,ONS NURSING WORKFORCE SERVICES,3/7/2025,,6501903,4070497,2431406
DEPARTMENT OF VETERANS AFFAIRS,EVIDENCE BASED LEADERSHIP AND ENGAGEMENT APPROACH TRAINING,3/7/2025,,1234629,0,1234629
DEPARTMENT OF VETERANS AFFAIRS,CANCER ABSTRACTION SERVICES,3/7/2025,,1384450,0,1384450
DEPARTMENT OF VETERANS AFFAIRS,"MADISON, WI - DUE DILIGENCE",3/7/2025,,126372,0,126372
DEPARTMENT OF VETERANS AFFAIRS,"KEOKUK, IA - DUE DILIGENCE SERVICES",3/7/2025,,36380,3300,33080
DEPARTMENT OF VETERANS AFFAIRS,HUDSON FL VHA OPERATION - DUE DILIGENCE,3/7/2025,,296245,125152,171093
DEPARTMENT OF VETERANS AFFAIRS,"POPLAR BLUFF, MO - DUE DILIGENCE",3/7/2025,,63227,17942,45285
DEPARTMENT OF VETERANS AFFAIRS,"POPLAR BLUFF, MO - VAMC - ACCESS - CONDEMNATION",3/7/2025,,18700,0,18700
DEPARTMENT OF VETERANS AFFAIRS,PRESS GANEY NDNQI MEMBERSHIP,3/10/2025,,29621,0,29621
DEPARTMENT OF VETERANS AFFAIRS,BRIDGE NDNQI NURSING MEMBERSHIP SUBSCRIPTION,3/10/2025,,11053,0,11053
DEPARTMENT OF VETERANS AFFAIRS,NDNQI NURSING MEMBERSHIP SUBSCRIPTION,3/10/2025,,7675,0,7675
DEPARTMENT OF VETERANS AFFAIRS,LEAN SIX SIGMA,3/10/2025,,266000,89700,176300
DEPARTMENT OF VETERANS AFFAIRS,PATHWAY TO EXCELLENCE,3/10/2025,,71781,0,71781
DEPARTMENT OF VETERANS AFFAIRS,"Pursuant to Public Law 109-461, Title 38, Part 1, Chapter 3, Section 312A, CFM is responsible for overseeing and managing the planning, design, construction, acquisition and leasing of facilities and infrastructure of the Department. The VA Office of Construction and Facilities Management (CFM) contract directly enables execution of the Department of Veterans Affairs' Office of Construction and Facilities Management (CFM) 38 USC 312A responsibilities by providing critical strategic planning, programming, development and continuous process improvement implementation support across all phases of capital project execution (planning, design, and construction) to address challenges such as rising construction costs, reduced market interest of interested bidders, and rapid technological advancements ultimately enhancing the VA's ability to deliver modern, timely, and efficient healthcare facilities through policy updates, industry engagement facilitation, and programmatic support.",3/11/2025,,4998797,3818993,1179804
DEPARTMENT OF VETERANS AFFAIRS,"Not consulting services. In it’s final Option Year (ends in approximately 7 months) but providing administrative support largely supporting Audit, Risk, and Compliance Governance in response to GAO’s High Risk List. This final Option Year was already largely descoped (Base = $2.3M, OY1 = $2.4M, OY2 final = $273k).",3/11/2025,,4979380,0,4979380
DEPARTMENT OF VETERANS AFFAIRS,"Having a technically competent vendor conduct the Annual Workplace Evaluation allows the VBA to meet compliance with the EO 12196, OSHA standard 29 CFR 1960.78, and VA requirements for agencies to meet compliance with implementing a program for evaluating the effectiveness of all occupational safety and health programs within the VBA on an annual basis. The acquisition of a Physical Security Contractor will assist the Veterans Benefits Administration (VBA) Physical Security Program in conducting security assessments for over 400 out-based offices. This initiative is in accordance with Title 38 United States Code Section 901, which mandates the protection of life and property within the Department's jurisdiction.",3/11/2025,,4384957,2739626,1645331
DEPARTMENT OF VETERANS AFFAIRS,"Develops requirements/testing protocols, performs user acceptance testing for VHA Ops. Educate and trains staff on the workflows needed to exchange health info with external providers, enhances care, decreases wait time & facilitates timely transfers.",3/11/2025,,4186877,2825321,1361556
DEPARTMENT OF VETERANS AFFAIRS,"Pursuant to Public Law 109-461, Title 38, Part 1, Chapter 3, Section 312A, CFM is responsible for overseeing and managing the planning, design, construction, acquisition and leasing of facilities and infrastructure of the Department. A Stakeholder Satisfaction Survey Program is currently required at the VA Executive Level. This program provides Stakeholder feedback for all CFM programs and is reported in VA's Annual Report as a performance metric. Without this contract, CFM would be unable to accurately capture and address multiple Stakeholder inputs on our programs.",3/11/2025,,4974844,1789384,3185460
DEPARTMENT OF VETERANS AFFAIRS,"Assists Federated Interagency Terminology Service (FITS) a Joint VA DoD team that addresses clinical data and terminology needs in the Oracle Health environment, ensuring key clinical data is consistent & usable among users maximizing quality & efficiency",3/11/2025,,2792274,1448134,1344140
DEPARTMENT OF VETERANS AFFAIRS,"Enables increased efficiencies, eliminates waste, and reduces spending by ensuring that VA is included at standards development ensuring Veterans needs are met. Ensures in-depth knowledge of the standard to aid in efficient & correct implementation.",3/11/2025,,1991397,1430641,560756
DEPARTMENT OF VETERANS AFFAIRS,Not consulting - VA is required to scan 100% of all equipment assets once a year per VA handbook 7002. Cincinnati just used this for the first year. The Contractor exceeded the performance goal for scanning the equipment. They plan to continue using it.,3/11/2025,,1039459,59835,979624
DEPARTMENT OF VETERANS AFFAIRS,Contract needed to check the negative pressure in the hospital,3/11/2025,,929317,428718,500599
DEPARTMENT OF VETERANS AFFAIRS,The SLVHCS facility must have accurate inventory of building service equipment deployed for use.,3/11/2025,,792979,0,792979
DEPARTMENT OF VETERANS AFFAIRS,Environmental testing to meet joint commission standards and patient safety; failure to do so may lead to facility closure and hospital acquired infections,3/11/2025,,556106,451304,104802
DEPARTMENT OF VETERANS AFFAIRS,Wall to wall inventory complete. Will not renew.,3/11/2025,,547445,109489,437956
DEPARTMENT OF VETERANS AFFAIRS,"support provided by the contract isn't available within the NCOs required to meet statutory mission requirements, actions performed align with VA goals, priorities and modernization plans support efficient and effective services to Veterans.",3/11/2025,,505091,0,505091
DEPARTMENT OF VETERANS AFFAIRS,Contracted Patient Provider critical to patient care mission,3/11/2025,,477907,202800,275107
DEPARTMENT OF VETERANS AFFAIRS,"Pursuant to Public Law 109-461, Title 38, Part 1, Chapter 3, Section 312A, CFM is responsible for overseeing and managing the planning, design, construction, acquisition and leasing of facilities and infrastructure of the Department. This contract support VA in conducting required National Environmental Policy Act (NEPA) analysis for long-term leases to construct and operate outpatient clinics (OPCs) in Baton Rouge LA, Nashville TN, and Clarksville, TN.",3/11/2025,,457384,0,457384
DEPARTMENT OF VETERANS AFFAIRS,"Not consulting, essential. VA is required to scan 100% of all equipment assets once a year per VA handbook 7002. St Lois VA has experienced a 22% increase in their % of assets scanned through the use of this BPA. They plan to continue using it. Jason C. Petti",3/11/2025,,447912,89582,358330
DEPARTMENT OF VETERANS AFFAIRS,Not consulting - VA is required to scan 100% of all equipment assets once a year per VA handbook 7002. Cillicothe and Dayton have seen between 90% and 95% of total assets scanned using this service and are interested in continuing to use it.,3/11/2025,,395726,103360,292366
DEPARTMENT OF VETERANS AFFAIRS,"OIT does not plan to terminate nor descope this contract. The contract is essential for compliance with OSHA 29 CFR 1960, Subpart D, which requires annual inspection of all areas and operations of each workplace, including office operations by a qualified safety and health inspector. Space and facilities management does not have an employee which meets the requirements for a qualified safety and health inspector. the POC is John Ellsworth @ john.elsworth2@va.gov",3/11/2025,,391134,211333,179801
DEPARTMENT OF VETERANS AFFAIRS,PAA TASK ORDER OFF VICCS IDIQ CONTRACT,3/11/2025,,653646,0,653646
DEPARTMENT OF VETERANS AFFAIRS,PROJECT MANAGEMENT SUPPORT SERVICES AND RELATED TECHNICAL SERVICES,3/11/2025,,12611421,7716137,4895284
DEPARTMENT OF VETERANS AFFAIRS,SUPPLY TECHNICIANS,3/11/2025,,3777359,2281375,1495984
DEPARTMENT OF VETERANS AFFAIRS,COMPREHENSIVE HEALTH AND SAFETY INSPECTIONS,3/11/2025,,36550,0,36550
DEPARTMENT OF VETERANS AFFAIRS,CONSULTING SERVICES.,3/11/2025,,121750,60000,61750
DEPARTMENT OF VETERANS AFFAIRS,CONTRACTING SUPPORT FOR VISN 6,3/11/2025,,343308,0,343308
DEPARTMENT OF VETERANS AFFAIRS,12 MONTH RENTAL OF MOBILE MRI FOR THE DANVILLE VAMC,3/11/2025,,339900,310000,29900
DEPARTMENT OF VETERANS AFFAIRS,CONSULTING SERVICES FOR BRAIN FUNCTION IMAGING,3/11/2025,,4166,0,4166
DEPARTMENT OF VETERANS AFFAIRS,NDNQI ACCESS,3/11/2025,,38158,21802,16356
DEPARTMENT OF VETERANS AFFAIRS,PRESS GANEY NDNQI ANNUAL MEMBERSHIP FOR VA PALO ALTO,3/11/2025,,49966,0,49966
DEPARTMENT OF VETERANS AFFAIRS,Women's Clinic Equity Boost San Francisco VA Medical Center,1/29/2025,,298021,122880,175141
DEPARTMENT OF VETERANS AFFAIRS,HCM - LinkedIn Recruiter Corporate Exercise Option Year One,2/20/2025,,1087037,451447,635590
DEPARTMENT OF VETERANS AFFAIRS,COMMERCIAL PROFESSIONAL SERVICES STRATEGIC COMMUNICATION PLAN TOPR 0153,2/26/2025,,6394564,4292369,2102195
DEPARTMENT OF VETERANS AFFAIRS,INITIAL TASK ORDER PROVIDING POST TRANSACTION SUPPORT FOR THIS IDIQ,2/26/2025,,2299727,0,2299727
DEPARTMENT OF VETERANS AFFAIRS,SUPPORT EUL PROGRAM BY PROVIDING REAL PROPERTY MARKET AND FINANCIAL ANALYSIS THROUGH EXPERTISE IN STRATEGIC TECHNICAL SUPPORTIMPLEMENTATION MANAGEMENT,2/26/2025,,699991,0,699991
DEPARTMENT OF VETERANS AFFAIRS,MILWAUKEE EXTENDED USE LEASE DUE DILIGENCE SUPPORT FOR PLANNED DEVELOPMENT ON VA PROPERTY.,2/26/2025,,280646,0,280646
DEPARTMENT OF VETERANS AFFAIRS,SUPPORT FOR BROCKTON EXTENDED USE LEASE DEVELOPMENT,2/26/2025,,244710,0,244710
DEPARTMENT OF VETERANS AFFAIRS,EXTENDED US LEASE DEVELOPMENT SUPPORT AT PERRY POINT,2/26/2025,,178250,0,178250
DEPARTMENT OF VETERANS AFFAIRS,LEADERSHIP DEVELOPMENT ENHANCEMENT TRAINING,2/28/2025,,319000,231002,87998
DEPARTMENT OF VETERANS AFFAIRS,CERS Leadership Training,2/28/2025,,32000,0,32000
DEPARTMENT OF VETERANS AFFAIRS,Government in Excellence Leadership Program,2/28/2025,,12900,0,12900
DEPARTMENT OF VETERANS AFFAIRS,DISTRICT COMMUNICATIONS GROUP BEING AWARDED A VECTOR TASK ORDER.,3/5/2025,,4516199,2884333,1631866
DEPARTMENT OF VETERANS AFFAIRS,TMS 2.0 TRAINING,3/5/2025,,1440959,491919,949040
DEPARTMENT OF VETERANS AFFAIRS,VECTOR TASK ORDER #0187 - VAAA SCMS PROGRAM AND ACADEMIC SUPPORT,3/5/2025,,2010929,695939,1314990
DEPARTMENT OF VETERANS AFFAIRS,REVISED LCATS TO MEET GOVERNMENT NEEDS (ADMINISTRATIVE MANAGEMENT AND GENERAL MANAGEMENT CONSULTING SERVICES),3/5/2025,,18494910,15271110,3223800
DEPARTMENT OF VETERANS AFFAIRS,RESEARCH SUPPORT SERVICES,3/7/2025,,799000,0,799000
DEPARTMENT OF VETERANS AFFAIRS,"support provided by the contract isn't available within the NCOs required to meet statutory mission requirements, actions performed align with VA goals, priorities and modernization plans support efficient and effective services to Veterans.",3/11/2025,,5195896,0,5195896
DEPARTMENT OF VETERANS AFFAIRS,"Not Consulting - The contractor is responsible for developing and implementing a database for the Paperwork Reduction Act, cataloging analytics software and identifying gaps, and providing data engineering and analytic support to enable the creation of datasets and data products.",3/11/2025,,4749546,2865667,1883879
DEPARTMENT OF VETERANS AFFAIRS,"VHA Operational Alert and Guidance Document FY2022-01 as authorized by VHA Directive 1810(1) as amended on September 11, 2018: 5.a(1) and 5.b(1).",3/11/2025,,5248858,0,5248858
DEPARTMENT OF VETERANS AFFAIRS,"The Department of Veterans Affairs contract focuses on providing logistics and supply chain management support, including analysis, recommendations, and implementation plans. Key products include a Department Wide Operational Execution Plan for Supply Chain and Logistics, supporting analysis for transferring knowledge to the Office of Logistics, and recommendations for senior leaders. The contract is performed in Reston, Virginia, and is classified under NAICS code 541611 (Administrative Management and General Management Consulting Services) and PSC code R410 (Support- Professional: Program Evaluation/Review/Development). The contract has no option years and is a definitive contract awarded by the Strategic Acquisition Center. For further details, the contracting officer is Jamie Belletto (Jamie.Belletto.10X@VA.GOV), and the program POC is Greg McLean (202-632-8673).",3/11/2025,,4999498,0,4999498
DEPARTMENT OF VETERANS AFFAIRS,Critical for inventory management and coordination between Medical Supply Prime Vendor and Clarksburg.,3/11/2025,,1212840,385520,827320
DEPARTMENT OF THE INTERIOR,Variety of branding and marketing services in support of client agencies efforts to attract and build a high quality public sector workforce.,1/29/2025,,3708799,0,3708799
DEPARTMENT OF THE INTERIOR,NEW CONTRACT E&E SUBSCRIPTION,2/5/2025,,1105125,905125,200000
DEPARTMENT OF THE INTERIOR,ON-LINE NEWS SUBSCRIPTION,2/5/2025,,797756,653381,144375
DEPARTMENT OF THE INTERIOR,E&E NEWS SUITE SUBSCRIPTION FOR THE BLM,2/5/2025,,719271,557271,162000
DEPARTMENT OF THE INTERIOR,FIRM-FIXED PRICE TASK ORDER FOR ANNUAL SUBSCRIPTION TO THE GOVERNMENT RELATIONS WEB SERVICE POLITICO PRO PLUS ON BEHALF OF THE DOI IMMEDIATE OFFICE OF THE SECRETARY (IOS).,2/5/2025,,232875,190670,42205
DEPARTMENT OF THE INTERIOR,E&E SUBSCRIPTION SERVICES,2/5/2025,,215897,176825,39072
DEPARTMENT OF THE INTERIOR,IT AND TELECOM - BUSINESS APPLICATION/APPLICATION DEVELOPMENT SOFTWARE AS A SERVICE,2/5/2025,,152545,124940,27605
DEPARTMENT OF THE INTERIOR,"ONLINE E-SUBSCRIPTION SERVICES TO INCLUDE : ENERGYWIRE, CLIMATEWIRE, E&E DAILY, GREENWIRE, E&E NEWS PM, ENERGYWIRE PROVIDES BROAD COVERAGE OF BUSINESS AND POLITICAL ISSUES SURROUNDING THE UNCONVENTIONAL ENERGY INDUSTRY,",2/5/2025,,147227,24115,123112
DEPARTMENT OF THE INTERIOR,OFFICE OF RESTORATION AND DAMAGE ASSESSMENT'S PROCUREMENT OF SUBSCRIPTIONS FOR POLITICO,2/5/2025,,65813,55033,10780
DEPARTMENT OF THE INTERIOR,E&E NEWS SUBSCRIPTION RENEWAL,2/5/2025,,62500,0,62500
DEPARTMENT OF THE INTERIOR,E&E NEWS SERVICE SUBSCRIPTION AS DESCRIBED IN THE ATTACHED QUOTE.,2/5/2025,,14520,0,14520
DEPARTMENT OF THE INTERIOR,"E&E NEWS SUBSCRIPTION TO INCLUDE CLIMATEWIRE, ENERGYWIRE, GREENWIRE, DAILY, AND NEWS PM.",2/5/2025,,8000,0,8000
DEPARTMENT OF THE INTERIOR,E&E NEWS,2/6/2025,,448373,109395,338978
DEPARTMENT OF THE INTERIOR,POLITICO E&E PUBLISHING RENEWAL,2/6/2025,,164672,125162,39510
DEPARTMENT OF THE INTERIOR,E&E NEWS ONLINE PUBLICATION SUBSCRIPTION,2/6/2025,,120500,51752,68748
DEPARTMENT OF THE INTERIOR,POLITICO - E&E NEWS AND GREENWIRE OFFICE OF NATURAL RESOURCES REVENUE (ONRR),2/6/2025,,89962,64235,25727
DEPARTMENT OF THE INTERIOR,E&E NEWS DIRECTOR'S OFFICE,2/6/2025,,81720,24745,56975
DEPARTMENT OF THE INTERIOR,E & E NEWS,2/6/2025,,66324,41730,24594
DEPARTMENT OF THE INTERIOR,"ONLINE SUBSCRIPTION TO POLITICO LLC, E&E NEWS SERVICE (UP TO 6 LICENSES)",2/6/2025,,64282,42356,21926
DEPARTMENT OF THE INTERIOR,LEGISLATIVE RESEARCH TOOL,2/6/2025,,61127,21575,39552
DEPARTMENT OF THE INTERIOR,"DOI, POB",2/6/2025,,59190,37560,21630
DEPARTMENT OF THE INTERIOR,"ONLINE SUBSCRIPTION TO POLITICO LLC, E&E NEWS SERVICE (UP TO 20 LICENSES)",2/6/2025,,36500,0,36500
DEPARTMENT OF THE INTERIOR,MANAGING DISPERSED CAMPING - SR9 PROJECT,2/10/2025,,768723,0,768723
DEPARTMENT OF THE INTERIOR,"THE NATIONAL PARK SERVICE (NPS) AT LAVA BEDS NATIONAL MONUMENT (LABE) HAS A REQUIREMENT FOR REMOVING AND REPLACING THE WELL PUMP IN A WELL, CONSTRUCTED IN 2007. THE PROJECT IS LOCATED AT LAVA BEDS NATIONAL MONUMENT, NEAR THE PARK HEADQUARTERS. THE CO",2/18/2025,,58771,0,58771
DEPARTMENT OF THE INTERIOR,NATIVE LANGUAGE SPECIALIST FOR OIED,2/21/2025,,722991,548884,174107
DEPARTMENT OF THE INTERIOR,TRANSLATION SERVICES FOR INDIAN AFFAIRS - BUSINESS SUPPORT SERVICES (BSS) IDIQAKICITA CYBER LLC,2/21/2025,,434024,352266,81758
DEPARTMENT OF THE INTERIOR,EXECUTIVE ADMINISTRATIVE SUPPORT SERVICES FOR THE BLM WASHINGTON OFFICE,2/24/2025,,31828,0,31828
DEPARTMENT OF THE INTERIOR,OBPM IRA CONTRACTORSBUSINESS SUPPORT SERVICES (BSS) IDIQ TO,2/25/2025,,404348,0,404348
DEPARTMENT OF THE INTERIOR,ADMINISTRATIVE MANAGEMENT AND GENERAL MANAGEMENT CONSULTING SERVICES,2/25/2025,,263900,212895,51005
DEPARTMENT OF THE INTERIOR,CONTRACT SPECIALIST III-IV WITH EXPERTISE IN CONSTRUCTION CONTRACTS,2/25/2025,,109938,0,109938
DEPARTMENT OF THE INTERIOR,Subscription to Westlaw,2/25/2025,,76644,0,76644
DEPARTMENT OF THE INTERIOR,OJS ELECTRONIC CELL CHECKS,2/26/2025,,2784585,1814169,970416
DEPARTMENT OF THE INTERIOR,SENIOR CONSTRUCTION MANAGER UNDER CONTRACT 140R2023D0001.,2/26/2025,,2676602,2179659,496943
DEPARTMENT OF THE INTERIOR,"OCCUPATIONAL THERAPY SERVICES, OJIBIWA",2/26/2025,,799848,644736,155112
DEPARTMENT OF THE INTERIOR,Student Engineers Advancing Ocean Technology (SEAoTech),2/26/2025,,164278,0,164278
DEPARTMENT OF THE INTERIOR,"BLM-OR, PRINEVILLE DISTRICT, MANUAL HFR FOR THE TOP ROAD FUEL BREAK PROJECT",2/26/2025,,141530,0,141530
DEPARTMENT OF THE INTERIOR,Conduct a comprehensive return on investment assessment of the CADR Ombuds services provided to NPS.,2/26/2025,,36965,0,36965
DEPARTMENT OF THE INTERIOR,implement ORDA Mentoring program as a pilot for an approximate one year,2/26/2025,,24216,0,24216
DEPARTMENT OF THE INTERIOR,"PROVIDE FACILITATION, COLLABORATIVE PROBLEM-SOLVING SERVICES TO U.S. FISH AND WILDLIFE SERVICE OFFICE OF DIVERSITY AND INCLUSIVE WORKFORCE MANAGEMENT (ODIWM)",2/26/2025,,21800,0,21800
DEPARTMENT OF THE INTERIOR,NT-09-X17 Interagency Ocean Observation Committee (IOOC) Support,2/26/2025,,20000,0,20000
DEPARTMENT OF THE INTERIOR,"ORDER 2: BEGINNING DATA COLLECTION, ANALYSIS, AND REPORTING",2/27/2025,,15649519,0,15649519
DEPARTMENT OF THE INTERIOR,LONGITUDINAL STUDY OF SUPPLEMENTAL NUTRITION ASSISTANCE PROGRAM (SNAP) HOUSEHOLDS,2/27/2025,,9981052,65965,9915087
DEPARTMENT OF THE INTERIOR,"THIS STUDY WILL EVALUATE IMPLEMENTATION AND POTENTIAL SCALABILITY OF THE MOBILE PAYMENT PILOT FOR THE SUPPLEMENTAL NUTRITION ASSISTANCE PROGRAM (SNAP). ADMINISTERED BY THE UNITED STATES DEPARTMENT OF AGRICULTURE (USDA), FOOD AND NUTRITION SERVICE (FNS)",2/27/2025,,2865417,0,2865417
DEPARTMENT OF THE INTERIOR,"BPA ORDER 1: DEVELOPMENT OF STUDY PLAN, DATA COLLECTION MATERIALS, RECRUITMENT MATERIAL, AND OMB PACKAGE",2/27/2025,,2806101,0,2806101
DEPARTMENT OF THE INTERIOR,CONDUCT A REVIEW OF IDENTIFIED TASK(S) AREAS FOR THE SERVICE BEING PROVIDED BY AQD,2/27/2025,,2618725,0,2618725
DEPARTMENT OF THE INTERIOR,THIS NON-SEVERABLE COMMERCIAL SERVICES REQUIREMENT IS TO HELP THE US DEPARTMENT OF AGRICULTURE (USDA) FOOD AND NUTRITION SERVICES (FNS) BETTER UNDERSTAND THE POLICIES AND PRACTICES FOLLOWED BY SMALL SNAP-AUTHORIZED RETAILERS. THE SURVEY WILL COLLECT,2/27/2025,,2106797,0,2106797
DEPARTMENT OF THE INTERIOR,THE UNITED STATES DEPARTMENT OF AGRICULTURE (USDA) FOOD AND NUTRITION SERVICE (FNS) IS SEEKING A QUALIFIED CONTRACTOR TO CONDUCT A STUDY THAT WILL DEVELOP MODELS FOR POTENTIALLY TRANSITIONING THE SUPPLEMENTAL NUTRITION ASSISTANCE PROGRAM (SNAP) FROM,2/27/2025,,1884287,0,1884287
DEPARTMENT OF THE INTERIOR,"DEVELOP A STUDY PLAN, DATA COLLECTION INSTRUMENTS, AND RECRUITMENT MATERIALS, OBTAIN IRB AND OMB CLEARANCE, AND PREPARE SYSTEMS FOR RECRUITMENT AND DATA COLLECTION FOR THE SUN 2026 STUDY",2/27/2025,,1791615,0,1791615
DEPARTMENT OF THE INTERIOR,EVALUATING THE INTERVIEW REQUIREMENT FOR SNAP CERTIFICATION,2/27/2025,,1742774,0,1742774
DEPARTMENT OF THE INTERIOR,"GROUND TRUTHING"" THE MARKET BASKET USED IN DEVELOPING THE THRIFTY FOOD PLAN",2/27/2025,,1699953,0,1699953
DEPARTMENT OF THE INTERIOR,US DEPARTMENT OF AGRICULTURE'S FOOD AND NUTRITION SERVICE (USDA FNS) GUIDANCE FOR SUPPLEMENTAL NUTRITION ASSISTANCE PROGRAM (SNAP) ELIGIBILITY AND QUALITY CONTROL INTERVIEWS,2/27/2025,,1397146,0,1397146
DEPARTMENT OF THE INTERIOR,EXAMINING THE USE OF SNAP-ED PRIORITY INDICATORS AND TARGETED INTERVENTIONS - MOD TO CORRECT A TYPOGRAPHICAL ERROR,2/27/2025,,1088930,0,1088930
DEPARTMENT OF THE INTERIOR,THIS NON-SEVERABLE COMMERCIAL SERVICES REQUIREMENT IS TO HELP THE US DEPARTMENT OF AGRICULTURE (USDA) FOOD AND NUTRITION SERVICES (FNS) SURVEY SUPPLEMENTAL NUTRITION ASSISTANCE PROGRAM (SNAP) HOUSEHOLDS THAT REDEEM A SIGNIFICANT PORTION OF THEIR MONT,2/27/2025,,1062937,0,1062937
DEPARTMENT OF THE INTERIOR,ASSESSMENT OF ADMINISTRATIVE COSTS OF ELECTRONIC HEALTHY INCENTIVES PROJECTS,2/27/2025,,920698,0,920698
DEPARTMENT OF THE INTERIOR,THIS NON-SEVERABLE COMMERCIAL SERVICES REQUIREMENT IS TO HELP THE US DEPARTMENT OF AGRICULTURE (USDA) FOOD AND NUTRITION SERVICES (FNS) BETTER UNDERSTAND THE POLICIES AND PRACTICES FOLLOWED BY STATES WHEN SCREENING SUPPLEMENTAL NUTRITION ASSISTANCE P,2/27/2025,,740701,0,740701
DEPARTMENT OF THE INTERIOR,UNCONVENTIONAL ENERGY PROJECTS,2/27/2025,,681824,0,681824
DEPARTMENT OF THE INTERIOR,THIS NON-SEVERABLE SERVICES REQUIREMENT IS TO HELP THE US DEPARTMENT OF AGRICULTURE (USDA) FOOD AND NUTRITION SERVICES (FNS) BETTER UNDERSTAND HOW STATE AGENCIES SHIFTED THEIR CORE OPERATIONS IN THE AFTERMATH OF COVID-19. WHEN THE COVID-19 PANDEMIC B,2/27/2025,,675649,0,675649
DEPARTMENT OF THE INTERIOR,UNDERSTANDING STATES' SNAP CUSTOMER SERVICE STRATEGIES,2/27/2025,,644911,0,644911
DEPARTMENT OF THE INTERIOR,SUPPORT FOR ASSESSMENT OF STATE WAIVERS FOR DEMONSTRATION PROJECTS,2/27/2025,,600453,0,600453
DEPARTMENT OF THE INTERIOR,IMPROVING COORDINATION BETWEEN SUPPLEMENTAL NUTRITION ASSISTANCE PROGRAM (SNAP) AND MEDICAID IN STATE AGENCIES,2/27/2025,,538995,0,538995
DEPARTMENT OF THE INTERIOR,"US DEPARTMENT OF AGRICULTURE (USDA) FOOD AND NUTRITION SERVICES (FNS) WOMEN, INFANT AND CHILDREN (WIC) CERTIFICATION AND IMPROPER PAYMENT STUDY BLANKET PURCHASE AGREEMENT (BPA). CALL ORDER 001",2/27/2025,,514934,0,514934
DEPARTMENT OF THE INTERIOR,USDA FNS TFP SCALE FACTORS STUDY,2/27/2025,,410063,0,410063
DEPARTMENT OF THE INTERIOR,DESIGNING A PILOT TO MEASURE THE IMPACT OF RESTRICTING SNAP PURCHASES - FFP,2/27/2025,,349763,57818,291945
DEPARTMENT OF THE INTERIOR,CHILD NUTRITION ANALYSIS,2/27/2025,,320787,0,320787
DEPARTMENT OF THE INTERIOR,SFA SURVEY IV ON SUPPLY CHAIN DISRUPTION AND STUDENT PARTICIPATION,2/27/2025,,300720,0,300720
DEPARTMENT OF THE INTERIOR,WIC CX LANDSCAPE ANALYSIS BPA CALL ORDER 2,2/27/2025,,280531,0,280531
DEPARTMENT OF THE INTERIOR,USDA FNS EXECUTIVE COACHING,2/27/2025,,233935,125965,107970
DEPARTMENT OF THE INTERIOR,WY-WEED CONTROL FOR PLATTE COUNTY,2/27/2025,,175000,35000,140000
DEPARTMENT OF THE INTERIOR,OPERATIONAL AND ADMINISTRATIVE SUPPORT SERVICES SINGLE-AWARD BLANKET PURCHASE AGREEMENT FOR U.S. AGENCY FOR INTERNATIONAL DEVELOPMENT'S OFFICE OF INSPECTOR GENERAL,2/28/2025,,23500000,23500000,0
DEPARTMENT OF THE INTERIOR,THIS TASK ORDER IS TO CONDUCT AUDITS RELATED TO USAID'S FINANCIAL STATEMENTS.,2/28/2025,,9218324,5578326,3639998
DEPARTMENT OF THE INTERIOR,"ALL OTHER PROFESSIONAL, SCIENTIFIC, AND TECHNICAL SERVICES",2/28/2025,,1107351,553675,553676
DEPARTMENT OF THE INTERIOR,"EVALUATION TO CONDUCT FINANCIAL AUDITS OF 11 AWARDEES TO DETERMINE THE ALLOWABILITY, ALLOCABILITY, AND REASONABLENESS OF COSTS INCURRED BY CONDUCTING AN INCURRED COST AUDITS. THE FINANCIAL AUDITS MUST INCLUDE A SPECIFIC REVIEW OF A MAXIMUM AMOUNT OF",2/28/2025,,905004,0,905004
DEPARTMENT OF THE INTERIOR,FEDERAL INFORMATION SECURITY MODERNIZATION ACT (FISMA) AUDIT SERVICES FOR THE UNITED STATES AGENCY FOR INTERNATIONAL DEVELOPMENT OFFICE OF INSPECTOR GENERAL (USAID/OIG) MILLENNIUM CHALLENGE CORPORATION (MCC),2/28/2025,,697419,456647,240772
DEPARTMENT OF THE INTERIOR,FEDERAL INFORMATION SECURITY MODERNIZATION ACT (FISMA) AUDIT SERVICES FOR THE UNITED STATES AGENCY FOR INTERNATIONAL DEVELOPMENT OFFICE OF INSPECTOR GENERAL (USAID/OIG).,2/28/2025,,619549,451801,167748
DEPARTMENT OF THE INTERIOR,FEDERAL INFORMATION SECURITY MODERNIZATION ACT (FISMA) AUDIT SERVICES FOR THE UNITED STATES AGENCY FOR INTERNATIONAL DEVELOPMENT OFFICE OF INSPECTOR GENERAL (USAID/OIG).,2/28/2025,,386062,239631,146431
DEPARTMENT OF THE INTERIOR,"ALL OTHER PROFESSIONAL, SCIENTIFIC, AND TECHNICAL SERVICES",2/28/2025,,253740,14388,239352
DEPARTMENT OF THE INTERIOR,Federal Human Capital Collaborative Annual Membership,2/28/2025,,143750,86250,57500
DEPARTMENT OF THE INTERIOR,Assessing Climate Change Threats & Actions in NE State Wildlife Action Plans,2/28/2025,,123776,83958,39818
DEPARTMENT OF THE INTERIOR,AKIMA RESEARCHER VII,3/4/2025,,358126,63122,295004
DEPARTMENT OF THE INTERIOR,SOUTHWEST REGION AIM DATA SPECIALIST-COLORADO STATE OFFICE,3/4/2025,,219552,78295,141257
DEPARTMENT OF THE INTERIOR,Subscription to Westlaw,3/4/2025,,183516,115428,68088
DEPARTMENT OF THE INTERIOR,GLEN CANYON DAM ADAPTIVE MANAGEMENT PROGRAM - MEETING FACILITATION,3/4/2025,,170762,6000,164762
DEPARTMENT OF THE INTERIOR,GLEN CANYON DAM ADAPTIVE MANAGEMENT PROGRAM - NOTE TAKING SUPPORT,3/4/2025,,120830,4000,116830
DEPARTMENT OF THE INTERIOR,RONDE RIVER RANCH ENVIRONMENTAL COMPLIANCE SUPPORT,3/4/2025,,58884,0,58884
DEPARTMENT OF THE INTERIOR,ONRR - VYOND PROFESSIONAL SOFTWARE LICENSES,3/4/2025,,18459,6153,12306
DEPARTMENT OF THE INTERIOR,CALL ORDER 2 LONGITUDINAL STUDY OF SUPPLEMENTAL NUTRITION ASSISTANCE PROGRAM (SNAP) HOUSEHOLDS,3/4/2025,,9994859,3097509,6897350
DEPARTMENT OF THE INTERIOR,"PROVIDE FACILITATION, COLLABORATIVE PROBLEM-SOLVING SERVICES TO NATIONAL PARK SERVICE GATEWAY NATIONAL RECREATION AREA (NPS/GATE) FORT HANCOCK ADVISORY COMMITTEE",3/5/2025,,54836,12000,42836
DEPARTMENT OF THE INTERIOR,POLITICO PRO SUBSCRIPTION,3/6/2025,,211500,133000,78500
DEPARTMENT OF THE INTERIOR,"ALL OTHER PROFESSIONAL, SCIENTIFIC, AND TECHNICAL SERVICES",3/10/2025,,30567,0,30567
DEPARTMENT OF THE INTERIOR,OTHER COMPUTER RELATED SERVICES,3/10/2025,,936629,425919,510710
DEPARTMENT OF THE INTERIOR,"COMPUSEARCH VIRTUAL ACQUISITION OFFICE - ACQUISITION RESEARCH SUBSCRIPTIONMODIFICATION 7 -8 EXTENSION, COR CHANE AND ADD FAR 52.204-30 FSCSA",3/10/2025,,138901,0,138901
DEPARTMENT OF THE INTERIOR,CALL #21 FEDERAL CONSULTING GROUP (FCG) IN SUPPORT OF THE DEPARTMENT OF HOUSING AND URBAN DEVELOPMENT (HUD) OFFICE OF THE INSPECTOR GENERAL (OIG),3/10/2025,,146641,0,146641
DEPARTMENT OF THE INTERIOR,"MADISON, WI LIBRARY SERVICES",3/11/2025,,9353,0,9353
DEPARTMENT OF THE INTERIOR,HHS INFLUX CARE FACILITY IDIQ - CNMC (CHEROKEE NATION) - MINIMUM GUARANTEE,3/11/2025,,2500,0,2500
DEPARTMENT OF THE INTERIOR,"CALL #69 FEDERAL CONSULTING GROUPS (FCG) SUPPORT TO THE U.S. PATENT AND TRADEMARK OFFICE (USPTO), OFFICE OF POLICY AND INTERNATIONAL AFFAIRS (OPIA)",3/11/2025,,94500,42600,51900
DEPARTMENT OF THE INTERIOR,"CALL #77 DEPARTMENT OF THE INTERIOR (DOI), FEDERAL CONSULTING GROUP (FCG) IN THE DELIVERY OF COACHING SERVICES FOR THE BUREAU OF RECLAMATION (BOR) OFFICE OF HUMAN RESOURCES POLICY",3/11/2025,,18667,0,18667
DEPARTMENT OF THE INTERIOR,PERFORMANCE SATISFACTION SURVEY (PSS) 084 - THE DEPARTMENT OF LABOR (DOL) PENSION BENEFIT GUARANTY CORPORATION (PBGC),3/11/2025,,402331,0,402331
DEPARTMENT OF THE INTERIOR,PERFORMANCE SATISFACTION SURVEY (PSS) 072 - THE UNITED STATES SOCIAL SECURITY ADMINISTRATION (SSA),3/11/2025,,1775965,0,1775965
DEPARTMENT OF THE INTERIOR,CALL #5 BIPARTISAN INFRASTRUCTURE LAW (BIL)/INFLATION REDUCTION ACT (IRA) PROGRAM MANAGEMENT OFFICE (PMO) TO THE OFFICE OF HUMAN CAPITAL (OHC).,3/11/2025,,1942080,864000,1078080
DEPARTMENT OF THE INTERIOR,road map of options for FNS to consider in developing a plan to assess and monitor equity i,2/3/2025,,579949,0,579949
DEPARTMENT OF THE INTERIOR,Racial and Ethnic Disparities in Human Services Analysis Execution Project or RED-X 2.0,2/3/2025,,550942,0,550942
DEPARTMENT OF THE INTERIOR,USDA FNS Building equity in research.,2/3/2025,,248065,0,248065
DEPARTMENT OF THE INTERIOR,Groundwater Exploration and Assessment in the Islamic Replublic of Mauritania,2/5/2025,,4210000,4000000,210000
DEPARTMENT OF THE INTERIOR,"OBTAIN ONLINE PUBLICATION SERVICES FROM POLITICAL LLC FOR A BASE YEAR AND FOUR OPTION YEAR SUBSCRIPTIONS FOR THE DEPARTMENT OF THE INTERIOR (DOI) OFFICE OF THE SOLICITOR, WHICH WILL ACCOMMODATE APPROXIMATELY 500 USERS.",2/5/2025,,148670,124771,23899
DEPARTMENT OF THE INTERIOR,E&E ANNUAL SUBSCRIPTION,2/5/2025,,146517,122518,23999
DEPARTMENT OF THE INTERIOR,E&E PUBLISHING SUBSCRIPTION,2/5/2025,,86026,71935,14091
DEPARTMENT OF THE INTERIOR,E&E NEWS SUBSCRIPTION,2/5/2025,,60202,49307,10895
DEPARTMENT OF THE INTERIOR,IT POLITICO PRO SUBSCRIPTIONS,2/5/2025,,29865,0,29865
DEPARTMENT OF THE INTERIOR,Uncompahgre Field Office Resource Management Plan (RMP) Amendment and Environmental Impact Study (EIS),2/6/2025,,915739,58607,857132
DEPARTMENT OF THE INTERIOR,Environmental and Sustainability Program Services for OEPC Headquarters,2/6/2025,,555958,0,555958
DEPARTMENT OF THE INTERIOR,POLITICO - EMA,2/6/2025,,268088,194048,74040
DEPARTMENT OF THE INTERIOR,MINIMUM GUARANTEE FOR PROJECT MANAGEMENT OFFICE SERVICES & SUPPORT (PMOSS) CONTRACT.,2/21/2025,,10000,10000,0
DEPARTMENT OF THE INTERIOR,OTHER COMPUTER RELATED SERVICES,2/25/2025,,4727834,1646603,3081231
DEPARTMENT OF THE INTERIOR,VA-DIV INTRNTL CONSRV-DIC PRGRM EVAL CTR,2/25/2025,,1500000,1262286,237714
DEPARTMENT OF THE INTERIOR,VA-DOIC-EVALUATION SERVICES,2/25/2025,,508690,220389,288301
DEPARTMENT OF THE INTERIOR,CONSERVATION PLANNING AND LITERATURE REVIEW SUPPORT,2/25/2025,,400000,113175,286825
DEPARTMENT OF THE INTERIOR,OTHER COMPUTER RELATED SERVICES,2/25/2025,,340160,279818,60342
DEPARTMENT OF THE INTERIOR,SAN JOAQUIN RIVER WARMF MODEL IMPROVEMENTS,2/25/2025,,262497,107184,155313
DEPARTMENT OF THE INTERIOR,"MEASURING, MONITORING, AND MAXIMIZING EMPLOYEE ENGAGEMENT IN THE U. S. FISH & WILDLIFE (USFWS) NORTH ATLANTIC-APPALACHIAN REGION",2/25/2025,,203325,63306,140019
DEPARTMENT OF THE INTERIOR,VA-DIV OF INTRNTL CONSERV TURTLE WORKSHO,2/25/2025,,163131,31136,131995
DEPARTMENT OF THE INTERIOR,TRANSLATION SERVICES,2/25/2025,,132000,80000,52000
DEPARTMENT OF THE INTERIOR,AWARD OF SNAKE RIVER AREA OFFICE NOXIOUS WEED CONTROL MINIDOKA DAM AND AMERICAN FALLS DAM,2/25/2025,,128695,25739,102956
DEPARTMENT OF THE INTERIOR,LAS CRUCES DISTRICT OFFICE - FOUR RARE PLANT SPECIES MONITORING,2/25/2025,,118904,28298,90606
DEPARTMENT OF THE INTERIOR,"FIRE/BIL HAZARDOUS FUELS AND HURRICANE/HUMAN DEBRIS REMOVAL-BIG OAK CENTRAL UNIT, ANAHUAC NWR, ANAHUAC, TX",2/25/2025,,64310,16077,48233
DEPARTMENT OF THE INTERIOR,SERVICE - 43RD INTERNATIONAL SEA TURTLE SYMPOSIMS FOR FWS DIV OF INTERNATIONAL CONSERVATION.,2/25/2025,,61962,61962,0
DEPARTMENT OF THE INTERIOR,ADMINISTRATIVE MANAGEMENT AND GENERAL MANAGEMENT CONSULTING SERVICES,2/25/2025,,10000,10000,0
DEPARTMENT OF THE INTERIOR,ADMINISTRATIVE MANAGEMENT AND GENERAL MANAGEMENT CONSULTING SERVICES,2/25/2025,,10000,10000,0
DEPARTMENT OF THE INTERIOR,ADMINISTRATIVE MANAGEMENT AND GENERAL MANAGEMENT CONSULTING SERVICES,2/25/2025,,10000,10000,0
DEPARTMENT OF THE INTERIOR,ADMINISTRATIVE MANAGEMENT AND GENERAL MANAGEMENT CONSULTING SERVICES,2/25/2025,,10000,10000,0
DEPARTMENT OF THE INTERIOR,ADMINISTRATIVE MANAGEMENT AND GENERAL MANAGEMENT CONSULTING SERVICES,2/25/2025,,10000,0,10000
DEPARTMENT OF THE INTERIOR,Bay Delta Office Long Term Operation Consultation,2/26/2025,,15549235,0,15549235
DEPARTMENT OF THE INTERIOR,EIS Post - 2026 Lower Colorado River Reservoir Operational Strategies for Lake Powell and Lake Mead,2/26/2025,,11964959,2242052,9722907
DEPARTMENT OF THE INTERIOR,Thornscrub restoration services,2/26/2025,,10000000,0,10000000
DEPARTMENT OF THE INTERIOR,Architect & Engineering Svs for Bay Delta Office Scour Hole,2/26/2025,,5589661,1366568,4223093
DEPARTMENT OF THE INTERIOR,Feasability Report and EIS - VRSMP,2/26/2025,,4289460,1000000,3289460
DEPARTMENT OF THE INTERIOR,Environmental Review and Permitting Support for OTS,2/26/2025,,4145119,3354971,790148
DEPARTMENT OF THE INTERIOR,Environmental Consulting Svs - North to South water transfer EIS/EIR and BA,2/26/2025,,3895695,0,3895695
DEPARTMENT OF THE INTERIOR,"Facilitation of BOR and interested parties of the Central Valley Project, formal public engagement",2/26/2025,,3555935,0,3555935
DEPARTMENT OF THE INTERIOR,Bay Delta Office cross channel gates,2/26/2025,,3295998,0,3295998
DEPARTMENT OF THE INTERIOR,NEPA/ESA Technical Support for Klamath Basin Area Office's Reinitiation of Consultation,2/26/2025,,3228874,0,3228874
DEPARTMENT OF THE INTERIOR,EVSE ASSESSMENTS PHASE 2,2/26/2025,,2975598,0,2975598
DEPARTMENT OF THE INTERIOR,Oil/Gas Lease Support as required by Congressional law/mandate,2/26/2025,,2971869,1827625,1144244
DEPARTMENT OF THE INTERIOR,"Supplemental Environmental Impact Statement (SEIS) for the Proposed Ambler Mining District Industrial Access Road, Fairbanks, Alaska to consider the effects of Federal authorizations to issue a Right of Way (ROW) grant to construct and operate a 200+mile long industrial access road in the southern Brooks Range foothills of Alaska, terminating at the Ambler Mining District.",2/26/2025,,2168967,0,2168967
DEPARTMENT OF THE INTERIOR,Task 2.5.3 Environmental Assessment – Drafting an Environmental Assessment; document must be consistent with the Reclamation NEPA handbook and procedures; a category to be analyzed is: Environmental Justice,2/26/2025,,1285967,0,1285967
DEPARTMENT OF THE INTERIOR,Pasco Groundwater Programmatic Environmental Impact Statement,2/26/2025,,1153112,1002112,151000
DEPARTMENT OF THE INTERIOR,"CA - Complete the Analysis of the Management Situation (AMS) and all relevant inventories, monitoring, modeling, and reports",2/26/2025,,994086,0,994086
DEPARTMENT OF THE INTERIOR,NV-wide preparation of a comprehensive Preliminary Analysis of the Management Situation (AMS),2/26/2025,,958089,0,958089
DEPARTMENT OF THE INTERIOR,"CA - Tasks and work necessary to facilitate and document public involvement in the planning process in compliance with NEPA and FLPMA, and to draft and finalize all parts of NEPA and supporting documents for MTNM.",2/26/2025,,904602,0,904602
DEPARTMENT OF THE INTERIOR,"Task 2.4 NRCS Specific Needs (NRCS DM 9500-013) – A section that explains and promotes NRCS’s PR&G Six Guiding Principles, one of which is Environmental Justice",2/26/2025,,902452,0,902452
DEPARTMENT OF THE INTERIOR,Consulting support for inter agency pass modernization,2/26/2025,,895050,340946,554104
DEPARTMENT OF THE INTERIOR,American Falls Resource Management Plan Update,2/26/2025,,879248,0,879248
DEPARTMENT OF THE INTERIOR,Evaluating Effectiveness of Nature Inclusive Design Materials,2/26/2025,,838491,218645,619846
DEPARTMENT OF THE INTERIOR,"Task 2.4 NRCS Specific Needs (NRCS DM 9500-013) – A section that explains and promotes NRCS’s PR&G Six Guiding Principles, one of which is Environmental Justice",2/26/2025,,798291,0,798291
DEPARTMENT OF THE INTERIOR,Assistance with the development and completion of resource survey reports (Section 3) and the preparation of a resource-based environmental assessment (EA) analyzing the realignment of Sand Canyon Road (Section 4). Task 3 Includes: Resource Survey Reports include Socioeconomic and Environmental justice analyses and baseline reports; Task 4 Includes: Assist with Environmental Justice (EJ) Outreach Plan if warranted by the EJ specialist. *Baseline studies were funded. EA is option item to be funded after baselines are completed.,2/26/2025,,591531,295822,295709
DEPARTMENT OF THE INTERIOR,Trinity River Fish Hatchery Modernization Svs,2/26/2025,,566304,0,566304
DEPARTMENT OF THE INTERIOR,USGS Workforce Analysis of Hydrologic Technician GS-1316 Job Series Task Order on PMIECS IDIQ,2/26/2025,,559599,0,559599
DEPARTMENT OF THE INTERIOR,BOEM develop Programmatic Environmental Impact Statements for Construction Operations Plans,2/26/2025,,521940,0,521940
DEPARTMENT OF THE INTERIOR,Custom Cultural Responsiveness Training,2/26/2025,,378160,87875,290285
DEPARTMENT OF THE INTERIOR,AZ - San Pedro Restoration EA,2/26/2025,,369235,0,369235
DEPARTMENT OF THE INTERIOR,"BOEM to receive contractor support in developing an EJ Engagement Plan, planning engagement session, in-person and virtual session facilitation and promoting collaborative problem solving",2/26/2025,,335172,0,335172
DEPARTMENT OF THE INTERIOR,"Public Involvement Planning, Outreach, and Facilitation Services for Carbon Sequestration Activities in the Gulf of Mexico Region",2/26/2025,,334750,300776,33974
DEPARTMENT OF THE INTERIOR,PFMD ENERGY & SUSTAINABILITY MANAGEMENT,2/26/2025,,327877,0,327877
DEPARTMENT OF THE INTERIOR,NEPA document for Flexibility in Grazing Permits to accomplish objectives in Lahontan Cutthroat Trout (LCT) habitat,2/26/2025,,296709,0,296709
DEPARTMENT OF THE INTERIOR,The goal of this training program is to prepare staff for supervision and leadership positions before they have been promoted.,2/26/2025,,266548,103181,163367
DEPARTMENT OF THE INTERIOR,NEPA & Technical Reports for Virginia Range Fence Line.,2/26/2025,,248758,0,248758
DEPARTMENT OF THE INTERIOR,"The Contractor shall assist NCTC with a completed training needs assessment for Leadership and Employee Development, including identifying and assessing Diversity, Equity, Inclusion, And Accessibility (DEIA) skills and skill gaps, in support of the Service Values.",2/26/2025,,248001,0,248001
DEPARTMENT OF THE INTERIOR,NOC - NEPA Services – Preparation of a Land Health Assessment (LHE) and National Environmental Policy Act (NEPA) documents.,2/26/2025,,229947,0,229947
DEPARTMENT OF THE INTERIOR,Understanding Potential Health Impacts of Outer Continental Shelf (OCS) Energy Activities on Environmental Justice (EJ) Populations,2/26/2025,,224840,0,224840
DEPARTMENT OF THE INTERIOR,"Manage the National Environmental Policy Act (NEPA) requirements of designing an Environmental Analysis (EA) to assess the effects of allowing a reasonable mode of access for recreating public, firefighter, and private landowners above the ACEC who have limited to no current access alternatives and determine if the direct and indirect environmental effects associated with the provision of such access are significant.",2/26/2025,,220630,0,220630
DEPARTMENT OF THE INTERIOR,"CA - Conduct a geothermal lease sale (Lease Sale) in Imperial County, California",2/26/2025,,209457,0,209457
DEPARTMENT OF THE INTERIOR,NOC - NEPA Services – Preparation of a Programmatic Environmental Assessment for the Emergency Stabilization and Rehabilitation Program,2/26/2025,,189815,22974,166841
DEPARTMENT OF THE INTERIOR,AZ - Vegetation EA for Phoenix District,2/26/2025,,159570,0,159570
DEPARTMENT OF THE INTERIOR,SUSTAINABLE BUILDINGS STRATEGY,2/26/2025,,120492,120492,0
DEPARTMENT OF THE INTERIOR,"Newtown Creek Natural Resource Damage Assessment Technical, Strategic and Case Management Support",2/26/2025,,113728,0,113728
DEPARTMENT OF THE INTERIOR,NEPA Revocation of Buttes and Charleston,2/26/2025,,110313,0,110313
DEPARTMENT OF THE INTERIOR,Education/Training/Lectures,2/26/2025,,100756,0,100756
DEPARTMENT OF THE INTERIOR,Increasing DEIA and Justice in the US Ocean Studies Community,2/26/2025,,100000,0,100000
DEPARTMENT OF THE INTERIOR,"Gowanus Canal Natural Resource Damage Assessment Technical, Strategic and Case Management Support",2/26/2025,,93830,0,93830
DEPARTMENT OF THE INTERIOR,"Provide strategies for interpretation that promote diversity, inclusivity, accessibility, and engagement with underserved audiences",2/26/2025,,88833,0,88833
DEPARTMENT OF THE INTERIOR,AZ - EA for the ASDO Fire and Fuels Program,2/26/2025,,84459,0,84459
DEPARTMENT OF THE INTERIOR,"Develop a SharePoint based data structure; develop tools that utilize a Power BI type dashboard; manage and analyze data and prepare reports; write user instructions, SOPs, and provide training as described in Attachments 1 and 2. The key metrics we are looking to report on are improved access to clean, air, water and outdoor recreation.",2/26/2025,,73808,0,73808
DEPARTMENT OF THE INTERIOR,Wed and PDF Accessibility Scanning,2/26/2025,,70844,28338,42506
DEPARTMENT OF THE INTERIOR,Decision File and Administrative Record Preparation Support Service,2/26/2025,,65594,0,65594
DEPARTMENT OF THE INTERIOR,"CO - conducting an initial inventory and assessment (Service Area 3) for a part of the Continental Divide Trail (CDT) being managed by the Bureau of Land Management (BLM) in the Gunnison Field Office, Colorado",2/26/2025,,60023,0,60023
DEPARTMENT OF THE INTERIOR,to provide BLM CBDO Contract facilitation support to work with the new management team to become more cognizant of strengths and weaknesses.,2/26/2025,,44403,0,44403
DEPARTMENT OF THE INTERIOR,"NPS GWMP Arlington House Descendant Families, GWMP Staff and parks institution partners - partnering with non profit partners",2/26/2025,,37827,0,37827
DEPARTMENT OF THE INTERIOR,"NPS Pacific Wsst Regional Office, Agents of Change Program facilitation",2/26/2025,,14575,0,14575
DEPARTMENT OF THE INTERIOR,"THE PURPOSE OF THIS TASK ORDER IS TO SATISFY THE GUARANTEED MINIMUM OF $10,000.00.",2/26/2025,,10000,10000,0
DEPARTMENT OF THE INTERIOR,DIRECTED OUTFLOW PROJECT: ENVIRONMENTAL EFFECTS,2/27/2025,,4523886,2032169,2491717
DEPARTMENT OF THE INTERIOR,THE CONTRACTOR SHALL PROVIDE ALL LABOR AND EQUIPMENT TO DOCUMENT ZOOPLANKTON AND FISH COMMUNITIES IN LITTORAL AND PELAGIC HABITATS DURING THE DAY AND AT NIGHT IN THE SACRAMENTO DEEP WATER SHIP CHANNEL (SDSC).,2/27/2025,,1639419,0,1639419
DEPARTMENT OF THE INTERIOR,Zero Trust Training and Consulting,2/27/2025,,1389771,656438,733333
DEPARTMENT OF THE INTERIOR,STRUCTURED DECISION MAKING,2/27/2025,,1250000,500000,750000
DEPARTMENT OF THE INTERIOR,AT-23-X09 HYDRODYNAMIC MODELING,2/27/2025,,478489,43347,435142
DEPARTMENT OF THE INTERIOR,IDENTIFICATION AND TREATMENT OF NOXIOUS AND INVASIVE WEED SPECIES ON RECLAMATION UNDEVELOPED LANDS WITHIN THE UPPER SNAKE FIELD OFFICE.,2/27/2025,,438500,0,438500
DEPARTMENT OF THE INTERIOR,ADD FUNDS TO WEEDS BPA L2520A0009,2/27/2025,,110000,0,110000
DEPARTMENT OF THE INTERIOR,IRA - SOUTH HILLS NOXIOUS WEED INVENTORY,2/27/2025,,70080,0,70080
DEPARTMENT OF THE INTERIOR,LCSP PROG RVW & NEEDS ASMNT,2/27/2025,,67500,0,67500
DEPARTMENT OF THE INTERIOR,TCRGP RESEARCH - NMCC,2/27/2025,,45000,0,45000
DEPARTMENT OF THE INTERIOR,ADD FUNDS TO WEEDS BPA L2520A0007,2/27/2025,,45000,0,45000
DEPARTMENT OF THE INTERIOR,ADD FUNDS TO WEED BPA L2520A0008,2/27/2025,,45000,0,45000
DEPARTMENT OF THE INTERIOR,SAGE-GROUSE DATA ACQUISITION,2/27/2025,,40000,0,40000
DEPARTMENT OF THE INTERIOR,BDO BLM BPA WEED CONTROL SHUSTER FY24,2/27/2025,,34000,0,34000
DEPARTMENT OF THE INTERIOR,"The Bureau of Land Management (BLM), Wyoming State Office (WYSO), Cheyenne, WY is in need of shredding services for sensitive documents. The Contractor shall furnish all labor, tools, materials, equipment, transportation, and supervision to manage and perform all operations for the collection, on-site shred, and recycle of scrap paper generated at the Wyoming State Office.",2/27/2025,,32788,7128,25660
DEPARTMENT OF THE INTERIOR,BDO BLM BPA WEED CONTROL BUNKER FY24,2/27/2025,,25000,0,25000
DEPARTMENT OF THE INTERIOR,2024 TFD WEEDS BPA SCOTT UHRIG,2/27/2025,,19780,0,19780
DEPARTMENT OF THE INTERIOR,2024 TFD WEEDS BPA JACOB ZOLLINGER,2/27/2025,,18993,0,18993
DEPARTMENT OF THE INTERIOR,2024 TFD WEEDS BPA VEGETATION MANAGEMENT,2/27/2025,,18765,0,18765
DEPARTMENT OF THE INTERIOR,US Agency for International Development (USAID) Office of the Inspector General (OIG) IT Help Desk Support,2/28/2025,,11556897,10745731,811166
DEPARTMENT OF THE INTERIOR,LARVAL FISH MONITORING,2/28/2025,,6637360,3600000,3037360
DEPARTMENT OF THE INTERIOR,"ALL OTHER PROFESSIONAL, SCIENTIFIC, AND TECHNICAL SERVICES",2/28/2025,,601591,37600,563991
DEPARTMENT OF THE INTERIOR,BIODIVERSITY/CCA MEETING FEB 2025,2/28/2025,,334138,167069,167069
DEPARTMENT OF THE INTERIOR,INTERNAL CONTROLS & RISK MANAGEMENT PROGRAM SUPPORT SERVICES FOR THE OFFICE OF GRANTS MANAGEMENT (PGM),2/28/2025,,247070,49920,197150
DEPARTMENT OF THE INTERIOR,"ALL OTHER PROFESSIONAL, SCIENTIFIC, AND TECHNICAL SERVICES",2/28/2025,,211677,26587,185090
DEPARTMENT OF THE INTERIOR,MN-DONRCP-MCCOLPIN PRIAT PROJECT COORDINATOR,2/28/2025,,155998,102544,53454
DEPARTMENT OF THE INTERIOR,"ALL OTHER PROFESSIONAL, SCIENTIFIC, AND TECHNICAL SERVICES",2/28/2025,,129280,45271,84009
DEPARTMENT OF THE INTERIOR,NM ESFO CONSERVATION PLANNING SPECIALIST BASE YEAR PLUS FOUR OPTION YEARS,2/28/2025,,118000,64000,54000
DEPARTMENT OF THE INTERIOR,MARKETING RESEARCH AND PUBLIC OPINION POLLING,2/28/2025,,97872,32673,65199
DEPARTMENT OF THE INTERIOR,EEA QUALITATIVE DATA CAPTURE & ANALYSIS,2/28/2025,,46000,0,46000
DEPARTMENT OF THE INTERIOR,MT- GOOSE BAY MOSQUITO CONTROL,2/28/2025,,34296,7073,27223
DEPARTMENT OF THE INTERIOR,HAZMAT RESPONSE SERVICES IDIQ VENDOR 1,2/28/2025,,5000,5000,0
DEPARTMENT OF THE INTERIOR,HAZMAT RESPONSE SERVICES IDIQ VENDOR 2,2/28/2025,,5000,5000,0
DEPARTMENT OF THE INTERIOR,HAZMAT RESPONSE SERVICES IDIQ VENDOR 3,2/28/2025,,5000,5000,0
DEPARTMENT OF THE INTERIOR,"PROFESSIONAL SUPPORT FOR THE OCFO (FSD, AO)",3/4/2025,,5160714,3328223,1832491
DEPARTMENT OF THE INTERIOR,LOWER SNAKE RIVER WATER SUPPLY STUDY,3/4/2025,,3979288,0,3979288
DEPARTMENT OF THE INTERIOR,ELECTRIFICATION GRANT SUPPORT FOR OIED(BSS IDIQ TO),3/4/2025,,3221920,2191840,1030080
DEPARTMENT OF THE INTERIOR,North Dakota Resource Management Plan & Environmental Impact Statement,3/4/2025,,2501551,0,2501551
DEPARTMENT OF THE INTERIOR,PROFESSIONAL SUPPORT FOR THE OCFO (FRA),3/4/2025,,2408975,1545624,863351
DEPARTMENT OF THE INTERIOR,ENTERPRISE DATA GOVERNANCE FOR BIA AGAINST BUSINESS SUPPORT SERVICES (BSS) IDIQ,3/4/2025,,1524217,927864,596353
DEPARTMENT OF THE INTERIOR,KACHESS DROUGHT RELIEF PUMPING PLANT (KDRPP) PROJECT ENVIRONMENTAL IMPACT STATEMENT (EIS) TASK ORDER,3/4/2025,,1184336,9331,1175005
DEPARTMENT OF THE INTERIOR,PROVIDE THE OFFICE OF ACQUISITION AND PROPERTY MANAGEMENT (PAM OFFICE) WITH PROGRAM MANAGEMENT SUPPORT FOR ACQUISITION AND ASSET PROJECTS AND TO CONTINUE TO PROVIDE SUPPORT OF THE ACQUISITION 2020 PROJECT.,3/4/2025,,1018805,197509,821296
DEPARTMENT OF THE INTERIOR,OIED OUTREACH AND WEBSITE SPECIALISTBUSINESS SUPPORT SERVICES (BSS) TASK ORDER,3/4/2025,,495436,303638,191798
DEPARTMENT OF THE INTERIOR,HABITAT PROJECT DATABASE SUPPORT,3/4/2025,,493288,0,493288
DEPARTMENT OF THE INTERIOR,IT FY24IMT WORKFORCE PLAN IMPLEMENTATION,3/4/2025,,411998,0,411998
DEPARTMENT OF THE INTERIOR,IRA_SPLRP CULT INV-HIDDEN HILLS WEST,3/4/2025,,376121,0,376121
DEPARTMENT OF THE INTERIOR,"INVASIVE AND NOXIOUS VEGETATION CONTROL IPM, COLUMBIA-CASCADES AREA BEND FIELD OFFICE (BFO)",3/4/2025,,315856,198681,117175
DEPARTMENT OF THE INTERIOR,AK MRNE MAMMALS MGMT DATA MODELER,3/4/2025,,267796,131376,136420
DEPARTMENT OF THE INTERIOR,NORTHERN CALIFORNIA AREA OFFICE SCIENTIFIC NOTE TAKING SERVICE,3/4/2025,,258454,224668,33786
DEPARTMENT OF THE INTERIOR,"AWARD OF SNAKE RIVER AREA OFFICE NOXIOUS WEED CONTROL FOR PALISADES DAM AND RIRIE DAM, BONNEVILLE COUNTY, IDAHO",3/4/2025,,249962,0,249962
DEPARTMENT OF THE INTERIOR,Clear Investigative Software Licenses,3/4/2025,,224281,93709,130572
DEPARTMENT OF THE INTERIOR,Subscription to Westlaw,3/4/2025,,212247,45004,167243
DEPARTMENT OF THE INTERIOR,UPPER COLORADO BASIN REGION (UCBR) STRATEGIC PLAN,3/4/2025,,186690,22000,164690
DEPARTMENT OF THE INTERIOR,Veterinary services for Mexican wolf program,3/4/2025,,162500,12423,150077
DEPARTMENT OF THE INTERIOR,ISPT DEVELOPMENT,3/4/2025,,154782,0,154782
DEPARTMENT OF THE INTERIOR,Clear Services for Government,3/4/2025,,139166,0,139166
DEPARTMENT OF THE INTERIOR,GAS HILLS PALEONTOLOGY SURVEY: LANDER FIELD OFFICE,3/4/2025,,102258,102258,0
DEPARTMENT OF THE INTERIOR,LAKE CASCADE WEED CONTROL,3/4/2025,,101025,0,101025
DEPARTMENT OF THE INTERIOR,HH SOUTH FORK RIVER MONITORING,3/4/2025,,99708,0,99708
DEPARTMENT OF THE INTERIOR,NURSING SERVICES FOR CPN REGIONAL OFFICE,3/4/2025,,77475,0,77475
DEPARTMENT OF THE INTERIOR,RG EBHD MARKET ANALYSIS,3/4/2025,,74246,2457,71789
DEPARTMENT OF THE INTERIOR,WCAO FLOW MONITORING 2024-2029,3/4/2025,,47000,1880,45120
DEPARTMENT OF THE INTERIOR,PHYTOPLANKTON AND ZOOPLANKTON IDENTIFICATION AND ENUMERATION,3/4/2025,,42117,523,41594
DEPARTMENT OF THE INTERIOR,GRAPHIC DESIGN SERVICES ON BEHALF OF THE NATIONAL INVASIVE SPECIES COUNCIL (NISC).,3/4/2025,,27709,0,27709
DEPARTMENT OF THE INTERIOR,CVOO STRATEGIC PLAN TRAINING,3/4/2025,,26550,0,26550
DEPARTMENT OF THE INTERIOR,MULTICOLLECTOR INDUCTIVELY COUPLED PLASMA MASS SPECTROMETRY,3/4/2025,,24279,10719,13560
DEPARTMENT OF THE INTERIOR,LABORATORY ANALYSIS OF STABLE WATER ISOTOPES,3/4/2025,,8640,1242,7398
DEPARTMENT OF THE INTERIOR,LONGITUDINAL STUDY OF SUPPLEMENTAL NUTRITION ASSISTANCE PROGRAM (SNAP) HOUSEHOLDS,3/4/2025,,49556699,0,49556699
DEPARTMENT OF THE INTERIOR,OCLC SUBSCRIPTION,3/5/2025,,182492,0,182492
DEPARTMENT OF THE INTERIOR,AP777 MALHEUR COUNTY LAW ENFORCEMENT,3/5/2025,,293257,242925,50332
DEPARTMENT OF THE INTERIOR,MONTOUR WILDLIFE MANAGEMENT AREA WEED TREATMENT SERVICES,3/5/2025,,99500,88425,11075
DEPARTMENT OF THE INTERIOR,Meeting Management and Facilitation Services for the Advisory Council for Climate Adaptation Science,3/5/2025,,1727093,1266534,460559
DEPARTMENT OF THE INTERIOR,VIRTUAL VISITOR SURVEY,3/5/2025,,289865,0,289865
DEPARTMENT OF THE INTERIOR,PHASE I CATO ARCH SURVEY OF 17 ACRES,3/5/2025,,150614,0,150614
DEPARTMENT OF THE INTERIOR,PFMD FY24 SOLID WASTE MANAGEMENT SUPPORT,3/5/2025,,279973,0,279973
DEPARTMENT OF THE INTERIOR,NR-ARD-147-CRITICAL LOADS/CLIMATE CHANGE,3/5/2025,,135000,0,135000
DEPARTMENT OF THE INTERIOR,FRST - CONDUCT ENDANGERED SPECIES SURVEY,3/5/2025,,24750,0,24750
DEPARTMENT OF THE INTERIOR,NR-EQD-443 - NPS EDUCATORS STUDY,3/5/2025,,229158,0,229158
DEPARTMENT OF THE INTERIOR,TITLE III SERVICES FOR REHAB OF ARCHIVES SPACES AT DBRC BUILDING,3/5/2025,,32161,0,32161
DEPARTMENT OF THE INTERIOR,HOFR- ROSE GARDEN ARCHEOLOGY,3/5/2025,,95443,0,95443
DEPARTMENT OF THE INTERIOR,SERVICES TO COMPLETE AN AFRICAN AMERICAN HISTORY STUDY AT THE TEXAS AND PACIFIC RAILWAY DEPOT,3/5/2025,,121219,0,121219
DEPARTMENT OF THE INTERIOR,"SERVICE TO, 1) CONTINUING RESEARCH ON ARCHEOLOGICAL COLLECTIONS ON LOAN TO UGA; 2) DOCUMENTING ARCHEOLOGICAL COLLECTIONS BY CATALOGING ARCHEOLOGICAL OBJECTS MANAGED AT UGA, AND 3) ENGAGING STUDENTS AND PROVIDED HANDS-ON MUSEUM COLLECTIONS EXPERIENCE",3/5/2025,,60000,0,60000
DEPARTMENT OF THE INTERIOR,AKRO/ 333893-MUSEUM STORAGE FACILITY CLIMATE CHANGE VULNERABILITY ASSESSMENT,3/5/2025,,324444,0,324444
DEPARTMENT OF THE INTERIOR,HISTORIC RESOURCE STUDY (HRS) CUIS,3/5/2025,,282733,55723,227010
DEPARTMENT OF THE INTERIOR,ESPM SUPPORT,3/5/2025,,47686,0,47686
DEPARTMENT OF THE INTERIOR,NR-NRSS-182 NAWPA FACILITATION FY25,3/5/2025,,17000,0,17000
DEPARTMENT OF THE INTERIOR,"SERVICE, ADMINISTRATIVE HISTORY, MORU",3/5/2025,,120343,0,120343
DEPARTMENT OF THE INTERIOR,"SERVICE, RECREATION CONTENT, LECL",3/5/2025,,84715,0,84715
DEPARTMENT OF THE INTERIOR,"SERVICE, HISTORIC RESOURCE STUDY, INDU",3/5/2025,,146408,0,146408
DEPARTMENT OF THE INTERIOR,"SERVICE, ORAL HISTORY, WICA",3/5/2025,,35158,0,35158
DEPARTMENT OF THE INTERIOR,FOSM VISITOR SAFETY MOVEMENT STUDY,3/5/2025,,87515,0,87515
DEPARTMENT OF THE INTERIOR,NPS FEVS RESULTS ANALYSIS & ENGAGEMENT,3/6/2025,,473245,109362,363883
DEPARTMENT OF THE INTERIOR,ADMINISTRATIVE HISTORY UPDATE FOR GETT,3/6/2025,,84254,0,84254
DEPARTMENT OF THE INTERIOR,NTIR-PHOTO REVIEW AND METADATA CREATION,3/6/2025,,79864,0,79864
DEPARTMENT OF THE INTERIOR,CACO-HERRING RIVER SEDIMENT MANAGEMENT P,3/6/2025,,154900,0,154900
DEPARTMENT OF THE INTERIOR,KAWW- ARCHEOLOGICAL INVENTORY AT KAWW,3/6/2025,,277444,0,277444
DEPARTMENT OF THE INTERIOR,MAVA DRAFT ARCHEOLOGICAL MANAGEMENT PLAN (AMP),3/6/2025,,114101,0,114101
DEPARTMENT OF THE INTERIOR,SAMA ADMINISTRATIVE HISTORY UPDATE,3/6/2025,,79755,0,79755
DEPARTMENT OF THE INTERIOR,NCA NER REGION 1 CHESAPEAKE BAY STORMWATER BMPS,3/6/2025,,249941,0,249941
DEPARTMENT OF THE INTERIOR,BEOL CONCEPT STUDY A/E,3/6/2025,,220471,0,220471
DEPARTMENT OF THE INTERIOR,SACR- SAINT CROIX ISLAND INTERNATIONAL HISTORIC SITE ETHNOGRAPHIC OVERVIEW AND ASSESSMENT,3/6/2025,,121800,0,121800
DEPARTMENT OF THE INTERIOR,CHBA: STEWARDSHIP PORTAL TRAINING,3/6/2025,,25000,0,25000
DEPARTMENT OF THE INTERIOR,CFP AND RESILIENCY SUPPORT,3/6/2025,,139724,0,139724
DEPARTMENT OF THE INTERIOR,NATIONAL HISTORIC LANDMARK NOMINATION BARNEY L. FORD HOUSE FOR INTERMOUNTAIN REGION DENVER,3/6/2025,,15850,0,15850
DEPARTMENT OF THE INTERIOR,NTIR -RED INC ADMINSTRATIVE ASSISTANCE,3/6/2025,,144560,115648,28912
DEPARTMENT OF THE INTERIOR,IMR ENERGY AND WATER AUDIT,3/6/2025,,55904,11500,44404
DEPARTMENT OF THE INTERIOR,"SERVICE, SPECIAL HISTORY STUDY, BRVB",3/6/2025,,92708,0,92708
DEPARTMENT OF THE INTERIOR,"SERVICE, ADMINISTRATIVE HISTORY, FOLS",3/6/2025,,104920,0,104920
DEPARTMENT OF THE INTERIOR,"SERVICE, ADMINISTRATIVE HISTORY, WICR",3/6/2025,,106616,0,106616
DEPARTMENT OF THE INTERIOR,"SERVICE, ADMINISTRATIVE HISTORY, HEHO",3/6/2025,,113460,0,113460
DEPARTMENT OF THE INTERIOR,"SERVICE, ADMINISTRATIVE HISTORY, KEWE",3/6/2025,,166868,0,166868
DEPARTMENT OF THE INTERIOR,"SERVICE, ARCHEOLOGICAL OVERVIEW AND ASSESSMENT, HOCU",3/6/2025,,119681,0,119681
DEPARTMENT OF THE INTERIOR,"SERVICE, SACAGAWEA RESEARCH & INTERPRETIVE GUIDE, LECL",3/6/2025,,95300,0,95300
DEPARTMENT OF THE INTERIOR,"SERVICE ARCHEOLOGICAL OVERVIEW AND ASSESSMENT, BRVB",3/6/2025,,84877,0,84877
DEPARTMENT OF THE INTERIOR,SPECIAL RECREATION PERMIT AUDIT,3/6/2025,,17572,26358,-8786
DEPARTMENT OF THE INTERIOR,Dell EMC Isilon Maintenance and Support,3/6/2025,,62266,0,62266
DEPARTMENT OF THE INTERIOR,VAO Online Library Subscription,3/6/2025,,1190840,922403,268437
DEPARTMENT OF THE INTERIOR,Apex Cloud Backup Services,3/6/2025,,719007,0,719007
DEPARTMENT OF THE INTERIOR,"BLM, Colorado State Office, Environmental Justice community facilitations",3/10/2025,,118748,118748,0
DEPARTMENT OF THE INTERIOR,"ARCGIS VELOCITY IMPLEMENTATION SUPPORT, DASHBOARD CREATION SUPPORT, AND POWER AUTOMATE AND ARCGIS TECHNICAL ENABLEMENT FOR OEM",3/10/2025,,31025,0,31025
DEPARTMENT OF THE INTERIOR,140G0321D0002/140G0324F0165 TASK ORDER 65.4 (95) - WMA SHAREPOINT,3/10/2025,,225931,115707,110224
DEPARTMENT OF THE INTERIOR,COPIER LEASE FOR CGB250,3/10/2025,,12439,2487,9952
DEPARTMENT OF THE INTERIOR,"SERVICE, FY24 MUSEUM COLLECTION EMERGENCY OPERATIONS PLAN FOCUSING ON CLIMATE CHANGE, MWRO",3/11/2025,,154500,0,154500
DEPARTMENT OF THE INTERIOR,National Environmental Policy Act (NEPA) Support Services for Atlantic Renewable Energy Services,3/11/2025,,310876,0,310876
DEPARTMENT OF THE INTERIOR,CGB 3700 PRINTER CONTACT BASE + 4,3/11/2025,,18757,15006,3751
DEPARTMENT OF THE INTERIOR,CVOO 2 COPIERS BASE+4 LEASE/MAINTENANCE,3/11/2025,,20768,16614,4154
DEPARTMENT OF THE INTERIOR,VERIZON SERVICE FOR PSFR - CRAB CREEK,3/11/2025,,30000,25000,5000
DEPARTMENT OF THE INTERIOR,KEEPER LICENSES,3/11/2025,,126581,102746,23835
DEPARTMENT OF THE INTERIOR,IT POWERAPPS BUSINESS SUBJECT MATTER SPE,3/11/2025,,228009,0,228009
DEPARTMENT OF THE INTERIOR,IT SCRM PROGRAM SUPPORT,3/11/2025,,472521,0,472521
DEPARTMENT OF THE INTERIOR,IT OT TECHNICAL SUPPORT SERVICES,3/11/2025,,734834,0,734834
DEPARTMENT OF THE INTERIOR,"IT ANNUAL RENEWAL OF WEBEX LICENSING""",3/11/2025,,47465,0,47465
DEPARTMENT OF THE INTERIOR,IT RISE APPLICATION DEVELOPER 3,3/11/2025,,175065,0,175065
DEPARTMENT OF THE INTERIOR,IT ACTS/LENS APPLICATIONS DEVELOPER 3,3/11/2025,,87382,0,87382
DEPARTMENT OF THE INTERIOR,IT SPLUNK PROFESSIONAL SERVICES 2024,3/11/2025,,32209,0,32209
DEPARTMENT OF THE INTERIOR,CPN SAFETY DATABASE SUPPORT TO# 70,3/11/2025,,132288,0,132288
DEPARTMENT OF THE INTERIOR,FIRE AND RESOURCE ANALYST,3/11/2025,,834294,677083,157211
ENVIRONMENTAL PROTECTION AGENCY,DEIA Training,1/24/2025,,15000000,15000000,0
ENVIRONMENTAL PROTECTION AGENCY,DEIA Training,1/24/2025,,15000000,15000000,0
ENVIRONMENTAL PROTECTION AGENCY,DEIA Training,1/24/2025,,15000000,15000000,0
ENVIRONMENTAL PROTECTION AGENCY,"TO PURCHASE A TWO YEAR SUBSCRIPTION WITH GARTNER HR LEADERS TO OBTAIN RESEARCH AND ADVISORY SERVICES COVERING EMPLOYEE EXPERIENCE, DIVERSITY, EQUITY, INCLUSION AND ACCESSIBILITY, AND WORK LIFE INTEGRATION.",2/7/2025,,95922,0,95922
ENVIRONMENTAL PROTECTION AGENCY,"E&E NEWS 12 MONTH BASE PERIOD AND 12 MONTH OPTION PERIOD SUBSCRIPTION ACCESS FOR FIVE SCIENTIFIC AND POLICY PUBLICATIONS: ENERGYWIRE, CLIMATEWIRE, GREENWIRE, E&E DAILY, AND E&E NEWSPM.",2/10/2025,,545710,0,545710
ENVIRONMENTAL PROTECTION AGENCY,"20, One-Year E&E Publishing LLC (dba Politico LLC) Subscriptions for 5 Publications",2/13/2025,,328561,0,328561
ENVIRONMENTAL PROTECTION AGENCY,To procure a 1-year online subscription to (E&E News) 15 seats,2/13/2025,,25800,0,25800
ENVIRONMENTAL PROTECTION AGENCY,THIS CALL ORDER IS TO AWARD A CONTRACT FOR ENVIRONMENTAL JUSTICE AND CIVIL RIGHTS PROGRAMMING AND LEARNING.,2/18/2025,,6895921,6145921,750000
ENVIRONMENTAL PROTECTION AGENCY,WIFIA LEGAL ADVISORY SUPPORT SERVICES,2/18/2025,,1382235,1027101,355134
ENVIRONMENTAL PROTECTION AGENCY,LEGAL ADVISORY SUPPORT SERVICES FOR WIFIA TRANSACTIONS: FY2019 SECOND LIEN SYSTEM CREDITS MULTI-AWARD,2/18/2025,,1040200,601300,438900
ENVIRONMENTAL PROTECTION AGENCY,WIFIA LEGAL ADVISORY SUPPORT SERVICES,2/18/2025,,885900,680904,204996
ENVIRONMENTAL PROTECTION AGENCY,WIFIA LEGAL ADVISORY SUPPORT SERVICES: FY22 EPCOR LAKE OSWEGO,2/18/2025,,578160,243363,334797
ENVIRONMENTAL PROTECTION AGENCY,"CONTRACTOR SUPPORT FOR OFFICE OF ENVIRONMENTAL JUSTICE AND EXTERNAL CIVIL RIGHTS, OFFICE OF POLICY, PARTNERSHIPS AND PROGRAM DEVELOPMENT, PARTNERSHIPS AND COLLABORATION DIVISION.",2/18/2025,,257672,0,257672
ENVIRONMENTAL PROTECTION AGENCY,"BPAS 68HERH22A0018 THROUGH 68HERH22A0029. THIS IS A NEW COMPETITIVE EARTH T&M/FFP HYBRID CALL ORDER FOR OEJECR ENTITLED, ""TECHNICAL ASSISTANCE FOR GRANT APPLICANTS/RECIPIENTS AND ADMINISTRATIVE SUPPORT TO EPA UNDER THE CLEAN AIR ACT SECTION",2/20/2025,,134022674,69354069,64668605
ENVIRONMENTAL PROTECTION AGENCY,SUPPORT FOR CONSTRUCTION AND GRANT MANAGEMENT (SAAP),2/21/2025,,147941,75503,72438
ENVIRONMENTAL PROTECTION AGENCY,THIS TASK ORDER SUPPORTS EPA ORD RESEARCH AND ASSESSMENT ACTIVITIES BY ADDRESSING CLIMATE CHANGE AND LAND USE CHANGE RISK TO ALPINE LAKES. TWO REVIEWS OF THE LITERATURE WILL BE DONE TO ASSESS (1) ALPINE AND MONTANE LAKE STRESSORS AND (2) THE UPLAND M,2/21/2025,,122492,0,122492
ENVIRONMENTAL PROTECTION AGENCY,THE CONTRACTOR WILL PROVIDE SUPPORT IN MANAGING PRE-AWARD ACTIVITIES FOR EJ GRANTS.,2/21/2025,,75021,0,75021
ENVIRONMENTAL PROTECTION AGENCY,Gartner under FedLink Contract LCFDL19C0019/68HERH19P0017 for three years - to obtain the Seat licenses,2/24/2025,,1993036,319391,1673645
ENVIRONMENTAL PROTECTION AGENCY,U.S. EPA access to Inside Washington Publishers' InsideEPA.com,2/24/2025,,1107500,0,1107500
ENVIRONMENTAL PROTECTION AGENCY,Removal and Installation of Carpeting for OAP/PMD offices at William Jefferson Clinton Federal South building in accordance with the Statement of Work,2/24/2025,,37463,37463,0
ENVIRONMENTAL PROTECTION AGENCY,2025 National Environmental Justice Conference and Training Program,2/24/2025,,20000,0,20000
ENVIRONMENTAL PROTECTION AGENCY,"Talent Management Executive Council 12-month Membership (Period of Performance February 1, 2025 - January 31, 2026).",2/24/2025,,18500,0,18500
ENVIRONMENTAL PROTECTION AGENCY,"SUPPORT UNDER THIS BPA ORDER #10 IS FOR THE U.S. ENVIRONMENTAL PROTECTION AGENCY (EPA), OFFICE OF ATMOSPHERIC PROTECTION (OAP), STRATOSPHERIC PROTECTION DIVISION. THE EPA REQUIRES A CONTRACTOR TO SUPPORT THE NEED FOR RETREAT FACILITATION AND STRATEGI",2/27/2025,,383282,191950,191332
ENVIRONMENTAL PROTECTION AGENCY,THIS IS A FOLLOW ON TO 68HERD20A0004/68HERH20F0355; THIS CALL ORDER WILL SUPPORT IMPACTS OF MATERIALS MANAGEMENT APPLICATIONS II.,3/4/2025,,1391044,0,1391044
ENVIRONMENTAL PROTECTION AGENCY,FFP CALL ORDER ACQUISITION PROGRAM MANAGEMENT SUPPORT UNDER BPA: 68HERC24A0015,3/5/2025,,997692,897692,100000
ENVIRONMENTAL PROTECTION AGENCY,SUPPORT FOR SUSTAINABLE WATER SECTOR UTILITIES,3/5/2025,,85551,0,85551
ENVIRONMENTAL PROTECTION AGENCY,EFFECTIVE AND SUSTAINABLE UTILITY MANAGEMENT PLANNING AND DEVELOPMENT IN ACCORDANCE WITH THE PWS,3/5/2025,,222230,44995,177235
ENVIRONMENTAL PROTECTION AGENCY,OEJECR STRATEGIC ORGANIZATIONAL TRANSFORMATION MISSION SUPPORT (SOTMS).,3/5/2025,,10485552,3960934,6524618
ENVIRONMENTAL PROTECTION AGENCY,"BPAS 68HERH22A0018 THROUGH 68HERH22A0029. TO PROCESS A NEW COMPETITIVE EARTH FFP, CALL ORDER FOR OAR/REGION 8 ENTITLED ""R8 AIR PERMITTING SUPPORT.""",3/5/2025,,657839,476839,181000
ENVIRONMENTAL PROTECTION AGENCY,COLLABORATIVE PROCESS FACILITATION FOR THE INFORMATION DISCOVERY DIVISION (IDD).,3/5/2025,,227792,207792,20000
ENVIRONMENTAL PROTECTION AGENCY,FACILITATION AND ADR SUPPORT SERVICES FOR THE OFFICE OF WATER JUST-IN-TIME SERVICES. NEW TASK ORDER ON CONTRACT 68HERC24D0006.,3/5/2025,,2113965,1970465,143500
ENVIRONMENTAL PROTECTION AGENCY,"NEW TASK ORDER ON CONTRACT 68HERC24D0006, ENTITLED SUPPORT SERVICES TO IMPLEMENT COMMUNITY-BASED ENVIRONMENTAL JUSTICE TRAINING AND OUTREACH.",3/5/2025,,474695,462195,12500
ENVIRONMENTAL PROTECTION AGENCY,GOLD-LEVEL SERVICES FOR THE ACEEE 2024 ENERGY EFFICIENCY POLICY FORUMBASE: JULY 17 2024 - JULY 16 2025OPTION PERIOD 1: JULY 17 2025 - NOVEMBER 16 2026,3/5/2025,,24000,12000,12000
ENVIRONMENTAL PROTECTION AGENCY,GOLD-LEVEL SERVICES FOR THE ACEEE 2024 SUMMER STUDY ON ENERGY EFFICIENCY IN BUILDINGS.,3/5/2025,,24000,12000,12000
ENVIRONMENTAL PROTECTION AGENCY,THIS IS FOR A NEW FIVE-YEAR (BASE YEAR + 4 OPTION YEARS) ORDER SUPPORTING DEVELOPMENT OF HOUSEHOLD ENERGY STANDARDS FOR COOKING AND HEATING TECHNOLOGIES AND FUELS. ANSI WILL ALSO PROVIDE ADMINISTRATIVE SUPPORT AND STRATEGIC GUIDANCE FOR THE US HOUSEH,3/5/2025,,100000,80000,20000
ENVIRONMENTAL PROTECTION AGENCY,THIS PURCHASE ORDER IS FOR A NEW FIVE-YEAR (BASE YEAR + 4 OPTION YEARS) ORDERSUPPORTING DEVELOPMENT OF HOUSEHOLD ENERGY STANDARDS FOR COOKING AND HEATINGTECHNOLOGIES AND FUELS.,3/5/2025,,100000,70000,30000
ENVIRONMENTAL PROTECTION AGENCY,"EARTH FFP CALL ORDER FOR OAR/ORIA, ""ADVISORY TEAM KNOWLEDGE CAPTURE SUPPORT"" TOCOR: GARY CHENALT TOCOR: DANIELLE MONTECALVOCLCOR: ELEANOR MARUSIAKALT. CLCOR: LAURA ZOELLNERCALL ORDER DESCRIPTION: EPA OAR-ORIA CHAIRS AN INTER-A",3/5/2025,,127316,93830,33486
ENVIRONMENTAL PROTECTION AGENCY,"NEW COMPETITIVE EARTH T&M/FFP HYBRID CALL ORDER FOR REGION 3, MISSION SUPPORT DIVISION, ACQUISITION AND ASSISTANCE BRANCH, ENTITLED ""REGIONAL ADMINISTRATIVE GRANTS MANAGEMENT SUPPORT""TOCOR: ERIN WORKMANALT TOCOR: ALICIA MARTINEZ",3/5/2025,,3309925,2181040,1128885
ENVIRONMENTAL PROTECTION AGENCY,CLIMATE CHANGE CASE STUDIES FOR NEPA REVIEWERS,3/5/2025,,194531,97055,97476
ENVIRONMENTAL PROTECTION AGENCY,SUPPORT OF THE HISTORICALLY BLACK COLLEGES AND UNIVERSITIES - MINORITY SERVING INSTITUTIONS FEDERAL ADVISORY COUNCIL (HBCU-MSI FAC) MEETINGS.,3/5/2025,,97216,0,97216
ENVIRONMENTAL PROTECTION AGENCY,CONFLICT PREVENTION AND RESOLUTION CENTER TRAINING JUST-IN-TIME SERVICES,3/10/2025,,1256075,1116075,140000
ENVIRONMENTAL PROTECTION AGENCY,ECCRS CONTRACT MANAGEMENT & SUPPORT JUST-IN-TIME SERVICES TASK ORDER 01,3/10/2025,,419262,333747,85515
ENVIRONMENTAL PROTECTION AGENCY,DEIA Training,1/24/2025,,180000,0,180000
ENVIRONMENTAL PROTECTION AGENCY,POLITICO PRO PLUS/PRO ANALYSIS SUBSCRIPTION TO CONSOLIDATE 4 PROGRAM OFFICES FOR 117 USERS-1-YEAR SUBSCRIPTION.,2/10/2025,,179409,0,179409
ENVIRONMENTAL PROTECTION AGENCY,Politico Pro Renewal FY2025 - 172 subscribers,2/13/2025,,399091,0,399091
ENVIRONMENTAL PROTECTION AGENCY,E&E News Subscription Services,2/13/2025,,281786,232786,49000
ENVIRONMENTAL PROTECTION AGENCY,This is a Firm Fixed Price Single Source Acquisition to receive E&E News publications.,2/13/2025,,184915,55610,129305
ENVIRONMENTAL PROTECTION AGENCY,"Subscription to E&E News (Politico) LLC for Energywire, Climatewire, E&E Daily, Greenwire, and E&E News PM for LPO's use program-wide.",2/13/2025,,165768,36465,129303
ENVIRONMENTAL PROTECTION AGENCY,Politico Pro Plus One Year Subscription for 25 users.,2/13/2025,,115180,0,115180
ENVIRONMENTAL PROTECTION AGENCY,"Award 30 user seat license contract to Politico LLC dba E&E News for 12 mos digital subscriptions within the Office of the Secretary in the amount of $29,808.00 for the period 05/04/2022-05/03-2022.",2/13/2025,,98665,0,98665
ENVIRONMENTAL PROTECTION AGENCY,8 licenses/subscriptions of E&E NEWS for the Grid Deployment Office.,2/13/2025,,59475,41155,18320
ENVIRONMENTAL PROTECTION AGENCY,"To secure 70 users slots for E&E News subscriptions (E&E Daily, EnergyWire, ClimateWire, GreenWire, and E&ENewsPM).",2/13/2025,,43560,0,43560
ENVIRONMENTAL PROTECTION AGENCY,"E&E News, purchase one-year subscription for 45 Fossil Energy (FE) HQ with access available to FE HQ Staff. Period of Performance 06/28/2024-06/27/2025.",2/13/2025,,40499,0,40499
ENVIRONMENTAL PROTECTION AGENCY,E&E News electronic subscription renewal 3/11/24-3/10/25,2/13/2025,,29239,0,29239
ENVIRONMENTAL PROTECTION AGENCY,"Subscription for daily comprehensive, timely, objective journalistic analysis, news and information on significant policy, legislation, science, legal, regulatory affairs, and industry developments across the environment and energy spectrum.",2/13/2025,,29040,0,29040
ENVIRONMENTAL PROTECTION AGENCY,The purpose of this requirement is to procure an annual Politico Pro Plus subscription for RTM and OA users.,2/13/2025,,13575,0,13575
ENVIRONMENTAL PROTECTION AGENCY,"The U.S. Energy Information Administration (EIA), ORTM and OA will enter into a firm-fixed price order with Politico, LLC. to procure Politico Pro Plus subscription for one year for 3 users.",2/13/2025,,12300,0,12300
ENVIRONMENTAL PROTECTION AGENCY,Workers Compensation Program,2/24/2025,,1423855,638687,785168
ENVIRONMENTAL PROTECTION AGENCY,Support for the U.S. EPA Science Advisory Board Staff Office and other Agency Federal Advisory Committees Staff Offices,2/24/2025,,257672,0,257672
ENVIRONMENTAL PROTECTION AGENCY,Office of Research and Development Risk Management and Ecological Exposure Research Support Services II (RMEERS II) IDIQ,2/24/2025,,248464,138936,109528
ENVIRONMENTAL PROTECTION AGENCY,Support to EJ Grants Management,2/24/2025,,75021,0,75021
ENVIRONMENTAL PROTECTION AGENCY,Sediment Workshop 2025 - Engage and commit key stakeholders around the beneficial reuse of sediment and sand in California through the context of coastal and shoreline climate resiliency.,2/24/2025,,64153,0,64153
ENVIRONMENTAL PROTECTION AGENCY,BPA ORDER #8 - SUPPORT FOR THE CLEAN AIR ACT ADVISORY COMMITTEE (CAAAC) AND ANNUAL CLEAN AIR EXCELLENCE AWARDS (CAEA) PROGRAMS,2/27/2025,,112970,0,112970
ENVIRONMENTAL PROTECTION AGENCY,"NEW TASK ORDER ON CONTRACT 68HERC24D0006, ENTITLED OEJECR EJ COMMUNITY ENGAGEMENT GENERAL SUPPORT.",3/5/2025,,6158591,4983591,1175000
EXECUTIVE OFFICE OF THE PRESIDENT,POLITICO PRO PREMIUM SUBSCRIPTION FOR 15 USERS,2/7/2025,,35175,0,35175
EXECUTIVE OFFICE OF THE PRESIDENT,POLITICO PRO PREMIUM SUBSCRIPTION FOR 15 USERS,2/7/2025,,33525,0,33525
EXECUTIVE OFFICE OF THE PRESIDENT,POLITICO PRO,2/10/2025,,81000,0,81000
EXECUTIVE OFFICE OF THE PRESIDENT,SUBSCRIPTION,2/10/2025,,31450,0,31450
EXECUTIVE OFFICE OF THE PRESIDENT,SUBSCRIPTIONS,2/10/2025,,29175,0,29175
EXECUTIVE OFFICE OF THE PRESIDENT,POLITICO PRO PLUS,2/10/2025,,27230,0,27230
EXECUTIVE OFFICE OF THE PRESIDENT,SUBSCRIPTION,2/10/2025,,10250,0,10250
EXECUTIVE OFFICE OF THE PRESIDENT,70RCSJ23FR0000005,2/10/2025,,9750,0,9750
EXECUTIVE OFFICE OF THE PRESIDENT,SUBSCRIPTION,2/11/2025,,2000000,2000000,0
EXECUTIVE OFFICE OF THE PRESIDENT,E&E NEWS PUBLICATIONS,2/20/2025,,482550,106150,376400
EXECUTIVE OFFICE OF THE PRESIDENT,POLITICO PRO SUBSCRIPTION,2/20/2025,,10250,0,10250
EXECUTIVE OFFICE OF THE PRESIDENT,PEACE CORP - BARRIER ANALYSIS STUDY,2/27/2025,,161752,0,161752
EXECUTIVE OFFICE OF THE PRESIDENT,POLITICO PRO SUBSCRIPTION,2/7/2025,,37000,0,37000
EXECUTIVE OFFICE OF THE PRESIDENT,E&E NEWS PUBLICATIONS,2/10/2025,,482550,106150,376400
EXECUTIVE OFFICE OF THE PRESIDENT,Professional Development Training,2/28/2025,,12900,0,12900
EXECUTIVE OFFICE OF THE PRESIDENT,Professional Development Training,2/28/2025,,12900,0,12900
EXPORT-IMPORT BANK OF THE US,COMPLETE TERMINATION FOR CONVENIENCE,2/10/2025,,184645,151230,33415
EXPORT-IMPORT BANK OF THE US,Educational Training,2/28/2025,,114500,0,114500
EXPORT-IMPORT BANK OF THE US,Training - IDS,2/28/2025,,27000,0,27000
EXPORT-IMPORT BANK OF THE US,Training Services,2/28/2025,,10500,0,10500
EXPORT-IMPORT BANK OF THE US,"GSA Justification: This is not a contract for consulting services and these non-consulting services fulfill EXIM’s mission by ensuring compliance with OMB Circular No. A-123 and best practices, providing staff augmentation support and providing highly skilled analysts who serve as integral team members in executing critical internal controls functions across the agency. Background: · Provides a staffing solution to support the internal controls program. - Conducts assessments and reviews to assess, monitor and evaluation of financial and non-financial internal controls in compliance with OMB Circular No. A-123. -Supports the integration of internal controls with enterprise risk management processes, in compliance with OMB Circular No. A-123. -Provides training to enhance capabilities across the agency.",3/10/2025,,2790015,285111,2504904
EXPORT-IMPORT BANK OF THE US," Background: • This contract provides a temporary staff augmentation solution to support budget operations, with contractors directly involved in the execution of budget-related tasks. • They contribute to accurate financial reporting and promote transparency in budget matters. • They are responsible for preparing and distributing the January 2025 Division Budget Reports, ensuring timely and precise documentation. • Additionally, the contractor is assisting staff in assessing the reestimate process, helps align the project schedule, and supports the analysis of workbooks, Standard Operating Procedures (SOPs), and other related documentation to ensure milestones and deliverables are met. • The contractors perform stress test analysis on the portfolio, validate portfolio data, and prepare the loss reserve report, ensuring accurate and reliable financial assessments. • They handle other data calls based on portfolio data, providing the necessary insights and documentation to support decision-making. • The staff keeps abreast of executive orders and relevant OMB Circulars, including A-11 (which provides guidance on preparing, submitting, and executing the federal budget) and A-129 (which outlines the policies and procedures for managing and accounting for federal credit programs), ensuring all budgetary processes comply with the latest federal guidelines and mandates. • The staff is knowledgeable of the Federal Credit Reform Act (FCRA) as it relates to the portfolio, ensuring compliance with FCRA provisions for budgeting, accounting, and reporting of federal credit programs.",3/10/2025,,2772973,1420277,1352696
EXPORT-IMPORT BANK OF THE US,"GSA Justification: This contract is not for consulting services, as it provides staff augmentation support to complete strategic planning deliverables required by the GPRA Modernization Act of 2010 and directly execute the agency’s strategic planning responsibilities. Background: • The Task Order’s Performance Work Statement explains that the contract support would carry out EXIM’s strategic planning requirements, as outlined in OMB Circular A-11, Part 6. • These responsibilities include assisting creating a FY 2025 workplan for EXIM’s strategic planning, coordinating internal stakeholders for the drafting of a new strategic plan, and assisting with annual and quarterly metrics related to EXIM’s Strategic Plan. • The contractor supports the drafting of legally required reporting under the GPRA Modernization Act of 2010, including EXIM’s Annual Performance Plan and Annual Performance Report.",3/10/2025,,15838404,91497,15746907
FEDERAL COMMUNICATIONS COMMISSION,POLITICO Pro Plus,2/13/2025,,261580,0,261580
FEDERAL COMMUNICATIONS COMMISSION,CLIMATE ASSESSMENTS,2/19/2025,,248601,200435,48166
FEDERAL COMMUNICATIONS COMMISSION,ZENDESK CONTRACTOR SUPPORT,2/20/2025,,17640,17640,0
FEDERAL COMMUNICATIONS COMMISSION,ACP PROGRAM MANAGEMENT SUPPORT,2/26/2025,,212783,0,212783
FEDERAL COMMUNICATIONS COMMISSION,SOCIAL MEDIA VIDEO PRODUCTION,3/4/2025,,396309,0,396309
FEDERAL COMMUNICATIONS COMMISSION,"IT PLANNING, POLICY, PORTFOLIO, AND PROGRAM MANAGEMENT SUPPORT (ITP4)",3/11/2025,,6223073,4441672,1781401
FEDERAL COMMUNICATIONS COMMISSION,FAS TV STUDY FOR OEA,3/11/2025,,186000,0,186000
FEDERAL COMMUNICATIONS COMMISSION,OIG INVESTIGATIVE SUPPORT,2/19/2025,,1233731,638833,594898
FEDERAL MEDIATION AND CONCILIATION SERVICE,CUSTOMER RELATION MANAGEMENT SYSTEM IMPLEMENTATION AND SUPPORT,2/13/2025,,3277569,590329,2687240
FEDERAL MEDIATION AND CONCILIATION SERVICE,ENTERPRISE RISK MANAGEMENT SUPPORT SERVICES,2/13/2025,,354969,0,354969
FEDERAL MEDIATION AND CONCILIATION SERVICE,RECORDS MANAGEMENT SUPPORT SERVICES,2/13/2025,,232437,0,232437
FEDERAL MEDIATION AND CONCILIATION SERVICE,INTERNAL CONTROLS SUPPORT SERVICES,2/13/2025,,182844,73743,109101
FEDERAL MEDIATION AND CONCILIATION SERVICE,Excellence in Government Program,2/28/2025,,25800,0,25800
FEDERAL MEDIATION AND CONCILIATION SERVICE,PROPERTY MANAGEMENT SOFTWARE,3/10/2025,,65515,65515,0
FEDERAL TRADE COMMISSION,OVERSEAS TECHNICAL ASSISTANCE PROGRAM SUPPORT SERVICES - UKRAINE,2/26/2025,,1389805,677331,712474
FEDERAL TRADE COMMISSION,14 USERS FOR POLITICO PRO PLUS SUBSCRIPTION,2/27/2025,,216603,47647,168956
GENERAL SERVICES ADMINISTRATION,"Employee recruiting, terminated in accordance to EO on hiring freeze",1/23/2025,,1978052,1654052,324000
GENERAL SERVICES ADMINISTRATION,DEIA Training,1/23/2025,,15168,0,15168
GENERAL SERVICES ADMINISTRATION,"Partial Terminated on 2/3/25 -ITC Outreach, ITC Strategy , CASE and Commercial Platforms Still on Contract GWPMO, MAS PMO and Hi-Def tasks are still on the censeo contract.",1/31/2025,,31327025,9314624,22012401
GENERAL SERVICES ADMINISTRATION,Order for Joint Product Team for the Integrated Award Environment,1/31/2025,,22733950,2989960,19743990
GENERAL SERVICES ADMINISTRATION,"User research and design, including building research protocol and methodology as well as recruiting a diverse group of research participants,",2/3/2025,,9433515,662598,8770917
GENERAL SERVICES ADMINISTRATION,ARP National Evaluation,2/3/2025,,8484090,5400000,3084090
GENERAL SERVICES ADMINISTRATION,Digital.gov - PMO support to take action to increase diversity and inclusion among community leads and members,2/3/2025,,7068884,4293629,2775255
GENERAL SERVICES ADMINISTRATION,Executive Coaching and Facilitation Services,2/3/2025,,976226,7154,969072
GENERAL SERVICES ADMINISTRATION,"The purpose of this Task Order (TO) is to develop an enterprise risk report, related risk program proposal, and subsequent risk program implementation.",2/3/2025,,849689,0,849689
GENERAL SERVICES ADMINISTRATION,Instructional Design Support,2/3/2025,,593715,401657,192058
GENERAL SERVICES ADMINISTRATION,The objective is to offer Facilitation services for FAS (Q) Leadership Council Meetings (4 meetings) and Coaching for OESM (QP) Leadership.,2/3/2025,,184439,111324,73115
GENERAL SERVICES ADMINISTRATION,Smartsheet Project Support,2/3/2025,,104564,0,104564
GENERAL SERVICES ADMINISTRATION,TTS Platforms and Services PMO Support,2/4/2025,,1496965,1397996,98969
GENERAL SERVICES ADMINISTRATION,TTS Strategic Partnerships Support,2/4/2025,,1128366,1013731,114635
GENERAL SERVICES ADMINISTRATION,TTS Solutions and IAE PMO Support,2/4/2025,,561554,427761,133793
GENERAL SERVICES ADMINISTRATION,TTS login.gov Partnerships Program Analyst,2/4/2025,,292099,146956,145143
GENERAL SERVICES ADMINISTRATION,TTS Accelerators Program Support,2/4/2025,,275368,67275,208093
GENERAL SERVICES ADMINISTRATION,Workforce Transformation PMO Support,2/5/2025,,45851590,38675183,7176407
GENERAL SERVICES ADMINISTRATION,Data and Statistical Analysis support for contract and business operations,2/5/2025,,14500000,9108800,5391200
GENERAL SERVICES ADMINISTRATION,TTS CoE Strategic Support,2/5/2025,,9645371,1881229,7764142
GENERAL SERVICES ADMINISTRATION,TTS USDC/PIF Support Services,2/5/2025,,2169217,1570603,598614
GENERAL SERVICES ADMINISTRATION,TTS Market Development (MD) Support Services,2/5/2025,,1470639,948934,521705
GENERAL SERVICES ADMINISTRATION,E&E News Subscription,2/5/2025,,221100,181500,39600
GENERAL SERVICES ADMINISTRATION,TTS Migrated- Open Innovation PMO Support,2/6/2025,,5104794,1067545,4037249
GENERAL SERVICES ADMINISTRATION,TTS 10x program and project management support BPA,2/6/2025,,4629752,2852109,1777643
GENERAL SERVICES ADMINISTRATION,TTS ARP Delivery Branch Performance Measurement LLC,2/6/2025,,835056,608063,226993
GENERAL SERVICES ADMINISTRATION,TTS Outreach Internal and Marketing support,2/6/2025,,453196,216596,236600
GENERAL SERVICES ADMINISTRATION,"Vendor Confirmed T4C, Client-OPC",2/7/2025,,2534027,1718130,815897
GENERAL SERVICES ADMINISTRATION,TTS USAGov Complex Financial Project Support,2/7/2025,,684058,112459,571599
GENERAL SERVICES ADMINISTRATION,Operational contracting support for OASIS.,2/12/2025,,1124353,428465,695888
GENERAL SERVICES ADMINISTRATION,"Terminated for convenience, in process of being closed out",2/12/2025,,449265,0,449265
GENERAL SERVICES ADMINISTRATION,The purpose of this modification is to Terminate for Convenience Purchase Order 47QTCB23P0002 as it is in the best interest of the Government.,2/12/2025,,159480,0,159480
GENERAL SERVICES ADMINISTRATION,COMMS CHG MNGMT AND USER ANALYSIS,2/13/2025,,10722115,6540099,4182016
GENERAL SERVICES ADMINISTRATION,Human and Social Services Provider,2/14/2025,,3000000,3000000,0
GENERAL SERVICES ADMINISTRATION,OUSD OXD SOLE SOURCE TASK ORDER,2/18/2025,,5726211,3794981,1931230
GENERAL SERVICES ADMINISTRATION,MANAGEMENT AND OPERATIONS SUPPORT,2/20/2025,,14439060,11262442,3176618
GENERAL SERVICES ADMINISTRATION,TYPE OF SERVICE: IT SECURITY SUBCATEGORY SUPPORT THE SCOPE OF THIS REQUIREMENT IS FOR DIRECT DAY-TO-DAY DECISION SUPPORT TO THE IT SECURITY DIVISION (ITSD) SUB-CATEGORY MANAGEMENT OPERATIONS (SCM OPS) TEAM.,2/20/2025,,4963588,2823393,2140195
GENERAL SERVICES ADMINISTRATION,ACQUIRE PROGRAM MANAGEMENT OFFICE (PMO) SUPPORT SERVICES FOR THE ENTERPRISE MOBILITY SERVICES PROGRAM. (SUBJECT TO THE AVAILABILITY OF FUNDS),2/20/2025,,3711206,1015257,2695949
GENERAL SERVICES ADMINISTRATION,"BUSINESS SUPPORT SERVICES TO INCLUDE ICAM SUBJECT MATTER EXPERTISE, ACQUISITION MANAGEMENT, STRATEGIC PLANNING AND COMMUNICATIONS, AND INNOVATION AND EMERGING TECHNOLOGY RESEARCH IN ORDER TO MEET MISSIONS, GOALS, AND OBJECTIVES.",2/20/2025,,3625993,3051409,574584
GENERAL SERVICES ADMINISTRATION,ITC SME PMO SUPPORT,2/20/2025,,3452857,889512,2563345
GENERAL SERVICES ADMINISTRATION,COMSATCOM IT- BASE YEAR,2/20/2025,,3076740,1107863,1968877
GENERAL SERVICES ADMINISTRATION,THE PURPOSE OF THIS TASK ORDER IS TO PROVIDE SUPPORT TO TID TO ACQUIRE TURN-KEY COMMERCIAL SERVICES ON A FIRM-FIXED-PRICE BASIS TO SUPPORT REVIEW OF TECHNOLOGY PLATFORMS SUPPORTING PSHC BUSINESS LINE CAPABILITIES IN ORDER TO IDENTIFY AND FILL GAPS WI,2/20/2025,,2148848,1736430,412418
GENERAL SERVICES ADMINISTRATION,The National Capital Region Energy Savings Performance Contract Project,2/21/2025,,44420343,37689634,6730709
GENERAL SERVICES ADMINISTRATION,The objective is to offer Consultative Coaching and Facilitation Services for Executive Leadership,2/23/2025,,126708,0,126708
GENERAL SERVICES ADMINISTRATION,ACQUISITION COMPLIANCE SUPPORT SERVICES,2/26/2025,,3893824,2109558,1784266
GENERAL SERVICES ADMINISTRATION,ACQUISITION SUPPORT SERVICES,2/26/2025,,2633626,1098340,1535286
GENERAL SERVICES ADMINISTRATION,"PROJECT FACILITATION SERVICES, INFLATION REDUCTION ACT (IRA), UTILITY ENERGY SERVICE CONTRACT (UESC) EASTERN LOUISIANA AND TEXAS",2/26/2025,,194534,194534,0
GENERAL SERVICES ADMINISTRATION,"PROJECT FACILITATION SERVICES, INFLATION REDUCTION ACT (IRA), ENERGY SAVINGS PERFORMANCE CONTRACT (ESPC) ENABLE HYBRID FORT WORTH AND WEST TEXAS",2/26/2025,,106407,106407,0
GENERAL SERVICES ADMINISTRATION,FACILITATION AND COACHING TRAINING,2/27/2025,,16712,441,16271
GENERAL SERVICES ADMINISTRATION,"TASK ORDER TO INSPECT AND CREATE ROOF REPAIRS DESIGN AT THE FEDERAL EXECUTIVE INSTITUTE IN CHARLOTTESVILLE, VA.",3/10/2025,,238163,0,238163
GENERAL SERVICES ADMINISTRATION,"ALCOHOL, TOBACCO, AND FIREARMS 244 NEEDY ROAD, MARTINSBURG, WV, PAVING PROJECT CONSTRUCTION MANAGEMENT SERVICES. THIS BPA CALL IS FOR CONSTRUCTION MANAGEMENT SERVICES.",3/10/2025,,99659,0,99659
GENERAL SERVICES ADMINISTRATION,VIRTUAL CONFERENCE PLANNING AND MANAGEMENT SUPPORT SERVICES,3/10/2025,,614225,316286,297939
GENERAL SERVICES ADMINISTRATION,CONSULTING AND FACILITATION SERVICES - FAS AAS QF,3/11/2025,,70611,0,70611
GENERAL SERVICES ADMINISTRATION,DEIA Training,1/23/2025,,5979853,3028076,2951777
GENERAL SERVICES ADMINISTRATION,Contract and data support,1/31/2025,,8940000,830000,8110000
GENERAL SERVICES ADMINISTRATION,Pressure Sensitive Tapes(Used on Military Applications),1/31/2025,,3117029,0,3117029
GENERAL SERVICES ADMINISTRATION,Research Memberships,2/3/2025,,13715913,12508876,1207037
GENERAL SERVICES ADMINISTRATION,"The scope of this TO is to provide operational and business support to the AAS PMO. As part of AAS Forward, the contractor under Task 6 provides strategic business plan and organziational support services. This task will be descoped and a stop work order issued.",2/3/2025,,7645155,4096124,3549031
GENERAL SERVICES ADMINISTRATION,"ETSS Technical Support - supports ETS in its role of ensuring contractual technical compliance and ongoing technical refreshment or replacement of contracts. The TS&CS contractor will provide support to the NGNI acquisition team with technical and solution set development for emerging and evolving technologies. The contractor shall provide on-going technical and engineering subject matter expertise in defining telecommunications and infrastructure modernization requirements. This activity will function as a technical consultant to GSA to identify customer agency requirements and provide guidance using industry best practices and experience with enterprise network architectures to provide recommendations that will aid agencies with acquiring high-performing, modernized, next generation IT services.",2/3/2025,,3452857,889513,2563344
GENERAL SERVICES ADMINISTRATION,IT Research and Advisory Services and training and certifications for Zero Trust,2/3/2025,,1731136,546211,1184925
GENERAL SERVICES ADMINISTRATION,Strategic communication and change management support.,2/3/2025,,1250243,969654,280589
GENERAL SERVICES ADMINISTRATION,"Administrative contract support services (e.g., contract filing, reviewing offers for completeness, etc.)",2/3/2025,,340512,215016,125496
GENERAL SERVICES ADMINISTRATION,Early Career Develoment training for FAS 360 Cohort.,2/3/2025,,258943,157057,101886
GENERAL SERVICES ADMINISTRATION,MAS AI Requirement,2/3/2025,,185627,22139,163488
GENERAL SERVICES ADMINISTRATION,TTS FedRAMP PMO support,2/4/2025,,4499790,1914510,2585280
GENERAL SERVICES ADMINISTRATION,TTS American Rescue Plan (ARP) Program Support Call Order,2/4/2025,,974476,401068,573408
GENERAL SERVICES ADMINISTRATION,TTS Front Office Program Support,2/4/2025,,893411,643431,249980
GENERAL SERVICES ADMINISTRATION,TTS Login.gov Infratructure Services,2/5/2025,,7348340,844600,6503740
GENERAL SERVICES ADMINISTRATION,TTS-Wide Usertesting Licenses and Support,2/5/2025,,1287692,1088223,199469
GENERAL SERVICES ADMINISTRATION,TTS Civic Digital Fellows (Summer Internships),2/6/2025,,707737,557821,149916
GENERAL SERVICES ADMINISTRATION,TTS OROS Strategy Workshop,2/6/2025,,26500,11500,15000
GENERAL SERVICES ADMINISTRATION,Contract Support,2/7/2025,,5712309,2664278,3048031
GENERAL SERVICES ADMINISTRATION,Contract Support,2/7/2025,,1763438,352688,1410750
GENERAL SERVICES ADMINISTRATION,"The Government requires expert IT support services to support the GSA TBM PMO, DCCOI PMO, FAS ITC VMO, CXO Councils, and DEIA in the delivery of mission objectives of each workstream. The goal is for GSA to capitalize contractor support in an effort to obtain information and expertise to provide professional services, guides, and procedures and to assist federal IT data transparency initiatives.",2/10/2025,,29997093,585497,29411596
GENERAL SERVICES ADMINISTRATION,RENT BILL MANAGEMENT OCCUPANCY AGREEMENT FINALIZATION SUPPORT,2/10/2025,,10480947,4051940,6429007
GENERAL SERVICES ADMINISTRATION,REAL ESTATE VALUATION SUPPORT SERVICES,2/10/2025,,3357559,1401960,1955599
GENERAL SERVICES ADMINISTRATION,"BPA CALL 3 FOR MARKETING AND COMMUNICATION SUPPORT FOR THE GROW OUR VENDOR COMMUNITY INITIATIVE JUNE 10,",2/10/2025,,752170,572478,179692
GENERAL SERVICES ADMINISTRATION,SEE FPDS,2/12/2025,,6947107,5389839,1557268
GENERAL SERVICES ADMINISTRATION,THE PURCHASE IS FOR BLOOMBERG LEGAL SUBSCRIPTION SERVICES,2/12/2025,,288477,184574,103903
GENERAL SERVICES ADMINISTRATION,ADMINISTRATIVE MANAGEMENT AND GENERAL MANAGEMENT CONSULTING SERVICES,2/18/2025,,10000000,10000000,0
GENERAL SERVICES ADMINISTRATION,ADMINISTRATIVE MANAGEMENT AND GENERAL MANAGEMENT CONSULTING SERVICES,2/18/2025,,5936287,5936287,0
GENERAL SERVICES ADMINISTRATION,USED HOUSEHOLD AND OFFICE GOODS MOVING,2/20/2025,,3000000,0,3000000
GENERAL SERVICES ADMINISTRATION,ADMINISTRATIVE MANAGEMENT AND GENERAL MANAGEMENT CONSULTING SERVICES,2/26/2025,,3000000,0,3000000
GENERAL SERVICES ADMINISTRATION,"The contractor will provide all management, supervision, labor, materials, supplies, repair parts, tools, and equipment and shall plan, schedule, coordinate and ensure effective and economical completion of all work and services specified, per SOW.",3/4/2025,,3092987,1621862,1471125
GENERAL SERVICES ADMINISTRATION,ADMINISTRATIVE MANAGEMENT AND GENERAL MANAGEMENT CONSULTING SERVICES,3/4/2025,,4001461,0,4001461
GENERAL SERVICES ADMINISTRATION,ADMINISTRATIVE MANAGEMENT AND GENERAL MANAGEMENT CONSULTING SERVICES,3/6/2025,,2500000,0,2500000
GENERAL SERVICES ADMINISTRATION,ADMINISTRATIVE MANAGEMENT AND GENERAL MANAGEMENT CONSULTING SERVICES,3/6/2025,,32250000,0,32250000
GENERAL SERVICES ADMINISTRATION,ADMINISTRATIVE MANAGEMENT AND GENERAL MANAGEMENT CONSULTING SERVICES,3/6/2025,,29698390,0,29698390
GENERAL SERVICES ADMINISTRATION,"SIN: 874 1CONTRACTORS SHALL PROVIDE EXPERT ADVICE, ASSISTANCE, GUIDANCE OR COUNSELING IN SUPPORT AN AGENCY'S MISSION-ORIENTED BUSINESS FUNCTIONS. SERVICES COVERED BY THIS SIN ARE:O MANAGEMENT OR STRATEGY CONSULTINGO PROGRAM PLANNING, AUDITS, AND EVALUATIONSO STUDIES, ANALYSES, SCENARIOS, AND REPORTS RELATING TO AN AGENCY'S MISSION-ORIENTED BUSINESS PROGRAMS OR INITIATIVES, SUCH AS DEFENSE STUDIES, TABLETOP EXERCISES OR SCENARIO SIMULATIONS, EDUCATIONAL STUDIES, REGULATORY OR POLICY STUDIES, HEALTH CARE STUDIES, ECONOMIC STUDIES, AND PREPAREDNESS STUDIESO EXECUTIVE/MANAGEMENT COACHING SERVICESO CUSTOMIZED BUSINESS TRAINING AS NEEDED TO SUCCESSFULLY PERFORM/COMPLETE A CONSULTING ENGAGEMENTO POLICY AND REGULATION DEVELOPMENT ASSISTANCEO EXPERT WITNESS SERVICES IN SUPPORT OF LITIGATION, CLAIMS, OR OTHER FORMAL CASES O ADVISORY AND ASSISTANCE SERVICES IN ACCORDANCE WITH FAR 37.203FINANCIAL AUDITS ARE COVERED UNDER GSA SCHEDULE 520, FIN",3/6/2025,,250000,0,250000
GENERAL SERVICES ADMINISTRATION,ADMINISTRATIVE MANAGEMENT AND GENERAL MANAGEMENT CONSULTING SERVICES,3/6/2025,,1250000,0,1250000
GENERAL SERVICES ADMINISTRATION,ADMINISTRATIVE MANAGEMENT AND GENERAL MANAGEMENT CONSULTING SERVICES,3/6/2025,,3033920,0,3033920
GENERAL SERVICES ADMINISTRATION,ADMINISTRATIVE MANAGEMENT AND GENERAL MANAGEMENT CONSULTING SERVICES,3/6/2025,,16110565,0,16110565
GENERAL SERVICES ADMINISTRATION,ADMINISTRATIVE MANAGEMENT AND GENERAL MANAGEMENT CONSULTING SERVICES,3/6/2025,,2822172,0,2822172
GENERAL SERVICES ADMINISTRATION,ADMINISTRATIVE MANAGEMENT AND GENERAL MANAGEMENT CONSULTING SERVICES,3/6/2025,,38721564,0,38721564
GENERAL SERVICES ADMINISTRATION,ADMINISTRATIVE MANAGEMENT AND GENERAL MANAGEMENT CONSULTING SERVICES.,3/6/2025,,58068299,0,58068299
GENERAL SERVICES ADMINISTRATION,Acquisition Support Services,3/11/2025,,2553610,1577228,976382
GOVERNMENT ACCOUNTABILITY OFFICE,Environment & Energy Electronic News Source(s) Requirement,2/13/2025,,448270,197668,250602
HOUSING AND URBAN DEVELOPMENT,Post Closing Portfolio Management Support,2/11/2025,,9666150,7785845,1880305
HOUSING AND URBAN DEVELOPMENT,"Awareness, Communication, Education and Visibility",2/11/2025,,6820552,2749018,4071534
HOUSING AND URBAN DEVELOPMENT,Standard Operating Procedures,2/11/2025,,4213139,3403550,809589
HOUSING AND URBAN DEVELOPMENT,Electronic Platform Support Services Subscription (BCT Partners),2/11/2025,,3795086,2317757,1477329
HOUSING AND URBAN DEVELOPMENT,HUD Forward BPA Order One 1 OCHCO (DEI),2/11/2025,,2968875,2468875,500000
HOUSING AND URBAN DEVELOPMENT,Evaluation of MTW Cohort 1,2/11/2025,,2199962,1763518,436444
HOUSING AND URBAN DEVELOPMENT,Client Budget and Resource Identity Tool (CBRIT),2/11/2025,,1912191,1912191,0
HOUSING AND URBAN DEVELOPMENT,BetterUp Leadership Coaching (licenses) (DEI),2/11/2025,,1648487,1337987,310500
HOUSING AND URBAN DEVELOPMENT,Final Evaluation of the HUD-DOJ Pay for Success Reentry Permanent Support,2/11/2025,,1596334,509736,1086598
HOUSING AND URBAN DEVELOPMENT,GRRP Evaluation Part 2,2/11/2025,,1521942,243776,1278166
HOUSING AND URBAN DEVELOPMENT,Franklin Covey All Access Pass Plus Licenses,2/11/2025,,1327833,278167,1049666
HOUSING AND URBAN DEVELOPMENT,242 Program Feasibility Studies Data Web-Based Subscription Services,2/11/2025,,1191186,247684,943502
HOUSING AND URBAN DEVELOPMENT,HUD Handbook 4350.1 Revision,2/11/2025,,1169081,602712,566369
HOUSING AND URBAN DEVELOPMENT,Greensboro field office furniture,2/11/2025,,1115300,544239,571061
HOUSING AND URBAN DEVELOPMENT,Union contract negotiation and labor consultation services,2/11/2025,,1083406,1083406,0
HOUSING AND URBAN DEVELOPMENT,Automated Valuation Model (Corelogic),2/11/2025,,970501,745315,225186
HOUSING AND URBAN DEVELOPMENT,Broadband Access for HUD Assisted Households,2/11/2025,,936488,556488,380000
HOUSING AND URBAN DEVELOPMENT,Webinar Services (East Hill Video),2/11/2025,,754149,159840,594309
HOUSING AND URBAN DEVELOPMENT,GRRP Evaluation Part 1,2/11/2025,,739301,277239,462062
HOUSING AND URBAN DEVELOPMENT,Organizational culture evaluation and development support (DEI),2/11/2025,,702501,197641,504860
HOUSING AND URBAN DEVELOPMENT,Furniture purchase and installation in multiple field offices,2/11/2025,,567809,567809,0
HOUSING AND URBAN DEVELOPMENT,Outward Mindset Training (DEI),2/11/2025,,348360,210910,137450
HOUSING AND URBAN DEVELOPMENT,OFO LinkedIn Pro - New,2/11/2025,,173993,10150,163843
HOUSING AND URBAN DEVELOPMENT,"Research subscription services - HR Leaders, D&I, Corporate Leadership (DEI)",2/11/2025,,161056,16000,145056
HOUSING AND URBAN DEVELOPMENT,Human Capital Collaborative membership,2/11/2025,,82500,66000,16500
HOUSING AND URBAN DEVELOPMENT,THE CONTRACTOR SHALL PROVIDE FINANCIAL ADVISORY SERVICES TO THE OFFICE OF RECAPITALIZATION,2/18/2025,,14235420,60493,14174927
HOUSING AND URBAN DEVELOPMENT,THE CONTRACTOR SHALL PROVIDE STRATEGIC & MANAGEMENT CONSULTING SERVICES AND BUSINESS PROCESS RE-ENGINEERING SUPPORT TO HUD'S STRATEGIC PLANNING AND PERFORMANCE DIVISION (SPPD).,2/18/2025,,5410965,2188375,3222590
HOUSING AND URBAN DEVELOPMENT,DATA PROGRAM SUPPORT SERVICES,2/18/2025,,4290578,0,4290578
HOUSING AND URBAN DEVELOPMENT,MULTIFAMILY ASSESSMENT CONTRACTORS FOR GREEN RESILIENT AND RETROFIT PROGRAM,2/18/2025,,3931528,0,3931528
HOUSING AND URBAN DEVELOPMENT,COST BENEFIT ANALYSIS,2/18/2025,,3830526,1719964,2110562
HOUSING AND URBAN DEVELOPMENT,MULTIFAMILY ASSESSMENT CONTRACTORS FOR GREEN RESILIENT AND RETROFIT PROGRAM,2/18/2025,,2824708,0,2824708
HOUSING AND URBAN DEVELOPMENT,"MULTIFAMILY ASSESSMENT CONTRACTORS FOR GREEN RESILIENT AND RETROFIT PROGRAM (GRRP), PROJECT #1",2/18/2025,,2665252,0,2665252
HOUSING AND URBAN DEVELOPMENT,"MULTIFAMILY ASSESSMENT CONTRACTORS FOR GREEN RESILIENT AND RETROFIT PROGRAM, PROJECT #2",2/18/2025,,2638651,0,2638651
HOUSING AND URBAN DEVELOPMENT,MULTIFAMILY ASSESSMENT CONTRACTORS FOR GREEN RESILIENT AND RETROFIT PROGRAM,2/18/2025,,1978750,0,1978750
HOUSING AND URBAN DEVELOPMENT,MULTIFAMILY ASSESSMENT CONTRACTORS FOR GREEN RESILIENT AND RETROFIT PROGRAM,2/18/2025,,1716943,0,1716943
HOUSING AND URBAN DEVELOPMENT,MULTIFAMILY ASSESSMENT CONTRACTORS FOR GREEN RESILIENT AND RETROFIT PROGRAM,2/18/2025,,1690229,0,1690229
HOUSING AND URBAN DEVELOPMENT,EO14042 - OCPO ACQUISITION SUPPORT SERVICES,2/18/2025,,998077,0,998077
HOUSING AND URBAN DEVELOPMENT,TECHNICAL EVALUATION PANEL (TEP) CHAIR SUPPORT SERVICES - GNMA PROJECTS,2/18/2025,,580426,523586,56840
HOUSING AND URBAN DEVELOPMENT,EO14042 TECHNICAL EVALUATION PANEL (TEP) CHAIR SUPPORT SERVICES - PIH PROJECTS,2/18/2025,,285600,175406,110194
HOUSING AND URBAN DEVELOPMENT,EO14042 TECHNICAL EVALUATION PANEL (TEP) CHAIR SUPPORT SERVICES - PD&R PROJECTS,2/18/2025,,212786,0,212786
HOUSING AND URBAN DEVELOPMENT,"PD&R WILL PROCURE THE SERVICES OF A CONTRACTOR TO DESCRIBE 1) THE NEEDS, PREFERENCES, AND EARLY CHILDCARE SOLUTIONS USED BY HUD-ASSISTED FAMILIES, 2) HOW HUD-ASSISTED FAMILIES ENGAGE WITH EARLY CHILDCARE ASSISTANCE PROGRAMS, 3) THE CURRENT AVAILA",2/19/2025,,789821,0,789821
HOUSING AND URBAN DEVELOPMENT,NEW SOLE SOURCE CONTRACT,2/19/2025,,608097,0,608097
HOUSING AND URBAN DEVELOPMENT,RELOCATION OPTIONS FOR HOUSEHOLDS AT RISK FROM NATURAL HAZARDS,2/19/2025,,478835,250833,228002
HOUSING AND URBAN DEVELOPMENT,COHORT 2 OLDER ADULT HOME MODIFICATION (OAHM),2/20/2025,,1019271,0,1019271
HOUSING AND URBAN DEVELOPMENT,ANALYTIC SUPPORT OF THE AMERICAN HOUSING SURVEY,2/20/2025,,938109,505332,432777
HOUSING AND URBAN DEVELOPMENT,EVALUATION OF THE EMERGENCY HOUSING VOUCHER (EHV) PROGRAM,2/20/2025,,725846,0,725846
HOUSING AND URBAN DEVELOPMENT,OUTWARD MINDSET TM TRAINING SERVICES FOR HUD STAFF ENTERPRISE WIDE,2/21/2025,,2000000,0,2000000
HOUSING AND URBAN DEVELOPMENT,FOIA PROCESS IMPROVEMENT,2/21/2025,,747400,462600,284800
HOUSING AND URBAN DEVELOPMENT,LHC SURVEY PHASE 1; SURVEY LEAD HAZARD CONTROL PROGRAM GRANTEES AND DEVELOP OPTIONS FOR A FOLLOW-UP EVALUATION STUDY.,2/24/2025,,239548,86768,152780
HOUSING AND URBAN DEVELOPMENT,Ginnie Mae Optimization and Transformation (G.O.A.T.),2/25/2025,,41714367,9638864,32075503
HOUSING AND URBAN DEVELOPMENT,Energy and Water Benchmarking Services,2/25/2025,,23520425,19358848,4161577
HOUSING AND URBAN DEVELOPMENT,Ginnie Mae Business Solutions and Next Generation Support,2/25/2025,,22856299,3593186,19263113
HOUSING AND URBAN DEVELOPMENT,Ginnie Mae Customer Experience (GNMA CX),2/25/2025,,10571047,6763208,3807839
HOUSING AND URBAN DEVELOPMENT,Solutions Program Support,2/25/2025,,8543052,1735164,6807888
HOUSING AND URBAN DEVELOPMENT,Digital Asset Management Solution (DAMS),2/25/2025,,5312561,192290,5120271
HOUSING AND URBAN DEVELOPMENT,OCIO Operational Support Services,2/25/2025,,4841912,3946161,895751
HOUSING AND URBAN DEVELOPMENT,Office Furniture for Atlanta office,2/25/2025,,4832300,3294081,1538219
HOUSING AND URBAN DEVELOPMENT,"Services to supplement the Office of Financial Management and Budget, Financial Management Division staff with additional resources and expertise to achieve senior management priorities of resolving audit recommendations, material weaknesses and achieving a clean audit opinion.",2/25/2025,,4476275,2026131,2450144
HOUSING AND URBAN DEVELOPMENT,"Support the private owners’ due diligence (such as capital needs assessments, environmental reports, energy assessments, and disaster resilience/risk mitigation assessments). Assist the private owners in developing their property investment plans.",2/25/2025,,4325468,3027828,1297640
HOUSING AND URBAN DEVELOPMENT,OGC Documents Scanning Support Services,2/25/2025,,2040000,1944714,95286
HOUSING AND URBAN DEVELOPMENT,Nationwide Furniture System - HQ CPD,2/25/2025,,2029005,277422,1751583
HOUSING AND URBAN DEVELOPMENT,FY24/25 Audiovisual Projects for the Office of Digital Enterprise,2/25/2025,,1415000,1240442,174558
HOUSING AND URBAN DEVELOPMENT,Replacement of Sanitary piping fort he Executive Suites,2/25/2025,,1404010,1315069,88941
HOUSING AND URBAN DEVELOPMENT,Evaluation of HUD Healthy Homes remediation activities and DOE Weatherization activity programs for Lead Hazard Control Support Services,2/25/2025,,1124556,769680,354876
HOUSING AND URBAN DEVELOPMENT,SaaS Recruiting Tool,2/25/2025,,893750,705200,188550
HOUSING AND URBAN DEVELOPMENT,10th Floor OGC office build-out in the central building core (rooms 10131-10135) renovation,2/25/2025,,878320,781320,97000
HOUSING AND URBAN DEVELOPMENT,Support to provide a data set free of errors such that the summary statistics reported by HUD and The Department of Veterans Affairs (VA).,2/25/2025,,783953,634523,149430
HOUSING AND URBAN DEVELOPMENT,Capital Planning Project Management and Support Services,2/25/2025,,750000,187500,562500
HOUSING AND URBAN DEVELOPMENT,Develop a Healthy Homes Training Plan with Input from a Lead and Healthy Homes Information Panel,2/25/2025,,596639,214647,381992
HOUSING AND URBAN DEVELOPMENT,Graphic Design Support for PD&R,2/25/2025,,343947,241404,102543
HOUSING AND URBAN DEVELOPMENT,Integrated Workplace Management (IWMS) Support and Strategy - Capital Planning BPA,2/25/2025,,300000,300000,0
HOUSING AND URBAN DEVELOPMENT,OCAO Capital Planning Support Services (FY27-FY31),2/25/2025,,300000,150000,150000
HOUSING AND URBAN DEVELOPMENT,CNSTAT,2/25/2025,,204773,53778,150995
HOUSING AND URBAN DEVELOPMENT,Support dismantle and disposal services for the New York Regional Office,2/25/2025,,152160,152160,0
HOUSING AND URBAN DEVELOPMENT,Technical Evaluation Panel (TEP) Chair Support Services - OHHLHC Projects,2/25/2025,,111066,111066,0
HOUSING AND URBAN DEVELOPMENT,NCMA Tuition/Registration/Membership Fees,2/25/2025,,89700,36790,52910
HOUSING AND URBAN DEVELOPMENT,Remote Oracle APEX customized training and technical assistance.,2/25/2025,,76000,19000,57000
HOUSING AND URBAN DEVELOPMENT,Annual subscription for database search engine equal to Dun and Bradstreet and Equifax reports; 24 hour technical support access and access to online tutorial and learning guides.,2/25/2025,,74700,59760,14940
HOUSING AND URBAN DEVELOPMENT,3 -School Attendance Boundaries Data,2/25/2025,,41330,40000,1330
HOUSING AND URBAN DEVELOPMENT,Translation Support Services,2/25/2025,,36858,36858,0
HOUSING AND URBAN DEVELOPMENT,Document destruction and removal services for Atlanta Regional Office,2/25/2025,,28389,8739,19650
HOUSING AND URBAN DEVELOPMENT,Zip +4 Database Premium Plus Centroids Subscription Access,2/25/2025,,14660,3665,10995
HOUSING AND URBAN DEVELOPMENT,OIG Furniture,2/25/2025,,13685,13685,0
HOUSING AND URBAN DEVELOPMENT,"OIG Furniture Call Order - HUD Headquarters, Washington, DC",2/25/2025,,11929,11929,0
HOUSING AND URBAN DEVELOPMENT,Building services not covered by lease,2/25/2025,,3000,2700,300
HOUSING AND URBAN DEVELOPMENT,"ONLINE LEGAL RESEARCH AND RELATED SUBSCRIPTION SERVICES FOR HUD'S OLHCHH OFFICE USERS AS DESCRIBED IN EACH OF THE CONTRACT LINE ITEMS (CLIN'S) AND THE ATTACHMENTS FOR BASE YEAR, PLUS FOUR OPTION YEARS, OR A TOTAL OF FIVE YEARS.",2/26/2025,,7264,0,7264
HOUSING AND URBAN DEVELOPMENT,HOSPITAL ASSESSMENT CONSULTING SERVICES (HACS) - HEALTHCARE INDUSTRY UPDATES,3/3/2025,,52843,0,52843
HOUSING AND URBAN DEVELOPMENT,ONLINE LEGAL RESEARCH (OLR) AND MEDIA SERVICES FOR THE OFFICE OF COMMUNITY PLANNING & DEVELOPMENT.,3/4/2025,,15049,9288,5761
HOUSING AND URBAN DEVELOPMENT,Security Support Services,3/6/2025,,3777696,0,3777696
HOUSING AND URBAN DEVELOPMENT,FHEO Communications & Outreach Modernization,3/6/2025,,2324170,485959,1838211
HOUSING AND URBAN DEVELOPMENT,Granicus Digital Communication Management Cloud and Licenses,3/6/2025,,954761,573943,380818
HOUSING AND URBAN DEVELOPMENT,FHA Subscription Construction Cost Estimating,3/6/2025,,256372,103930,152442
HOUSING AND URBAN DEVELOPMENT,Housing Shredding and Disposition Services,3/6/2025,,65121,28795,36326
HOUSING AND URBAN DEVELOPMENT,"Requires contractor support for the development and implementation of a comprehensive strategic communications plan, product development, events planning and management, stakeholder engagement, and monthly progress reporting for a national campaign for CPD's Community Development Block Grant (CDBG) program's 50th anniversary throughout the year.",3/6/2025,,2795362,754,2794608
HOUSING AND URBAN DEVELOPMENT,FHEO Program Review and Support Services,3/7/2025,,2558541,363178,2195363
HOUSING AND URBAN DEVELOPMENT,MEETING PLANNER SERVICES,3/7/2025,,3779014,1722070,2056944
HOUSING AND URBAN DEVELOPMENT,AFFH Support Services,3/7/2025,,735920,315410,420510
HOUSING AND URBAN DEVELOPMENT,Annual Federal Credit Reform Training,3/7/2025,,53507,27940,25567
HOUSING AND URBAN DEVELOPMENT,Mental Health First Aid Training,3/7/2025,,484200,370700,113500
HOUSING AND URBAN DEVELOPMENT,"EO14042-THE CONTRACTOR WILL SUPPORT HUD BY DEVELOPING A SUPPLY CHAIN RISK MANAGEMENT (SCRM) PROGRAM THAT MEETS ALL STATUTORY, REGULATORY, AND OTHER REQUIREMENTS LISTED IN THE EXECUTIVE ORDER.",3/11/2025,,3687326,0,3687326
HOUSING AND URBAN DEVELOPMENT,Project management and business analysis support services to HUD's effort to modernize its IT systems.,2/11/2025,,4200086,837443,3362643
HOUSING AND URBAN DEVELOPMENT,Media Advertisement,2/11/2025,,3025292,2421412,603880
HOUSING AND URBAN DEVELOPMENT,Workforce Assessment and Planning,2/11/2025,,1973576,1494060,479516
HOUSING AND URBAN DEVELOPMENT,HUD Forward BPA Order 2 OCAO Programs Assessment and Implementation Plan (DEI),2/11/2025,,1532431,1222882,309549
HOUSING AND URBAN DEVELOPMENT,Student Design Competition,2/11/2025,,1471650,1253450,218200
HOUSING AND URBAN DEVELOPMENT,Politico Pro News services,2/11/2025,,109215,25186,84029
HOUSING AND URBAN DEVELOPMENT,EO14042 EIS MTIPS Support Services (TO3)in support of GNMA,2/25/2025,,22432934,13996980,8435954
HOUSING AND URBAN DEVELOPMENT,CENTRALIZED DATA MANAGEMENT (NEXTGEN),2/25/2025,,9369775,6771568,2598207
HOUSING AND URBAN DEVELOPMENT,OCRO Fraud Risk Management,2/25/2025,,2989815,2633530,356285
HOUSING AND URBAN DEVELOPMENT,"Support the private owners’ due diligence (such as capital needs assessments, environmental reports, energy assessments, and disaster resilience/risk mitigation assessments). Assist the private owners in developing their property investment plans.",2/25/2025,,2638651,1847056,791595
HOUSING AND URBAN DEVELOPMENT,SIP/Core Plumbing Project Complete Outfitting,2/25/2025,,767723,0,767723
HOUSING AND URBAN DEVELOPMENT,OASA Executive Assistant Services,2/25/2025,,284000,53250,230750
HOUSING AND URBAN DEVELOPMENT,Annual Report Services for the Office of Administration,2/25/2025,,154560,20093,134467
HOUSING AND URBAN DEVELOPMENT,LexisNexis user licenses for OLHCHH,2/25/2025,,28500,22800,5700
HOUSING AND URBAN DEVELOPMENT,Programs Assessment and Implementation Plan,3/6/2025,,1532431,1222882,309549
HOUSING AND URBAN DEVELOPMENT,Online Legal Research (OLR) and Media Services - OHP,3/6/2025,,30201,15959,14242
HOUSING AND URBAN DEVELOPMENT,AFOS: Support of Green and Resilient Retrofit Program (GRRP),3/6/2025,,1832045,1003196,828849
HOUSING AND URBAN DEVELOPMENT,"Support to develop a Housing Counseling Impact Methodology that allows OHC to estimate the demand, cost, and service levels for housing counseling per client, and the outcomes and broader impacts that could be achieved at a given Congressional appropriations level. This methodology shall be replicable in the future by OHC without external support.",3/6/2025,,705713,605499,100214
HOUSING AND URBAN DEVELOPMENT,Contractor to support its mission by populating fourteams comprised of People with Lived Experience of Homelessness (PWLEH).,3/6/2025,,2697375,578032,2119343
INSTITUTE OF MUSEUM AND LIBRARY SERVICES,"Additional work to remove survey analysis as part of the interim report and data visualizations, and instead add 6 additional interview/focus group analysis.",2/4/2025,,1082616,447641,634975
INSTITUTE OF MUSEUM AND LIBRARY SERVICES,"Contractor support for the Office of Human Resources and Equity Office, including human resources support services and Diversity, Equity, Inclusion and Accessibility services.",2/4/2025,,429811,78259,351552
INSTITUTE OF MUSEUM AND LIBRARY SERVICES,IMLS Federal Employee Viewpoint analysis,2/3/2025,,4000000,3962175,37825
INTERNATIONAL ASSISTANCE PROGRAMS,CLIMATE CHANGE TECHNICAL SUPPORT SERVICES FOR MCC PROGRAMS,2/18/2025,,3498093,0,3498093
INTERNATIONAL ASSISTANCE PROGRAMS,ANDE SUBSCRIPTION,2/18/2025,,54000,32400,21600
INTERNATIONAL ASSISTANCE PROGRAMS,INFRASCOPE,2/19/2025,,250000,213000,37000
INTERNATIONAL ASSISTANCE PROGRAMS,E&E NEWS SUBSCRIPTION,2/20/2025,,45876,16770,29106
INTERNATIONAL ASSISTANCE PROGRAMS,INDONESIA II FIT CONSULTING SERVICES.,3/3/2025,,2605541,0,2605541
INTERNATIONAL ASSISTANCE PROGRAMS,GSI BPA ORDER - KIRIBATI,3/3/2025,,413400,0,413400
INTERNATIONAL ASSISTANCE PROGRAMS,GSI BPA ORDER - SOLOMON ISLANDS,3/4/2025,,225845,0,225845
INTERNATIONAL ASSISTANCE PROGRAMS,POLITICAL ECONOMY ANALYSIS,3/5/2025,,1543831,590743,953088
INTERNATIONAL ASSISTANCE PROGRAMS,IT INFRASTRUCTURE SUPPORT SERVICES FOR THE IAF,3/7/2025,,2777339,597933,2179406
INTERNATIONAL ASSISTANCE PROGRAMS,GRANTS MANAGEMENT SYSTEM (GMS) FOR INTER-AMERICAN FOUNDATION,3/7/2025,,1999806,124918,1874888
INTERNATIONAL ASSISTANCE PROGRAMS,EIS DATA SERVICES,3/7/2025,,1232639,483881,748758
INTERNATIONAL ASSISTANCE PROGRAMS,TRAVEL SUPPORT SERVICES,3/7/2025,,1164270,438923,725347
INTERNATIONAL ASSISTANCE PROGRAMS,CRM SYSTEM,3/7/2025,,665745,98717,567028
INTERNATIONAL ASSISTANCE PROGRAMS,PERSONAL SERVICE CONTRACT: LOCAL LIAISON AND ADVISORY SERVICES (LLAS) IN EL SALVADOR FOR THE IAF.,3/7/2025,,629926,194027,435899
INTERNATIONAL ASSISTANCE PROGRAMS,"TASK ORDER 1 IN-COUNTRY SUPPORT FOR ARGENTINA, CHILE, AND URUGUAY",3/7/2025,,353870,0,353870
INTERNATIONAL ASSISTANCE PROGRAMS,TASK ORDER FOR NEW HONDURAS IDIQ,3/7/2025,,296901,0,296901
INTERNATIONAL ASSISTANCE PROGRAMS,WEB HOSTING SERVICES,3/7/2025,,249892,0,249892
INTERNATIONAL ASSISTANCE PROGRAMS,LABOR RELATIONS CONSULTATION SERVICES,3/7/2025,,525000,309300,215700
INTERNATIONAL ASSISTANCE PROGRAMS,NETWORK SECURITY ENGINEER II,3/7/2025,,163138,0,163138
INTERNATIONAL ASSISTANCE PROGRAMS,ISSUE NEW TASK ORDER AGAINST 20343120D00002,3/7/2025,,145252,0,145252
INTERNATIONAL ASSISTANCE PROGRAMS,ENGLISH SPEAKING CARIBBEAN AUDIT IDIQ TASK ORDER 3/OPTION YEAR 2,3/7/2025,,142283,0,142283
INTERNATIONAL ASSISTANCE PROGRAMS,EIS PHONE SERVICES,3/7/2025,,227745,86391,141354
INTERNATIONAL ASSISTANCE PROGRAMS,ENTERPRISE CLOUD NETWORK,3/7/2025,,227106,109365,117741
INTERNATIONAL ASSISTANCE PROGRAMS,LLAS IDIQ FOR HAITI,3/7/2025,,650067,535937,114130
INTERNATIONAL ASSISTANCE PROGRAMS,ZOOM AND ZOOM WEBINAR,3/7/2025,,118314,10451,107863
INTERNATIONAL ASSISTANCE PROGRAMS,IDIQ FOR IT SERVICES,3/7/2025,,100955,0,100955
INTERNATIONAL ASSISTANCE PROGRAMS,IAF OFFICE RELOCATION,3/7/2025,,99739,0,99739
INTERNATIONAL ASSISTANCE PROGRAMS,HUMAN CAPITAL MANAGEMENT AND SUPPORT SERVICES TASK ORDER (HR SUPPORT),3/7/2025,,192738,98872,93866
INTERNATIONAL ASSISTANCE PROGRAMS,BRAZIL AUDITING SERVICES IDIQ TASK ORDER,3/7/2025,,76836,0,76836
INTERNATIONAL ASSISTANCE PROGRAMS,DIGITAL AND VISUAL COMMUNICATIONS SUPPORT (NEW CONTRACT),3/7/2025,,232473,156513,75960
INTERNATIONAL ASSISTANCE PROGRAMS,GRANT AUDITOR SERVICES IN MEXICO FOR IAF,3/7/2025,,66700,0,66700
INTERNATIONAL ASSISTANCE PROGRAMS,"EL SALVADOR, COSTA RICA, AND PANAMA AUDIT IDIQ",3/7/2025,,56395,0,56395
INTERNATIONAL ASSISTANCE PROGRAMS,AUDIT SERVICES FOR GUATEMALA (TASK ORDER #3),3/7/2025,,52000,0,52000
INTERNATIONAL ASSISTANCE PROGRAMS,"AUDIT SERVICES FOR COLOMBIA NEW 5 YEAR SOLICITATION WITH A TOTAL CONTRACT AMOUNT OF $249,935. FIRST TASK ORDER AMOUNT $50,583.",3/7/2025,,45175,0,45175
INTERNATIONAL ASSISTANCE PROGRAMS,TASK ORDER UNDER CONTRACT 20343125D00001 FOR AUDIT SERVICES IN HAITI.,3/7/2025,,44025,0,44025
INTERNATIONAL ASSISTANCE PROGRAMS,AUDIT SERVICES FOR AR/CH/UR/PY - TASK ORDER 1,3/7/2025,,41520,0,41520
INTERNATIONAL ASSISTANCE PROGRAMS,GRANT AUDIT SERVICES FOR ECUADOR,3/7/2025,,36390,0,36390
INTERNATIONAL ASSISTANCE PROGRAMS,BOLIVIA AUDIT SERVICES TASK ORDER #2,3/7/2025,,27800,0,27800
INTERNATIONAL ASSISTANCE PROGRAMS,ENTERPRISE NETWORK SERVICES,3/7/2025,,26130,0,26130
INTERNATIONAL ASSISTANCE PROGRAMS,CISCO ISE EQUIPMENT AND LICENSES,3/7/2025,,25956,0,25956
INTERNATIONAL ASSISTANCE PROGRAMS,DELL POWERPROTECT BACKUP SERVICE FOR HYBRID WORKLOADS,3/7/2025,,21794,0,21794
INTERNATIONAL ASSISTANCE PROGRAMS,ADOBE ACROBAT PROFESSIONAL PRO DC AND ADOBE CREATIVE CLOUD LICENSES,3/7/2025,,19706,0,19706
INTERNATIONAL ASSISTANCE PROGRAMS,DOMINICAN REPUBLIC AUDIT SERVICES,3/7/2025,,13560,0,13560
INTERNATIONAL ASSISTANCE PROGRAMS,IT SERVICES (ENTERPRISE NETWORK SERVICES) BPA,3/7/2025,,4433310,0,4433310
INTERNATIONAL ASSISTANCE PROGRAMS,IDIQ LABOR HOUR CONTRACT FOR IN-COUNTRY SUPPORT SERVICES IN HONDURAS,3/7/2025,,2031825,0,2031825
INTERNATIONAL ASSISTANCE PROGRAMS,"IDIQ IN-COUNTRY SUPPORT FOR ARGENTINA, CHILE, AND URUGUAY",3/7/2025,,1636715,0,1636715
INTERNATIONAL ASSISTANCE PROGRAMS,ENGLISH SPEAKING CARIBBEAN AUDIT IDIQ,3/7/2025,,711515,0,711515
INTERNATIONAL ASSISTANCE PROGRAMS,GRANT COMPLIANCE AUDIT SERVICES IN HONDURAS AND NICARAGUA FOR INTER-AMERICAN FOUNDATION (IAF),3/7/2025,,653070,0,653070
INTERNATIONAL ASSISTANCE PROGRAMS,"EL SALVADOR, COSTA RICA, AND PANAMA AUDIT IDIQ",3/7/2025,,519667,0,519667
INTERNATIONAL ASSISTANCE PROGRAMS,GUATEMALA GRANT AUDIT SERVICES FOR IAF,3/7/2025,,518800,0,518800
INTERNATIONAL ASSISTANCE PROGRAMS,GRANT AUDITOR SERVICES IN MEXICO FOR IAF,3/7/2025,,392155,0,392155
INTERNATIONAL ASSISTANCE PROGRAMS,BRAZIL AUDITING SERVICES IDIQ,3/7/2025,,387066,0,387066
INTERNATIONAL ASSISTANCE PROGRAMS,GRANT AUDIT SERVICES FOR ECUADOR,3/7/2025,,266876,0,266876
INTERNATIONAL ASSISTANCE PROGRAMS,PERU AUDIT IDIQ,3/7/2025,,249599,0,249599
INTERNATIONAL ASSISTANCE PROGRAMS,GRANT AUDIT SERVICES IDIQ FOR COLOMBIA,3/7/2025,,249112,0,249112
INTERNATIONAL ASSISTANCE PROGRAMS,HAITI AUDIT SERVICES,3/7/2025,,230534,0,230534
INTERNATIONAL ASSISTANCE PROGRAMS,AUDIT SERVICES FOR AR/CH/UR/PY,3/7/2025,,215492,0,215492
INTERNATIONAL ASSISTANCE PROGRAMS,BOLIVIA AUDIT IDIQ,3/7/2025,,165770,0,165770
INTERNATIONAL ASSISTANCE PROGRAMS,DOMINICAN REPUBLIC AUDIT SERVICES IDIQ,3/7/2025,,115912,0,115912
INTERNATIONAL ASSISTANCE PROGRAMS,DCO GSI ESP COUNTER-TRAFFICKING IN PERSON (C-TIP) CONSULTING SERVICE,3/10/2025,,1155539,0,1155539
INTERNATIONAL ASSISTANCE PROGRAMS,CHIPS CREDIT CONSULTING SERVICES,2/21/2025,,18675781,6144724,12531057
INTERNATIONAL ASSISTANCE PROGRAMS,COST ACCOUNTING PROGRAM SUPPORT SERVICES.,2/21/2025,,1691250,1266320,424930
INTERNATIONAL ASSISTANCE PROGRAMS,DPA TOOL AND SUPPORT,2/21/2025,,1429415,976215,453200
INTERNATIONAL ASSISTANCE PROGRAMS,S&P Ratings Direct,2/21/2025,,933450,388800,544650
INTERNATIONAL ASSISTANCE PROGRAMS,SAM REGISTRATION SUPPORT CONTRACTOR,2/21/2025,,374250,374250,0
INTERNATIONAL ASSISTANCE PROGRAMS,HELPS TO ADVANCE AMERICAS FOREIGN POLICY BY PARTNERING WITH PROJECTS THAT CREATE ECONOMIC STABILITY PROTECT SOVEREIGNTY AND ENSURE TRANSPARENCY,2/21/2025,,341682,174224,167458
INTERNATIONAL ASSISTANCE PROGRAMS,INTERNAL CONTROL TECHNICAL SERVICES,2/21/2025,,301776,152382,149394
INTERNATIONAL ASSISTANCE PROGRAMS,A/V CONFERENCE ROOMS STANDAR,2/21/2025,,199999,551294,-351295
INTERNATIONAL ASSISTANCE PROGRAMS,Leadership Connect,2/21/2025,,124995,30000,94995
INTERNATIONAL ASSISTANCE PROGRAMS,TASK ORDER: CRUCIAL CONVERSATIONS - DFC-WIDE TRAINING,2/21/2025,,60376,0,60376
INTERNATIONAL ASSISTANCE PROGRAMS,CALL ORDER: LEADING@DFC - DFC-WIDE TRAINING,2/21/2025,,35327,0,35327
INTERNATIONAL ASSISTANCE PROGRAMS,FY24-25 DFC-WIDE TRAINING COURSES,2/21/2025,,26155,0,26155
INTERNATIONAL ASSISTANCE PROGRAMS,Leading@Your Level - DFC-Wide training,2/28/2025,,63603,0,63603
INTERNATIONAL ASSISTANCE PROGRAMS,TRANSLATION AND INTERPRETATION SERVICES,3/7/2025,,819386,201958,617428
INTERNATIONAL ASSISTANCE PROGRAMS,EVALUATION OF AMERICORPS OFFICE OF REGIONAL OPERATIONS,3/7/2025,,185282,25000,160282
INTERNATIONAL ASSISTANCE PROGRAMS,COPIER LEASES FOR NATIONAL MEDIATION BOARD (NMB),3/7/2025,,129887,17550,112337
INTERNATIONAL ASSISTANCE PROGRAMS,TO OBTAIN MICROSOFT 365 G5 LICENSES (45),3/7/2025,,105276,38282,66994
INTERNATIONAL ASSISTANCE PROGRAMS,BEYOND TRUST IS A FEDRAMP-AUTHORIZED TOOL FOR HELP DESK LAPTOP SUPPORT.,3/7/2025,,65840,47291,18549
INTERNATIONAL ASSISTANCE PROGRAMS,AUDIT SUPPORT SERVICES,3/7/2025,,9900000,0,9900000
INTERNATIONAL TRADE COMMISSION,"Temporary Personnel, Attorney, FOIA and Privacy Act",2/18/2025,,138790,138790,0
INTERNATIONAL TRADE COMMISSION,Expert consulting services for Investigation No. 337-TA-1391,2/18/2025,,60075,54407,5668
INTERNATIONAL TRADE COMMISSION,Advisory services for the development of Gravity Model.,2/18/2025,,40000,0,40000
INTERNATIONAL TRADE COMMISSION,Subscription: Politico Pro (3 seats) and E&E Newspapers (5 seats),2/20/2025,,13140,6570,6570
INTERNATIONAL TRADE COMMISSION,Temporary Personnel: Paralegal,2/18/2025,,329969,0,329969
INTERNATIONAL TRADE COMMISSION,Advisory services on computable general equilibrium modeling focusing on labor & non-tariff measures.,2/18/2025,,90000,57750,32250
INTERNATIONAL TRADE COMMISSION,"Specialized economic research development & evaluation of Commission models, databases, & applications",2/18/2025,,60000,54000,6000
INTERNATIONAL TRADE COMMISSION,"Consulting services, model the impact of trade policy.",2/18/2025,,42000,42000,0
INTERNATIONAL TRADE COMMISSION,Legal defense services,2/18/2025,,30000,303,29697
INTERNATIONAL TRADE COMMISSION,Legal advice and legal defense services,2/18/2025,,25000,10505,14495
INTERNATIONAL TRADE COMMISSION,Enterprise Subscription to Economist Intelligence Unit,2/20/2025,,418880,69240,349640
INTERNATIONAL TRADE COMMISSION,Enterprise License plus 3 print copies,2/20/2025,,228732,186884,41848
INTERNATIONAL TRADE COMMISSION,Subscription to CQ Insights and Analysis; Up to 5 seats.,2/20/2025,,118035,0,118035
INTERNATIONAL TRADE COMMISSION,Subscription: Newspaper delivery services.,2/20/2025,,66876,50000,16876
INTERNATIONAL TRADE COMMISSION,"Subscription, FDI Intelligence Database, Two Users",2/20/2025,,32000,0,32000
MARINE MAMMAL COMMISSION,"THE NOS WORKFORCE MANAGEMENT DIVERSITY AND INCLUSION DIVISION REQUIRES SUPPORT IN CONDUCTING TRAINING ON EQUAL EMPLOYMENT OPPORTUNITY FEDERAL LAWS AND REGULATIONS PROCESSES, AND POLICIES IN COMPLIANCE WITH FEDERAL LAWS, REGULATIONS, EXECUTIVE ORDERS,",2/13/2025,,609192,507827,101365
NATIONAL AERONAUTICS AND SPACE ADMINISTRATION,POLITICO Pro Agreement for OCFO,2/13/2025,,10600,0,10600
NATIONAL AERONAUTICS AND SPACE ADMINISTRATION,Provides Leadership and Executive Level One-on-One Coaching Services to the NASA Enterprise-Wide Human Capital Support Services (NEHCSS) contract.,2/18/2025,,7540439,5013199,2527240
NATIONAL AERONAUTICS AND SPACE ADMINISTRATION,"Provides technical support the co-chairs and bureau of WGIII, cross-working group coordination. This is a NASA HQ requirement.",2/18/2025,,3368642,1439420,1929222
NATIONAL AERONAUTICS AND SPACE ADMINISTRATION,Provides NASA Supervisory Intensive Leadership Program (SILP) Support on the NASA Enterprise-Wide Human Capital Support Services (NEHCSS) contract in accordance with contract terms and conditions for the NASA Office of the Chief Human Capital Officer (OCHCO).,2/18/2025,,395470,248077,147393
NATIONAL AERONAUTICS AND SPACE ADMINISTRATION,SCaN Program,2/18/2025,,249900,0,249900
NATIONAL AERONAUTICS AND SPACE ADMINISTRATION,"Non-personal services contract to provide strategic management support, professional/team coaching, advanced planning, integration, and implementation to NASA Kennedy Space Center (KSC), Launch Service Program.",2/18/2025,,219539,0,219539
NATIONAL AERONAUTICS AND SPACE ADMINISTRATION,Consulting and meeting facilitation in support of OCIO Transformation initiatives,2/18/2025,,144948,0,144948
NATIONAL AERONAUTICS AND SPACE ADMINISTRATION,Technical Support for ARMD's Office of the Associate Administrator,2/18/2025,,136646,0,136646
NATIONAL AERONAUTICS AND SPACE ADMINISTRATION,"Non-personal services contract to provide strategic management support, professional/team coaching, advanced planning, integration, and implementation to NASA Kennedy Space Center (KSC), Exploration Ground System (EGS)",2/18/2025,,123550,0,123550
NATIONAL AERONAUTICS AND SPACE ADMINISTRATION,"Training immersion to provide direct experience and exposure for NASA leaders to for-profit industry organizations in support of the agency’s Public Private Talent Program pilot program and in association with the leadership development program, NASA ASPIRE, learning objectives. More specifically understanding how the business drives efficiency in decision making, leads technology innovation / Artificial Intelligence / Data ecosystems, and their investment strategy.",2/18/2025,,120000,0,120000
NATIONAL AERONAUTICS AND SPACE ADMINISTRATION,Strategic analysis and support services,2/18/2025,,109953,0,109953
NATIONAL AERONAUTICS AND SPACE ADMINISTRATION,"Non-personal services contract to provide strategic management support, professional/team coaching, advanced planning, integration, and implementation to NASA Kennedy Space Center (KSC).",2/18/2025,,61656,0,61656
NATIONAL AERONAUTICS AND SPACE ADMINISTRATION,The exclusive Leadership Lab for Women provides senior-level women with a development program designed to enhance leadership influence and behavior change to help them succeed within your organization.,2/18/2025,,27500,0,27500
NATIONAL AERONAUTICS AND SPACE ADMINISTRATION,ELI GROUP LEADERSHIP LAB FOR WOMEN,2/18/2025,,27500,0,27500
NATIONAL AERONAUTICS AND SPACE ADMINISTRATION,Partnership for Public Service. Membership in the Federal Human Capital Collaborative,2/28/2025,,28750,0,28750
NATIONAL AERONAUTICS AND SPACE ADMINISTRATION,CONTRACT FOR RESEARCH AND DEVELOPMENT WORK TO EXTENDED LONGEVITY OF 3D TISSUES AND MICROPH,3/10/2025,,2000000,0,2000000
NATIONAL AERONAUTICS AND SPACE ADMINISTRATION,SEDAC FACILITATES THE ANALYSIS AND PORTRAYAL OF THE HUMAN DIMENSIONS OF GLOBAL CHANGE NEED,3/10/2025,,29953052,19404348,10548704
NATIONAL ARCHIVES AND RECORDS ADMINISTRATION,BPA FOR COACHING AND CONSULTING SERVICES FOR THE OFFICE OF HUMAN CAPITAL,2/18/2025,,62168,57532,4636
NATIONAL ARCHIVES AND RECORDS ADMINISTRATION,Executive Leadership Roundtable Sessions for the National Archives and Records Administration.,2/18/2025,,22000,16500,5500
NATIONAL ENDOWMENT FOR THE HUMANITIES,DATA VISUALIZATION AND STATIC INFOGRAPHICS,2/27/2025,,194933,150198,44735
NATIONAL GALLERY OF ART,Harassment Prevention & LGBTQIA+ Awareness Training,2/12/2025,,177110,0,177110
NATIONAL LABOR RELATIONS BOARD,DEIA SUPPORT SOFTWARE,1/27/2025,,192000,96000,96000
NATIONAL SCIENCE FOUNDATION,RENEWAL SUBSCRIPTION E&E NEWS,2/10/2025,,12388,0,12388
NATIONAL SCIENCE FOUNDATION,PROFESSIONAL SERVICES IN SUPPORT OF THE INTERAGENCY ARCTIC RESEARCH POLICY COMMITTEE (IARPC) SECRETARIAT.,2/20/2025,,8982018,5864160,3117858
NATIONAL SCIENCE FOUNDATION,NSF (DEIA) INITIATIVES.,1/29/2025,,1250000,750000,500000
NATIONAL SCIENCE FOUNDATION,HUMAN RESOURCE OPERATIONS SUPPORT SERVICES,2/18/2025,,17130603,8847441,8283162
NATIONAL SCIENCE FOUNDATION,EQUITY AND COMPLIANCE IN RESEARCH ACTIVITIES COMPLIANCE ACTIVITIES WITH MINORITY SERVING INSTITUTIONS (MSI) AND NSF STAKEHOLDERS TO PINPOINT BARRIERS AND DEVELOP A BARRIER IDENTIFICATION AND MITIGATION ROADMAP FOR NSF,2/18/2025,,2471174,0,2471174
NATIONAL SCIENCE FOUNDATION,TASK ORDER NO. 1 MANAGEMENT CONSULTANT - ADMINISTRATIVE OPERATIONS SUPPORT SERVICES IDIQ,2/18/2025,,1045208,685036,360172
NATIONAL SCIENCE FOUNDATION,"LOGISTICAL, PLANNING AND MANAGEMENTS SERVICES AND SUPPORT",2/18/2025,,753455,298455,455000
NATIONAL SCIENCE FOUNDATION,MANAGEMENT CONSULTANT PERSONNEL SECURITY ADMINISTRATIVE OPERATIONS SUPPORT SERVICES IDIQ,2/18/2025,,655833,479001,176832
NATIONAL SCIENCE FOUNDATION,TECHNICAL ASSISTANCE IN COMMERCIALIZATION PLANNING SBIR STTR,2/18/2025,,555000,0,555000
NATIONAL SCIENCE FOUNDATION,TECHNICAL ASSISTANCE IN COMMERCIALIZATION PLANNING SBIR STTR,2/18/2025,,535000,0,535000
NATIONAL SCIENCE FOUNDATION,NSF ORGANIZATIONAL CULTURE CHANGE,2/18/2025,,500000,0,500000
NATIONAL SCIENCE FOUNDATION,TECHNICAL ASSISTANCE IN COMMERCIALIZATION PLANNING SBIR STTR,2/18/2025,,465000,0,465000
NATIONAL SCIENCE FOUNDATION,BUSINESS OPERATIONS SPECIALIST - ADMINISTRATIVE OPERATIONS SUPPORT SERVICES IDIQ,2/18/2025,,450489,329033,121456
NATIONAL SCIENCE FOUNDATION,TECHNICAL ASSISTANCE IN COMMERCIALIZATION PLANNING SBIR STTR,2/18/2025,,330000,0,330000
NATIONAL SCIENCE FOUNDATION,"TASK B: NSF HRM OPERATIONS (FRONT OFFICE SUPPORT), STAFFING AND CLASSIFICATION BRANCH (SCB), POSITION MANAGEMENT/POSITION DESCRIPTION MODERNIZATION (PDM) SUPPORT",2/18/2025,,265365,0,265365
NATIONAL SCIENCE FOUNDATION,TASK B: HRM OPERATIONS (FRONT OFFICE SUPPORT)SUBTASK 1: EXECUTIVE ADMINISTRATIVE ASSISTANT SUPPORT,2/18/2025,,219816,0,219816
NATIONAL SCIENCE FOUNDATION,ASK B: FRONT OFFICE SUPPORT SUBTASK 12: PAY AND BENEFITS SERVICES (PBS) BRANCH ADMINISTRATIVE SUPPORT,2/18/2025,,215877,0,215877
NATIONAL SCIENCE FOUNDATION,HUMAN RESOURCES CONSULTING SUPPORT,2/18/2025,,188910,0,188910
NATIONAL SCIENCE FOUNDATION,HUMAN RESOURCES CONSULTING SUPPORT,2/18/2025,,165432,0,165432
NATIONAL SCIENCE FOUNDATION,TASK B: FO SUPPORT SUBTASK: COMPENSATION SUPPORT (PAY-SETTING),2/18/2025,,147795,0,147795
NATIONAL SCIENCE FOUNDATION,"TASK B: HRM OPERATIONS (FRONT OFFICE SUPPORT), SUBTASK 33: DIRECTORATE FOR MATHEMATICAL AND PHYSICAL SCIENCES (MPS) BUSINESS OPERATIONS MANAGER (BOM) COHORT-BASED LEADERSHIP DEVELOPMENT SUPPORT",2/18/2025,,138055,0,138055
NATIONAL SCIENCE FOUNDATION,SUPPORT FOR EMERGING FRONTIERS AND MULTIDISCIPLINARY ACTIVITIES (EFMA) REM CONFERENCE,2/18/2025,,104906,0,104906
NATIONAL SCIENCE FOUNDATION,HUMAN RESOURCES CONSULTING SUPPORT - TASK B: HRM OPERATIONS (FRONT OFFICE SUPPORT) SUBTASK 1: HIRING MANAGER TOOLKIT SUPPORT,2/18/2025,,68625,0,68625
NATIONAL SCIENCE FOUNDATION,"NATIONAL ACADEMIES OF SCIENCE SPONSORSHIP - ROUNDTABLE ON PLASTICS, BY OCEAN STUDIES BOARD AND THE BOARD ON CHEMICAL SCIENCES AND TECHNOLOGY OF THE DIVISION ON EARTH AND LIFE STUDIES",2/18/2025,,50000,50000,0
NATIONAL SCIENCE FOUNDATION,HUMAN RESOURCES CONSULTING SUPPORT: TASK B:HUMAN RESOURCE MANAGEMENT OPERATIONS FRONT OFFICE SUPPORT SUBTASK 2: SECTION 508,2/18/2025,,43234,0,43234
NATIONAL SCIENCE FOUNDATION,ANNUAL SUBSCRIPTION OF THE WESTLAW EDGE LEGAL SOLUTION,2/20/2025,,525383,330456,194927
NATIONAL SCIENCE FOUNDATION,THOMSON REUTERS CLEAR,2/20/2025,,152381,33520,118861
NATIONAL SCIENCE FOUNDATION,Membership in the Federal Human Capital Collaborative,2/28/2025,,82500,66000,16500
NATIONAL SCIENCE FOUNDATION,Training: Excellence in Government Fellows Program,2/28/2025,,12900,0,12900
NATIONAL SCIENCE FOUNDATION,Training: Excellence in Government Fellows Program,2/28/2025,,12900,0,12900
NATIONAL SCIENCE FOUNDATION,Marketing and support services related to the SBIR program,3/4/2025,,12264906,1209354,11055552
NATIONAL SCIENCE FOUNDATION,INFORMATION TECHNOLOGY MISSION APPLICATION SUPPORT,3/10/2025,,419341814,8000000,411341814
NATIONAL TRANSPORTATION SAFETY BOARD,EIG Training - Partnership for Public Service,2/28/2025,,51600,0,51600
NATIONAL TRANSPORTATION SAFETY BOARD,Organization Development Services,3/10/2025,,46810,23405,23405
NATIONAL TRANSPORTATION SAFETY BOARD,Position Classification Services,3/10/2025,,100000,0,100000
NUCLEAR REGULATORY COMMISSION,DIVERSITY AND INCLUSION SUPPORT SERVICES,1/28/2025,,804716,446631,358085
NUCLEAR REGULATORY COMMISSION,E&E ELECTRONIC NEWSLETTERS SUBSCRIPTION,2/10/2025,,198858,96684,102174
NUCLEAR REGULATORY COMMISSION,ENHANCEMENT AND MAINTENANCE OF SACADA-2,2/18/2025,,878500,431378,447122
NUCLEAR REGULATORY COMMISSION,3 year Charter Membership Subscription Renewal in the Federal Human Capital Collaborative,2/28/2025,,44550,0,44550
NUCLEAR REGULATORY COMMISSION,OFFICE OF NUCLEAR REACTOR REGULATION AGILE STRATEGIC PLANNING INITIATIVE,2/18/2025,,261022,11138,249884
NUCLEAR REGULATORY COMMISSION,EMERGENCY PREPAREDNESS OVERSIGHT FOR SMALL MODULAR REACTOR & OTHER NEW TECHNOLOGIES,2/18/2025,,256969,0,256969
NUCLEAR REGULATORY COMMISSION,EXPERT LEGAL SERVICES TO CONDUCT A SENIOR MANAGEMENT INQUIRY,2/18/2025,,250000,0,250000
NUCLEAR REGULATORY COMMISSION,THE PURPOSE OF THIS REQUISITION IS TO OBTAIN A CONTRACTOR TO PERFORM EEO TRAINING FOR OUR COLLATERAL DUTY EEO COUNSELORS.,2/18/2025,,24999,0,24999
NUCLEAR REGULATORY COMMISSION,NRC RECRUITMENT AND RETENTION INTEGRATED MARKETING SERVICES,3/4/2025,,2310265,1590265,720000
OFFICE OF PERSONNEL MANAGEMENT,"This acquisition will support OPM Human Resource Solutions (HRS)/Federal Staffing Center (FSC) requirements to provide effective solutions to attract, assess, and build a high-quality Federal workforce. Within the FSC, the Staff Acquisition Group (SAG) provides expertise to Federal customers seeking assistance with the entire spectrum of workforce planning: recruitment, examining, consulting, and strategic staffing and to provide practical solutions to meet agencies talent acquisition challenges.",1/28/2025,,45593373,23744213,21849160
OFFICE OF PERSONNEL MANAGEMENT,Variety of branding and marketing services in support of client agencies efforts to attract and build a high quality public sector workforce.,1/29/2025,,3323309,2000000,1323309
OFFICE OF PERSONNEL MANAGEMENT,SERVICES IN SUPPORT OF THE IMPLEMENTATION OF EXECUTIVE ORDER 14035,2/10/2025,,7211760,0,7211760
OFFICE OF PERSONNEL MANAGEMENT,SP-HRS-598233 USAID OVERFLOW LODGING FEB MARCHARLOTTESVILLE FOR PROGRAM PARTICIPANTS.,3/5/2025,,64980,0,64980
OFFICE OF PERSONNEL MANAGEMENT,ODEIA RECRUITMENT AND BRANDING SUPPORT CALL 23,2/12/2025,,2211715,1773141,438574
OFFICE OF PERSONNEL MANAGEMENT,Commercial support from VMWare for Tanzu RabbitMQ Open Source software.,2/27/2025,,37829,0,37829
OFFICE OF PERSONNEL MANAGEMENT,Remove Zoom Licenses,3/4/2025,,118000,0,118000
OFFICE OF PERSONNEL MANAGEMENT,"Provide recruitment, branding and marketing support to OPM ODEIA in their efforts to build and maintain a successful talent sourcing strategy and provide technical assistance and guidance for agencies on proactively targeting a diverse workforce.",3/4/2025,,1835974,1600635,235339
RAILROAD RETIREMENT BOARD,DEIA DATA ANALYTICS AND REPORTING SOLUTION,1/29/2025,,157500,0,157500
SECURITIES AND EXCHANGE COMMISSION,OMWI DIVERSITY AND INCLUSION (DI) PAID STUDENT INTERNSHIP 2024 SUMMER PROGRAM,2/6/2025,,443636,0,443636
SECURITIES AND EXCHANGE COMMISSION,ACCESS TO POLITICO PRO US AND POLITICO PRO EU,2/7/2025,,489073,217468,271605
SECURITIES AND EXCHANGE COMMISSION,OFFICE OF MINORITY AND WOMEN INCLUSION (OMWI) FACILITATION AND RELATED SERVICES,2/18/2025,,4000000,4000000,0
SECURITIES AND EXCHANGE COMMISSION,OMWI PROFESSIONAL SUPPORT SERVICES,2/18/2025,,607028,482059,124969
SECURITIES AND EXCHANGE COMMISSION,"OMWI COTS TRAINING ""SUCCESSFUL CULTURE AND PEOPLE INITIATIVES; A CASE-BASED LEARNING LAB""",2/18/2025,,9500,0,9500
SECURITIES AND EXCHANGE COMMISSION,ADMIN SUPPORT TO THE EXAM DEPARTMENT,2/19/2025,,3001134,1994272,1006862
SECURITIES AND EXCHANGE COMMISSION,TRAINING DEVELOPMENT FOR OCIE,2/19/2025,,811238,164086,647152
SECURITIES AND EXCHANGE COMMISSION,EXPERT SERVICES (ENF),2/19/2025,,766300,0,766300
SECURITIES AND EXCHANGE COMMISSION,EXPERT SERVICES,2/19/2025,,535375,117515,417860
SECURITIES AND EXCHANGE COMMISSION,2023 FEDERAL EMPLOYEE VIEWPOINT SURVEY (FEVS) SUPPORT.,2/19/2025,,165632,5717,159915
SECURITIES AND EXCHANGE COMMISSION,EXPERT WITNESS SERVICES CONTRACT,2/19/2025,,75000,0,75000
SECURITIES AND EXCHANGE COMMISSION,Expert Services.,2/19/2025,,50600,0,50600
SECURITIES AND EXCHANGE COMMISSION,legal ethics expert consultant,2/19/2025,,41000,0,41000
SECURITIES AND EXCHANGE COMMISSION,EXPERT WITNESS SERVICES,2/19/2025,,25000,0,25000
SECURITIES AND EXCHANGE COMMISSION,THE PURPOSE OF THIS PURCHASE ORDER IS TO RENEW ASSOCIATION FOR COMPUTING MACHINERY (ACM) DIGITAL LIBRARY. WE ARE REQUESTING BASE PLUS 4 OPTION YEARS. THE ACM DIGITAL LIBRARY CONTAINS THE FULL TEXT FOR ARTICLES PUBLISHED IN ACM AND AFFILIATED ORGANIZA,2/20/2025,,101564,42435,59129
SECURITIES AND EXCHANGE COMMISSION,EXPERT WITNESS SERVICES,2/21/2025,,108081,0,108081
SECURITIES AND EXCHANGE COMMISSION,EXPERT WITNESS SERVICES,2/25/2025,,813835,0,813835
SECURITIES AND EXCHANGE COMMISSION,EXPERT WITNESS SERVICES,2/25/2025,,182277,0,182277
SECURITIES AND EXCHANGE COMMISSION,TRAINING COORDINATION SUPPORT SERVICES,2/25/2025,,137160,0,137160
SECURITIES AND EXCHANGE COMMISSION,EXPERT WITNESS SERVICES,2/25/2025,,16012,0,16012
SECURITIES AND EXCHANGE COMMISSION,EXPERT WITNESS SERVICES,2/26/2025,,547735,0,547735
SECURITIES AND EXCHANGE COMMISSION,EXPERT WITNESS SERVICES,2/26/2025,,435955,0,435955
SECURITIES AND EXCHANGE COMMISSION,EXPERT SERVICES,2/26/2025,,360615,0,360615
SECURITIES AND EXCHANGE COMMISSION,EXPERT WITNESS SERVICES,2/26/2025,,267529,0,267529
SECURITIES AND EXCHANGE COMMISSION,EO014042EXPERT SERVICES,2/26/2025,,251622,0,251622
SECURITIES AND EXCHANGE COMMISSION,EXPERT WITNESS SERVICES,2/26/2025,,194677,0,194677
SECURITIES AND EXCHANGE COMMISSION,EXPERT WITNESS SERVICES,2/26/2025,,167922,0,167922
SECURITIES AND EXCHANGE COMMISSION,"ACQUISITION OVERSIGHT, ADVISORY, AND CONSULTING SUPPORT - BASE PERIOD",2/19/2025,,2417996,537271,1880725
SECURITIES AND EXCHANGE COMMISSION,SAN FRANCISCO REGIONAL OFFICE TENANT IMPROVEMENT COMPREHENSIVE FURNITURE MANAGEMENT SERVICES,2/19/2025,,1659513,0,1659513
SECURITIES AND EXCHANGE COMMISSION,INFORMATION TECHNOLOGY (IT) INTERNAL CONTROL SUPPORT,2/19/2025,,1478867,1201427,277440
SECURITIES AND EXCHANGE COMMISSION,MIAMI REGIONAL OFFICE COMPREHENSIVE FURNITURE MANAGEMENT SERVICES,2/19/2025,,425528,0,425528
SECURITIES AND EXCHANGE COMMISSION,PROVIDE PROJECT SUPPORT SERVICES FOR THE TOTAL REWARDS GROUP PROGRAMS.,2/19/2025,,171181,0,171181
SECURITIES AND EXCHANGE COMMISSION,EDW 2.0,3/10/2025,,77748671,2126179,75622492
SMALL BUSINESS ADMINISTRATION,DEIA Training,1/22/2025,,553792,325795,227997
SMALL BUSINESS ADMINISTRATION,"NEAL R GROSS-COURT REPORTING SERVICES FOR THE OFFICE OFDIVERSITY, INCLUSION AND CIVIL RIGHTS",2/12/2025,,255000,225739,29261
SMALL BUSINESS ADMINISTRATION,COMMUNITY NAVIGATORS OUTCOME EVALUATION AWARD,2/18/2025,,169958,0,169958
SMALL BUSINESS ADMINISTRATION,THRIVE Emerging Leaders National Training Program exercise.,2/26/2025,,11115903,1403102,9712801
SMALL BUSINESS ADMINISTRATION,"Black and Latina Women-Owned Surge Research for the National Women's Business Council, Small Business Administration",2/26/2025,,239000,197219,41781
SMALL BUSINESS ADMINISTRATION,SBA 408 Report to Congress on 8(a) program.,2/26/2025,,73513,18343,55170
SMALL BUSINESS ADMINISTRATION,DIGITAL SIGNAGE & GRAPHIC DESIGN SUPPORT,3/5/2025,,151163,13059,138104
SMALL BUSINESS ADMINISTRATION,"EVALUATION, RESEARCH, AND EVIDENCE-BUILDING SERVICES TO SUPPORT PERFORMANCE MANAGEMENT",2/14/2025,,8000000,8000000,0
SMALL BUSINESS ADMINISTRATION,"PROJECT MANAGEMENT, DATA COLLECTION AND ANALYSIS, REPORTS AND BRIEFING FOR THE OFFICE OF INVESTMENT AND INNOVATION, SMALL BUSINESS ADMINISTRATION.",2/14/2025,,955610,607078,348532
SMALL BUSINESS ADMINISTRATION,"[Contract for expired Shuttered Venue Program] THE CONTRACT SHALL PROVIDE SUPPORT FOR RISK ASSESSMENTS, PROGRAMMATIC AND FISCAL MONITORING, DATA COLLECTION, AND REPORTING, AS WELL AS PROVIDING OVERSIGHT FOR PROGRAM EXECUTION AND ENSURING COMPLIANCE WITH REGULATIONS AS IDENTIFIED IN THE STATEMENT",2/14/2025,,457352,0,457352
SMALL BUSINESS ADMINISTRATION,SUPERVISORY/MANAGER HUMAN RESOURCES TRAINING,2/18/2025,,453000,367600,85400
SMALL BUSINESS ADMINISTRATION,Cloud provider for SFDC license that enabled RER Solutions,2/26/2025,,17983625,4706326,13277299
SMALL BUSINESS ADMINISTRATION,"Financial Accounting, Quality Assurance, and Financial Reporting Services exercise",2/26/2025,,4493319,1135802,3357517
SMALL BUSINESS ADMINISTRATION,"The U.S. Small Business Administration (SBA), Office of Disaster Assistance (ODA), requests contractor assistance with ongoing process improvement validation and implementation as a result of the completed After Action Report for the Agency’s response to the 2017 Hurricanes Harvey, Irma and Maria (HIM). In addition, ODA anticipates completing similar After-Action Reports for future large-scale disasters that may occur, and ODA is seeking contractor assistance with other process improvements identified during these reviews.",2/26/2025,,3596564,359657,3236907
SMALL BUSINESS ADMINISTRATION,Consulting to help achieve a clean audit,2/26/2025,,3584451,2367998,1216453
SMALL BUSINESS ADMINISTRATION,Consulting to help achieve a clean audit,2/26/2025,,2307255,2307255,0
SMALL BUSINESS ADMINISTRATION,QA for pandemic controls and processes,2/26/2025,,1903168,259545,1643623
SMALL BUSINESS ADMINISTRATION,Legacy COVID / EIDL before it moved to Cap Access,2/26/2025,,1593303,404212,1189091
SMALL BUSINESS ADMINISTRATION,Shuttered Venue Operators Grant (SVOG) auditing services in support of the Office of Disaster Assistance (ODA).,2/26/2025,,731172,191692,539480
SMALL BUSINESS ADMINISTRATION,COVID / EIDL Credit Scores,2/26/2025,,686039,331523,354516
SMALL BUSINESS ADMINISTRATION,Consulting to help achieve a clean audit,2/26/2025,,675222,473243,201979
SMALL BUSINESS ADMINISTRATION,Communications for COVID / EIDL borrowers,2/26/2025,,646026,136947,509079
SMALL BUSINESS ADMINISTRATION,NGPC - guaranty purchase reviews,2/26/2025,,365369,5976,359393
SMALL BUSINESS ADMINISTRATION,Consulting to help achieve a clean audit,2/26/2025,,305700,303865,1835
SMALL BUSINESS ADMINISTRATION,call center modification,2/26/2025,,180000,128335,51665
SMALL BUSINESS ADMINISTRATION,Communications for COVID / EIDL borrowers,2/26/2025,,147798,147797,1
SOCIAL SECURITY ADMINISTRATION,"CONVENE AND MODERATE FOCUS GROUPS TO HELP IDENTIFY STRUCTURAL BARRIERS TO WOMENS FINANCIAL ADVANCEMENT, DESIGN SOLUTIONS TO OVERCOMING THESE BARRIERS, AND TO BETTER ADDRESS LABOR MARKET DISPARITIES AND IMPROVE RETIREMENT OUT",1/29/2025,,419022,109224,309798
SOCIAL SECURITY ADMINISTRATION,Consultant services to provide support for the agencys sustainability program and associated reporting requirements,2/5/2025,,288632,61587,227045
SOCIAL SECURITY ADMINISTRATION,"Four (4) Politico PRO Plus annual licenses, through period of performance: 11/15/2024 - 11/14/2025",2/13/2025,,14000,0,14000
SOCIAL SECURITY ADMINISTRATION,Disability Research Surveys (DRS) Task 3 - Children and Youth SSI Recipient Survey,2/18/2025,,10685992,10685992,0
SOCIAL SECURITY ADMINISTRATION,New Applicant Survey Task Order,2/18/2025,,7373252,7373252,0
SOCIAL SECURITY ADMINISTRATION,"The contractor shall provide support to advance the capabilities of the agency’s Customer Experience (CX) program, through both maturing the agency’s foundational customer experience framework and implementation of CX practices to identify, recommend, and implement specific enhancements to the agency’s IT, policy, and/or business practices to improve the customer experience",2/18/2025,,3303010,3303010,0
SOCIAL SECURITY ADMINISTRATION,"OBTAIN CONTRACTOR SERVICES FOR A TECHNICAL EXPERT PANEL (TEP) FOR AGE-18 REDETERMINATIONS TO PROVIDE INDEPENDENT, INFORMED RECOMMENDATIONS ABOUT POTENTIAL INTERVENTIONS FOR LEGAL SUPPORT DURING THE AGE-18 REDETERMINATION.",2/18/2025,,198235,198235,0
SOCIAL SECURITY ADMINISTRATION,National Beneficiary Survey,2/19/2025,,6439159,0,6439159
SOCIAL SECURITY ADMINISTRATION,"Professional Support Services for the Office of Strategy, Learning, and Workforce Development (OSLWD).",2/19/2025,,2330590,0,2330590
SOCIAL SECURITY ADMINISTRATION,"DISABILITY ANALYSIS FILE (DAF) CONSTRUCTION: THE CONTRACTOR WILL BE DEVELOPING THE DISABILITY ANALYSIS FILE, MAKING SIGNIFICANT ADJUSTMENTS TO THE FILE STRUCTURE AND PROCESSING TO ENSURE GREATER EFFICIENCIES AND DISCLOSURE PROTECTIONS",2/19/2025,,1299050,0,1299050
SOCIAL SECURITY ADMINISTRATION,"DISABILITY ANALYSIS FILE (DAF) CONSTRUCTION: THE CONTRACTOR WILL BE DEVELOPING THE DISABILITY ANALYSIS FILE, MAKING SIGNIFICANT ADJUSTMENTS TO THE FILE STRUCTURE AND PROCESSING TO ENSURE GREATER EFFICIENCIES AND DISCLOSURE PROTECTIONS",2/19/2025,,1297464,0,1297464
SOCIAL SECURITY ADMINISTRATION,ANALYSIS OF SSAS IT PORTFOLIO -- THE CONTRACTOR SHALL PROVIDE INDEPENDENT AND OBJECTIVE ANALYSES AND RECOMMENDATIONS IN ORDER TO IDENTIFY CONTRACT COST SAVINGS OPPORTUNITIES WITHIN THE AGENCYS EXISTING IT PORTFOLIO,2/19/2025,,629238,0,629238
SOCIAL SECURITY ADMINISTRATION,AGENCY PRODUCT FRAMEWORK SERVICES - EMPLOYEE EXPERIENCE/ORGANIZATIONAL HEALTH AND DESIGN IMPROVEMENT.,2/19/2025,,399965,0,399965
SOCIAL SECURITY ADMINISTRATION,"THE PURPOSE OF THIS REQUIREMENT IS TO OBTAIN SERVICES TO ENHANCE PLAN OF ACTION AND MILESTONE (POA&M) MANAGEMENT, SUPPORT EXPANDING WORKLOAD AND MECHANISMS FOR MONITORING COMPLIANCE TO FEDERAL AND SSA SECURITY STANDARDS",2/19/2025,,345941,0,345941
SOCIAL SECURITY ADMINISTRATION,Vocational Expert (VE) Consultative Services to Support the Social Security Administration (SSA) Disability Program’s Policy and Practice,2/19/2025,,197143,99692,97451
SOCIAL SECURITY ADMINISTRATION,SUPPLEMENTAL SECURITY INCOME OUTREACH EVALUATION (SSI-OE) PROJECT FOR TWO SUPPLEMENTAL SECURITY INCOME (SSI) OUTREACH INITIATIVES: (1) THIRD PARTY ASSISTANCE (TPA) AND (2) ELECTRONIC SSA PROTECTIVE FILING TOOL (ESPF).,2/20/2025,,6608711,1095729,5512982
SOCIAL SECURITY ADMINISTRATION,"MARYLAND (MD) - ENUMERATION AT BIRTH (EAB) AND RACE AND ETHNICITY (RE) RECORDS (Note: Only the DEI values are included in the ceiling, dollars obligated and saving values)",2/20/2025,,1896297,1567168,329129
SOCIAL SECURITY ADMINISTRATION,"THE PURPOSE OF THIS DELIVERY ORDER IS TO RENEW THE CQ.COM ONLINE DATABASE SUBSCRIPTION, PROVIDED BY CQ-ROLL CALL, INC. THROUGH FEDLINK IDIQ CONTRACT #: LCFDL23D0031.",2/20/2025,,454834,341125,113709
SOCIAL SECURITY ADMINISTRATION,National Journal Daily and the Hotline provide in-depth information on legislative processes that may affect SSA. The on-line news services will enable SSA to prepare for mandated Congressional Hearings and testimony that relate to the Congress of the United States and to search for markups to SSA programs.,2/20/2025,,242085,185920,56165
SOCIAL SECURITY ADMINISTRATION,The purpose of modification is to exercise option year two (2). Period of Performance 10/01/2024 thru 09/30/2025. Annual subscriptions to legislative tracking service known as National Journal.com,2/20/2025,,124759,52126,72633
SOCIAL SECURITY ADMINISTRATION,"CQ-ROLL CALL, INTERNET-BASED LEGISLATIVE TRACKING SUBSCRIPTION. PERIOD OF PERFORMANCE: 10/01/2024 - 09/30/2025.",2/20/2025,,82954,0,82954
SOCIAL SECURITY ADMINISTRATION,"CQ-ROLL CALL, INC. CUSTOM TRANSCRIPTS SUBSCRIPTION. PERIOD OF PERFORMANCE: 10/01/2024 - 09/30/2025.",2/20/2025,,14325,0,14325
SOCIAL SECURITY ADMINISTRATION,"ARIZONA (AZ) - ENUMERATION AT BIRTH (EAB) AND RACE AND ETHNICITY (RE) RECORDS (Note: Only the DEI values are included in the ceiling, dollars obligated and saving values)",2/24/2025,,2163752,1788197,375555
SOCIAL SECURITY ADMINISTRATION,"MICHIGAN (MI) - ENUMERATION AT BIRTH (EAB) AND RACE AND ETHNICITY (RE) RECORDS (Note: Only the DEI values are included in the ceiling, dollars obligated and saving values)",2/25/2025,,2915332,2409329,506003
SOCIAL SECURITY ADMINISTRATION,"New Mexico Enumeration at Birth: Collection of Race & Ethnicity Data for Newborn and Newborn's Parents for Research and Statistical Purposes (Note: Only the DEI values are included in the ceiling, dollars obligated and saving values)",2/26/2025,,594031,490926,103105
SOCIAL SECURITY ADMINISTRATION,"National Association for Public Health and Information Systems, Inc: STEVE Mailbox to Transmit Race & Ethnicity Data from Birth Records Sent to SSA by States and Various Jurisdictions (Note: Only the DEI values are included in the ceiling, dollars obligated and saving values)",2/26/2025,,484457,302160,182297
SOCIAL SECURITY ADMINISTRATION,"Rhode Island Enumeration at Birth: Collection of Race & Ethnicity Data for Newborn and Newborn's Parents for Research and Statistical Purposes (Note: Only the DEI values are included in the ceiling, dollars obligated and saving values)",2/26/2025,,290588,240151,50437
SOCIAL SECURITY ADMINISTRATION,"Commonwealth of the Northern Mariana Islands Enumeration at Birth: Collection of Race & Ethnicity Data for Newborn and Newborn's Parents for Research and Statistical Purposes (Note: Only the DEI values are included in the ceiling, dollars obligated and saving values)",2/26/2025,,15827,13080,2747
SOCIAL SECURITY ADMINISTRATION,Gender X marker project,2/1/2025,,560000,560000,0
SOCIAL SECURITY ADMINISTRATION,DEVELOPMENT AND CONSTRUCTION OF DISABILITY ANALYSIS FILE,2/18/2025,,1323030,1323030,0
SOCIAL SECURITY ADMINISTRATION,"MEDICAL EXPERT SERVICES FOR REGION 10. TASK ORDER FOR REGION 10 TO ORDER INTERROGATORIES, STUDIES, AND TESTIMONIES.",2/18/2025,,526450,326870,199580
SOCIAL SECURITY ADMINISTRATION,"SSA OHO REQUIRES THE SERVICES OF A CONTRACTOR TO PROVIDE ME WITNESSES TO PROVIDE STUDY, INTERROGATORIES AND TESTIMONY IN HEARINGS BEFORE AN ALJ AT WHICH CLAIMANTS ARE APPEALING DENIAL OF CERTAIN BENEFITS ADMINISTERED BY SSA FOR REGION 8.",2/18/2025,,184430,102030,82400
SOCIAL SECURITY ADMINISTRATION,"MEDICAL EXPERT SERVICES FOR REGION NATIONAL HEARING CENTER. TASK ORDER FOR THE NATIONAL HEARING CENTER TO ORDER INTERROGATORIES, STUDIES, AND TESTIMONIES.",2/18/2025,,112960,78560,34400
SOCIAL SECURITY ADMINISTRATION,IMPLEMENTATION OF A CYBER SECURITY RISK MANAGEMENT (CSRM) PROGRAM AT THE SOCIAL SECURITY ADMINISTRATION,2/19/2025,,938648,0,938648
SOCIAL SECURITY ADMINISTRATION,"ENVIRONMENTAL, HEALTH, AND SAFETY CONSULTATION FOR THE OFFICE OF ENVIRONMENTAL HEALTH AND OCCUPATIONAL SAFETY FOR THE SOCIAL SECURITY ADMINISTRATION HQ LOCATED IN WOODLAWN, MARYLAND.",2/19/2025,,938152,782152,156000
SOCIAL SECURITY ADMINISTRATION,CONTRACTOR SUPPORT SERVICES FOR CONSULTING AND ADVISORY SERVICES IN SUPPORT OF THE NEXT GENERATION TELEPHONY PROJECT (NGTP) PROGRAM.,2/19/2025,,468000,93600,374400
SOCIAL SECURITY ADMINISTRATION,SSA requires F5 Inc. professional services consulting hour to provide expertise in solution development and implement F5 solutions according to best practices.,2/19/2025,,155914,99218,56696
SOCIAL SECURITY ADMINISTRATION,"IT hardware sourcing and evaluation services to assist in making critical purchasing decisions for a variety of hardware including laptops, printers, network equipment, storage equipment, servers, mainframes, etc. SSA requires assistance in determining cost and pricing information to drive immediate, material savings and IT sourcing effectiveness, including analytics with benchmark data, insight into supplier (and supplier channel) motivations, and what peer buyers are doing to optimize the licensing, cost, business terms, and compliance position of each sourcing event.",2/19/2025,,144465,0,144465
SOCIAL SECURITY ADMINISTRATION,CRISIS ADVISORY TEAM (CAT) TRAINING,2/19/2025,,98684,70088,28596
SOCIAL SECURITY ADMINISTRATION,"The contractor provides consultant services and expert testimony in support of ongoing litigation pertaining to the Agency's self-service kiosks. Services include conducting kiosk design testing. This testing may take place at several points in the design process, and may be done through design documents, prototypes, non-production environments, and production environments at SSA headquarters or elsewhere. Additionally, the contractor will provide expert testimony or otherwise participate in legal proceedings.",2/21/2025,,1000000,745724,254276
SURFACE TRANSPORTATION BOARD,"TO AWARD A TASK ORDER TO NUVOLOGIC CONSULTING, INC. IN THE AMOUNT OF $307,990.83 VIA THE CREATION OF CONTRACT LINE ITEM 00001 FOR A BASE PLUS FOUR OPTIONAL PERIODS. THE AWARD WILL DOCUMENT BUSINESS PROCESSES WITHIN OFFICE OF PROCEEDINGS OR FOR WHICH",2/14/2025,,307990,0,307990
SURFACE TRANSPORTATION BOARD,TO ESTABLISH A CONTRACT VIA NASA SEWP FOR A BASE PLUS TWO OPTIONAL PERIODS. VIA THE CREATION OF CONTRACT LINE ITEMS 00001-00003. THE TASK ORDER WILL CONTINUE TO PROVIDE THE STB MICROSOFT AND MS365 SUPPORT SERVICES FOR ISSUE RESOLUTION.,2/14/2025,,80093,0,80093
USAID,USAID/BURMA DIVERSITY AND INCLUSION SCHOLARSHIP PROGRAM (DISP),2/12/2025,,45288500,28038500,17250000
USAID,"DEIA buy-in to M MAPS (Resonance) contract DEIA Call order to MAP BPA to provide general support to the Office of Diversity, Equity, Inclusion and Accessibility (DEIA).",2/12/2025,,11214930,3814930,7400000
USAID,Provide high quality training services and support to USAID offices worldwide.,2/12/2025,,6686160,1794280,4891880
USAID,SEE FPDS,2/12/2025,,1183791,468771,715020
USAID,SEE FPDS,2/12/2025,,1033842,479522,554320
USAID,"DIVERSITY, EQUITY, AND INCLUSION (DEI) SPECIALIST, HBMO",2/12/2025,,1018354,834889,183465
USAID,"NEW PSC TO SERVE AS A (DIVERSITY, EQUITY, AND INCLUSION) DEI SPECIALIST, HBMO, YR 1",2/12/2025,,859057,400371,458686
USAID,SEE FPDS,2/12/2025,,380868,0,380868
USAID,"STRATEGIC PLANNING AND ACTIVITY DESIGN ADVISOR , TPQ, YR. 1",2/12/2025,,367462,15000,352462
USAID,SEE FPDS,2/12/2025,,339310,0,339310
USAID,"SUPPORT RELIEF GROUP RESPONSE RESOURCE SPECIALIST (SRG-RRS), FARO, YR 1.",2/12/2025,,291237,23000,268237
USAID,DEIA-M TRAINING SERVICES: CYBERSECURITY CAPACITY STRENGTHENING AND INTEGRATION INTO FOREIGN ASSISTANCE PROGRAMMING,2/12/2025,,250000,0,250000
USAID,OE INTERNATIONAL PROJECT FINANCE ASSOCIATE - PSC B. BUTCHER,2/18/2025,,265257,140779,124478
USAID,This task Order is for Federal Information Security Modernization Act (FISMA) Audit Services.,2/28/2025,,1055089,763946,291143
USAID,"THE CIVIC EDUCATION/YOUTH/DEMOCRATIC CULTURE SPECIALIST WILL BE A SUBJECT MATTER EXPERT REGARDING GLOBAL DEVELOPMENT ISSUES RELATING TO CIVIC EDUCATION, YOUTH ENGAGEMENT, AND DEMOCRATIC CULTURE, AND WILL ENGAGE IN A DIVERSE SET OF WORK ASSIGNMENTS RE",2/28/2025,,783917,32299,751618
USAID,"Activities under RAMS TO #01 will promote increased agricultural production, trade, improved policies, finance and investment, and resilience to shocks and stresses in the East Africa region by addressing agricultural issues that can only be solved on a regional basis.",3/1/2025,,22995018,18253267,4741751
USAID,"PASCO is a commodity distribution program whose objective is to improve lifesaving commodity availability at SDPs through ZAMMSA. PASCO takes the current 3PL activity managed by the GHSC-PSM project a step further by including last mile distribution and strategic logistics management. Under the leadership of USAID, and in consultation with ZAMMSA, the activity will provide fourth party logistics (4PL) services which include, but are not limited to, distribution and transportation management. The purpose of PASCO is to create sustainable access to safe, effective, quality-assured, affordable lifesaving health commodities by strengthening capacity for transportation and distribution systems. The activity has the following overarching objectives: Objective 1: Improve the effectiveness and efficiency of the distribution and transportation system by responding to the needs of the GRZ through ZAMMSA to deliver commodities from the central medical stores warehouse to regional hubs and SDPs on a routine basis. Objective 2: PASCO will identify technical assistance and management components of the transportation and distribution system that can be transitioned and supported by other donors and GRZ by the end of the project for ownership by the host government.",3/1/2025,,20000000,20000000,0
USAID,Requisition for promotional items,3/1/2025,,20316,0,20316
USAID,"Request for the meeting hall reservation for financial management training July 13, 14, 17 and 18 with a total cost USD 25,000.",3/1/2025,,18632,0,18632
USAID,"NEW PSC TO SERVE AS A MONITORING & EVALUATION ADVISOR, TPQ, 5YR",3/6/2025,,1127648,924044,203604
USAID,"PROGRAM OPERATIONS SPECIALIST, AFRICA, 5 YR.",3/7/2025,,621524,510976,110548
USAID,"SUPPORT RELIEF GROUP (SRG) PHARMACEUTICAL AND MEDICAL COMMODITIES (PMC) ADVISOR, BASE, YR 1",3/7/2025,,1146380,929591,216789
USAID,"PROGRAM OPERATIONS SPECIALIST, AFRICA, 5 YR.",3/7/2025,,686211,567692,118519
USAID,"UNITED STATES PERSONAL SERVICES CONTRACT IN SUPPORT OF THE OFFICE OF TRANSITION INITIATIVES, FIELD PROGRAM DIVISION AND ITS OBJECTIVES.",3/7/2025,,1046844,670267,376577
USAID,"UNITED STATES PERSONAL SERVICES CONTRACT IN SUPPORT OF THE OFFICE OF TRANSITION INITIATIVES, FIELD PROGRAM DIVISION AND ITS OBJECTIVES.",3/7/2025,,1057011,634025,422986
USAID,"UNITED STATES PERSONAL SERVICES CONTRACT IN SUPPORT OF THE OFFICE OF TRANSITION INITIATIVES, OPERATIONS AND MANAGEMENT DIVISION AND ITS OBJECTIVES.",3/7/2025,,837958,540189,297769
USAID,"UNITED STATES PERSONAL SERVICES CONTRACT IN SUPPORT OF THE OFFICE OF TRANSITION INITIATIVES, FIELD PROGRAM DIVISION AND ITS OBJECTIVES.",3/7/2025,,889013,532498,356515
USAID,"HUMANITARIAN ASSISTANCE ADVISOR TO THE MILITARY, BASE, YR. 1",3/7/2025,,422477,213851,208626
USAID,"UNITED STATES PERSONAL SERVICES CONTRACT IN SUPPORT OF THE OFFICE OF TRANSITION INITIATIVES, FIELD PROGRAMS DIVISION AND ITS OBJECTIVES. SOCOM CONFLICT AND STABILIZATION ADVISOR.",3/7/2025,,861449,0,861449
USAID,"UNITED STATES PERSONAL SERVICES CONTRACT IN SUPPORT OF THE OFFICE OF TRANSITION INITIATIVES, FIELD PROGRAMS DIVISION AND ITS OBJECTIVES.",3/7/2025,,736181,0,736181
USAID,"UNITED STATES PERSONAL SERVICES CONTRACT IN SUPPORT OF THE OFFICE OF TRANSITION INITIATIVES, FIELD PROGRAMS DIVISION AND ITS OBJECTIVES.",3/7/2025,,740663,291914,448749
USAID,"UNITED STATES PERSONAL SERVICES CONTRACT IN SUPPORT OF THE OFFICE OF TRANSITION INITIATIVES, FIELD PROGRAMS DIVISION AND ITS OBJECTIVES.",3/7/2025,,962398,0,962398
USAID,"UNITED STATES PERSONAL SERVICES CONTRACT IN SUPPORT OF THE OFFICE OF TRANSITION INITIATIVES, FIELD PROGRAMS DIVISION AND ITS OBJECTIVES",3/7/2025,,948418,153535,794883
USAID,"UNITED STATES PERSONAL SERVICES CONTRACT IN SUPPORT OF THE OFFICE OF TRANSITION INITIATIVES, FIELD PROGRAMS DIVISION AND ITS OBJECTIVES.",3/7/2025,,652064,22220,629844
USAID,"UNITED STATES PERSONAL SERVICES CONTRACT IN SUPPORT OF THE OFFICE OF TRANSITION INITIATIVES, OPERATIONS MANAGEMENT DIVISION AND ITS OBJECTIVES.",3/7/2025,,593280,175005,418275
USAID,"HEALTH ADVISOR, TPQ, 5 YR.",3/7/2025,,1134001,929224,204777
USAID,"UNITED STATES PERSONAL SERVICES CONTRACT IN SUPPORT OF THE OFFICE OF TRANSITION INITIATIVES, FIELD PROGRAM DIVISION AND ITS OBJECTIVES.",3/7/2025,,709786,156131,553655
USAID,"UNITED STATES PERSONAL SERVICES CONTRACT IN SUPPORT OF THE OFFICE OF TRANSITION INITIATIVES, FIELD PROGRAM DIVISION AND ITS OBJECTIVES.",3/7/2025,,948531,228720,719811
USAID,"UNITED STATES PERSONAL SERVICES CONTRACT IN SUPPORT OF THE OFFICE OF TRANSITION INITIATIVES, FIELD PROGRAM DIVISION AND ITS OBJECTIVES.",3/7/2025,,615044,86140,528904
USAID,THE PURPOSE OF THIS PERSONAL SERVICES CONTRACT (PSC) IS TO ESTABLISH AN EMPLOYEE/EMPLOYER RELATIONSHIP WITH THE CONTRACTOR FOR PERFORMANCE OF SERVICES PERSONALLY BY HER AS A HUMANITARIAN ASSISTANCE OFFICER,3/7/2025,,811402,670935,140467
USAID,"UNITED STATES PERSONAL SERVICES CONTRACT IN SUPPORT OF THE OFFICE OF TRANSITION INITIATIVES, PROGRAM LEARNING AND INNOVATION DIVISION AND ITS OBJECTIVES.",3/7/2025,,726576,208721,517855
USAID,"UNITED STATES PERSONAL SERVICES CONTRACT IN SUPPORT OF THE OFFICE OF TRANSITION INITIATIVES, FIELD PROGRAM DIVISION AND ITS OBJECTIVES.",3/7/2025,,718183,283536,434647
USAID,"UNITED STATES PERSONAL SERVICES CONTRACT IN SUPPORT OF THE OFFICE OF TRANSITION INITIATIVES, FIELD PROGRAM DIVISION AND ITS OBJECTIVES.",3/7/2025,,768496,537459,231037
USAID,"UNITED STATES PERSONAL SERVICES CONTRACT IN SUPPORT OF THE OFFICE OF TRANSITION INITIATIVES, FIELD PROGRAM DIVISION AND ITS OBJECTIVES.",3/7/2025,,677272,377924,299348
USAID,"RESPONSE AND SYSTEMS OFFICER, FARO, 5 YEAR",3/7/2025,,1063942,871944,191998
USAID,"UNITED STATES PERSONAL SERVICES CONTRACT IN SUPPORT OF THE OFFICE OF TRANSITION INITIATIVES, FIELD PROGRAM DIVISION AND ITS OBJECTIVES.",3/7/2025,,806001,301317,504684
USAID,"ASSESSMENT, ANALYTICS AND COORDINATION ADVISOR, TPQ, 5 YR.",3/7/2025,,920719,756222,164497
USAID,"UNITED STATES PERSONAL SERVICES CONTRACT IN SUPPORT OF THE OFFICE OF TRANSITION INITIATIVES, FIELD PROGRAM DIVISION AND ITS OBJECTIVES.",3/7/2025,,918979,641712,277267
USAID,"UNITED STATES PERSONAL SERVICES CONTRACT IN SUPPORT OF THE OFFICE OF TRANSITION INITIATIVES, PROGRAM LEARNING AND INNOVATION DIVISION AND ITS OBJECTIVES.",3/7/2025,,715795,152374,563421
USAID,"UNITED STATES PERSONAL SERVICES CONTRACT IN SUPPORT OF THE OFFICE OF TRANSITION INITIATIVES, FIELD PROGRAM DIVISION AND ITS OBJECTIVES. SENIOR TRANSITION ADVISORNEW AWARD",3/7/2025,,130000,0,130000
USAID,"HUMANITARIAN OFFICER / SPECIALIST, G3PC, 5 YR.",3/7/2025,,787630,646769,140861
USAID,"NEW AWARD: SR. TRANSITION ADVISOR, BP, WW",3/7/2025,,1068072,875497,192575
USAID,"TO ESTABLISH AN EMPLOYEE/EMPLOYER RELATIONSHIP WITH THE CONTRACTOR FOR PERFORMANCE OF SERVICES PERSONALLY BY HER AS A SENIOR PHARMACY ADVISOR ( SPA ), TPQ, 5 YR.",3/7/2025,,1212908,995614,217294
USAID,"UNITED STATES PERSONAL SERVICES CONTRACT IN SUPPORT OF THE OFFICE OF TRANSITION INITIATIVES, FIELD PROGRAM DIVISION AND ITS OBJECTIVES.",3/7/2025,,876718,794093,82625
USAID,"UNITED STATES PERSONAL SERVICES CONTRACT IN SUPPORT OF THE OFFICE OF TRANSITION INITIATIVES, FIELD PROGRAM DIVISION AND ITS OBJECTIVES.",3/7/2025,,949091,777823,171268
USAID,"UNITED STATES PERSONAL SERVICES CONTRACT IN SUPPORT OF THE OFFICE OF TRANSITION INITIATIVES, FIELD AND PROGRAM DIVISION AND ITS OBJECTIVES.",3/7/2025,,1075356,871351,204005
USAID,"UNITED STATES PERSONAL SERVICES CONTRACT IN SUPPORT OF THE OFFICE OF TRANSITION INITIATIVES, OPERATIONS AND MANAGEMENT DIVISION AND ITS OBJECTIVES.",3/7/2025,,831074,426692,404382
USAID,"TECHNICAL PROGRAM OFFICER(TPO), TPQ, 5 YRS.",3/7/2025,,776164,642850,133314
USAID,"UNITED STATES PERSONAL SERVICES CONTRACT IN SUPPORT OF THE OFFICE OF TRANSITION INITIATIVES, FIELD PROGRAM DIVISION AND ITS OBJECTIVES.",3/7/2025,,1200137,1086851,113286
USAID,"UNITED STATES PERSONAL SERVICES CONTRACT IN SUPPORT OF THE OFFICE OF TRANSITION INITIATIVES, FIELD PROGRAM DIVISION AND ITS OBJECTIVES.",3/7/2025,,767084,546430,220654
USAID,"EO14042 UNITED STATES PERSONAL SERVICES CONTRACT IN SUPPORT OF THE OFFICE OF TRANSITION INITIATIVES, FIELD PROGRAM DIVISION AND ITS OBJECTIVES.",3/7/2025,,719333,146218,573115
USAID,"UNITED STATES PERSONAL SERVICES CONTRACT IN SUPPORT OF THE OFFICE OF TRANSITION INITIATIVES, OPERATIONS AND MANAGEMENT DIVISION AND ITS OBJECTIVES.",3/7/2025,,988170,79067,909103
USAID,"UNITED STATES PERSONAL SERVICES CONTRACT IN SUPPORT OF THE OFFICE OF TRANSITION INITIATIVES, OPERATIONS AND MANAGEMENT DIVISION AND ITS OBJECTIVES.",3/7/2025,,690711,0,690711
USAID,"HUMANITARIAN ASSISTANCE ADVISOR TO THE MILITARY (HAA/M), FARO, 2 YR.",3/7/2025,,379245,192257,186988
USAID,"SR. SUPPLY CHAIN MANAGEMENT OFFICER, FARO, 5 YEAR",3/7/2025,,1175284,951487,223797
USAID,BASE AWARD PSC - HUMANITARIAN ASSISTANCE OFFICER,3/7/2025,,764871,628759,136112
USAID,"INFECTIOUS DISEASE AND PANDEMICS (IDAP) COORDINATOR (IDAP), WASH, 5 YR.",3/7/2025,,955516,784671,170845
USAID,"HUMANITARIAN OFFICER SPECIALIST, G3PC, 5 YEAR",3/7/2025,,853853,699830,154023
USAID,"HUMANITARIAN ASSISTANCE OFFICER, OA",3/7/2025,,814789,673815,140974
USAID,"HUMANITARIAN ASSISTANCE OFFICER, MENAE, 5 YR.",3/7/2025,,892519,733766,158753
USAID,"HUMANITARIAN ASSISTANCE ADVISOR TO THE MILITARY (WORLDWIDE), FARO, YR 1.",3/7/2025,,348903,56991,291912
USAID,"SUPPORT RELIEF GROUP - GENERALIST, FARO, 5 YEAR",3/7/2025,,1118731,916753,201978
USAID,THE PURPOSE OF THIS PERSONAL SERVICES CONTRACT (PSC) IS TO ESTABLISH AN EMPLOYEE/EMPLOYER RELATIONSHIP WITH THE CONTRACTOR FOR PERFORMANCE OF SERVICES PERSONALLY BY HER AS A HUMANITARIAN ASSISTANCE OFFICER.,3/7/2025,,720819,600956,119863
USAID,"FIELD OPERATIONS DESK OFFICER, FARO, YR 1",3/7/2025,,754349,477832,276517
USAID,"FIELD OPERATIONS DESK OFFICER, FARO, YR 1.",3/7/2025,,970286,601732,368554
USAID,"SUPPORT RELIEF GROUP HUMANITARIAN ADVISOR (SRG HA) (WORLDWIDE), FARO, YR. 1-5",3/7/2025,,954882,644906,309976
USAID,"SHELTER AND SETTLEMENTS ADVISOR, TPQ, 5 YR.",3/7/2025,,722760,472052,250708
USAID,"NEW PSC TO SERVE AS A SUPPORT RELIEF GROUP AGRICULTURE SECTOR ADVISOR (SRG ASA) (WORLDWIDE), FARO, YR. 1-5",3/7/2025,,950949,599292,351657
USAID,"PROGRAM OPERATIONS SPECIALIST, WASH, 5 YR.",3/7/2025,,697500,577034,120466
USAID,THE PURPOSE OF THIS PERSONAL SERVICES CONTRACT (PSC) IS TO ESTABLISH AN EMPLOYEE/EMPLOYER RELATIONSHIP WITH THE CONTRACTOR FOR THE PERFORMANCE OF SERVICES PERSONALLY BY HIM AS A HUMANITARIAN ASSISTANCE OFFICER.,3/7/2025,,751076,623403,127673
USAID,"HUMANITARIAN ADVISOR, G3PC YR 1.",3/7/2025,,892262,733571,158691
USAID,"SUPPORT RELIEF GROUP GENERALIST, FARO, YEAR 1",3/7/2025,,971966,664114,307852
USAID,THE PURPOSE OF THIS PERSONAL SERVICES CONTRACT (PSC) IS TO ESTABLISH AN EMPLOYEE/EMPLOYER RELATIONSHIP WITH THE CONTRACTOR FOR PERFORMANCE OF SERVICES PERSONALLY BY HER AS A SUPPORT RELIEF GROUP GENERALIST.,3/7/2025,,838226,337001,501225
USAID,THE PURPOSE OF THIS PERSONAL SERVICES CONTRACT (PSC) IS TO ESTABLISH AN EMPLOYEE/EMPLOYER RELATIONSHIP WITH THE CONTRACTOR FOR PERFORMANCE OF SERVICES PERSONALLY BY HER ASHUMANITARIAN ASSISTANCE ADVISOR TO THE MILITARY.,3/7/2025,,883409,160000,723409
USAID,"SUPPORT RELIEF GROUP GENERALIST, FARO, YR. 1",3/7/2025,,1050105,659341,390764
USAID,"NEW PSC TO SERVE AS A FIELD OPERATIONS DESK OFFICER (WASHINGTON), FARO, YR 1.",3/10/2025,,985374,647707,337667
USAID,"BUDGET AND FINANCE OFFICER, HBMO, YEAR 1",3/10/2025,,889265,567479,321786
USAID,"NEW PSC TO SERVE AS A FIELD OPERATIONS DESK OFFICER (FODO), FARO, YR 1.",3/10/2025,,757606,494927,262679
USAID,"NEW PSC TO SERVE AS A SENIOR HUMANITARIAN ADVISOR, G3PC, 5 YR.",3/10/2025,,1034282,649875,384407
USAID,"MONITORING AND EVALUATION (M&E) ADVISOR, TPQ, 5 YR.",3/10/2025,,1000452,644577,355875
USAID,"NEW PSC TO SERVE AS A BUDGET AND FINANCE OFFICER, HBMO, 5YR",3/10/2025,,873127,717926,155201
USAID,U.S. MISSION TO UNITED NATIONS IN NEW YORK (USUN) SENIOR ADVISOR/TEAM LEAD,3/10/2025,,1736111,1419314,316797
USAID,"SRG SENIOR ASSESSMENT & ANALYTICS ADVISOR, FARO",3/10/2025,,1023373,839034,184339
USAID,"SUPPORT RELIEF GROUP (SRG) - LOGISTICS SPECIALIST, FARO, 5 YR.",3/10/2025,,1382291,1133445,248846
USAID,"SUPPORT RELIEF GROUP GENERALIST (SRG-G), FARO, 5 YR.",3/10/2025,,1159805,950380,209425
USAID,THE PURPOSE OF THIS PSC IS TO ESTABLISH AN EMPLOYEE/EMPLOYER RELATIONSHIP WITH THE CONTRACTOR FOR PERFORMANCE OF SERVICES PERSONALLY BY HIM AS A SUPPORT RELIEF GROUP (SRG) WASH FARO ADVISOR,3/10/2025,,979635,803589,176046
USAID,"SUPPORT RELIEF GROUP (SRG) - GENERALIST, FARO, 5 YR.",3/10/2025,,1135396,931831,203565
USAID,"SUPPORT RELIEF GROUP (SRG) - WATER, SANITATION & HYGIENE (WASH) ADVISOR, FARO, 5 YR.",3/10/2025,,904041,743203,160838
USAID,"SUPPORT RELIEF GROUP - GENERALIST, FARO, 5 YEAR",3/10/2025,,1005702,824525,181177
USAID,"NEW PSC TO SERVE AS A HUMANITARIAN ASSISTANCE OFFICER, AFRICA, 5 YR.",3/10/2025,,803496,664380,139116
USAID,"SUPPORT RELIEF GROUP GENERALIST (SRG-G), FARO, 5 YR.",3/10/2025,,1303852,1057444,246408
USAID,"TECHNICAL PROGRAM OFFICER (TPO), TPQ, 5 YRS.",3/10/2025,,912688,749590,163098
USAID,"SRG GENERALIST, FARO",3/10/2025,,1152802,946094,206708
USAID,"THE PURPOSE OF THIS PERSONAL SERVICES CONTRACT (PSC) IS TO ESTABLISH AN EMPLOYEE/EMPLOYER RELATIONSHIP WITH THE CONTRACTOR FOR PERFORMANCE OF SERVICES PERSONALLY BY HIM AS A SUPPORT RELIEF GROUP (SRG) GENERALIST, FARO, 5 YR.",3/10/2025,,1260510,1035631,224879
USAID,THE PURPOSE OF THIS PERSONAL SERVICES CONTRACT (PSC) IS TO ESTABLISH AN EMPLOYEE/EMPLOYER RELATIONSHIP WITH THE CONTRACTOR FOR PERFORMANCE OF SERVICES PERSONALLY BY HER AS A NUTRITIONIST.,3/10/2025,,637848,435776,202072
USAID,"NEW PSC AWARD TO SERVE AS SHELTER AND SETTLEMENTS ADVISOR, TPQ, 3 YRS.",3/10/2025,,530547,363343,167204
USAID,"SUPPORT RELIEF GROUP (SRG) FIELD OPERATIONS DESK OFFICER, FARO",3/10/2025,,783732,644454,139278
USAID,"BUDGET AND FINANCE OFFICER, HBMO, BASE AWARD",3/10/2025,,862753,709412,153341
USAID,"FIELD OPERATIONS/SENIOR ADVISOR, FARO, YR 1",3/10/2025,,1317727,1078993,238734
USAID,"SUPPORT RELIEF GROUP (SRG) GENERALIST, ( BHA/FARO), 5 YR.",3/10/2025,,1053478,865197,188281
USAID,"PROGRAM OPERATIONS SPECIALIST, HBMO,YR 1",3/10/2025,,730231,469395,260836
USAID,"NEW PSC TO SERVE AS A SURGE STAFFING OFFICER, FARO, YR. 1",3/10/2025,,404501,0,404501
USAID,"SRG GENERALIST, FARO",3/10/2025,,990455,807293,183162
USAID,"SRG HUMANITARIAN ASSISTANCE ADVISOR TO THE MILITARY (HAA/M), FARO, 1 YR.",3/10/2025,,166462,0,166462
USAID,"SRG GENERALIST, FARO 5 YR",3/10/2025,,1118070,918400,199670
USAID,"KNOWLEDGE MANAGEMENT/ORG. LEARNING ADVISOR, 5 YRS.",3/10/2025,,1257659,1033226,224433
USAID,"SRG GENERALIST, FARO 5 YR.",3/10/2025,,821278,675327,145951
USAID,"SUPPORT RELIEF GROUP (SRG) GENERALIST, FARO, 5 YR.",3/10/2025,,934151,767809,166342
USAID,"ASSESSMENT&ANALYTICS ADVISOR, PSPM DIVISION YR. 1",3/10/2025,,863414,0,863414
USAID,"SUPPORT RELIEF GROUP GENERALIST (SRGG), FARO, 5 YR.",3/10/2025,,721610,592053,129557
USAID,"SUPPORT RELIEF GROUP (SRG) - SHELTER AND SETTLEMENTS ADVISOR, FARO, 5 YR.",3/10/2025,,1017318,835397,181921
USAID,"PROGRAM AND POLICY COORDINATION OFFICER, YR. 1",3/10/2025,,707145,0,707145
USAID,"SUPPORT RELIEF GROUP GENERALIST (SRGG), FARO, 5 YR",3/10/2025,,1215907,998919,216988
USAID,"EMERGENCY PROGRAM MONITORING AND EVALUATION ADVISOR, YR. 1",3/10/2025,,585873,0,585873
USAID,"SRG WASH ADVISOR, FARO YR.5",3/10/2025,,1179227,968731,210496
USAID,THE PURPOSE OF THIS PERSONAL SERVICES CONTRACT (PSC) IS TO ESTABLISH AN EMPLOYEE/EMPLOYER RELATIONSHIP WITH THE CONTRACTOR FOR PERFORMANCE OF SERVICES PERSONALLY BY HIM AS AN SRG GENERALIST.,3/10/2025,,961468,790103,171365
USAID,"SRG HAAM, FARO, YR 1",3/10/2025,,190658,0,190658
USAID,AGRICULTURE ADVISOR YR. 1,3/10/2025,,713130,0,713130
USAID,"SECURITY SPECIALIST, YR. 1",3/10/2025,,704157,52000,652157
USAID,"NEW PSC TO SERVE AS A WASH PROMOTION ADVISOR, GS 13",3/10/2025,,568665,25000,543665
USAID,"NEW PSC AWARD TO SERVE AS URBAN SEARCH AND RESCUE AND UNITED NATIONS DISASTER ASSESSMENT AND COORDINATION UNIT LEAD; WASHINGTON, DC, GS 13",3/10/2025,,735425,25000,710425
USAID,"NEW PSC TO SERVER AS A SECURITY SPECIALIST, HBMO, YR. 1",3/10/2025,,671216,25000,646216
USAID,"NEW PSC TO SERVE AS A BUDGET AND FINANCE OFFICER, HBMO, YR. 1",3/10/2025,,635717,63000,572717
USAID,"NEW PSC TO SERVE AS A WASH ADVISOR, TPQ, YR 1.",3/10/2025,,689381,30000,659381
USAID,"NEW PSC TO SERVE AS A VETTING ASSISTANT, GS 12, HBMO",3/10/2025,,615020,12000,603020
USAID,"SUPPORT RELIEF GROUP GENERALIST (SRG-G), FARO, YR 1.",3/10/2025,,1173407,961611,211796
USAID,"SUPPORT RELIEF GROUP GENERALIST (SRGG), FARO, 5 YR.",3/10/2025,,1302795,1056577,246218
USAID,"SUPPORT RELIEF GROUP (SRG) - MONITORING AND EVALUATION (M&E), FARO, 5 YR.",3/10/2025,,1184665,973156,211509
USAID,(P20201360) MILITARY LIAISON TEAM UNIT LEAD THE OPERATIONS (OPS) DIVISION YR. 1,3/10/2025,,1037511,48000,989511
USAID,"NEW PSC TO SERVE AS A LOGISTICS SPECIALIST, FARO, YR. 1",3/10/2025,,632678,24000,608678
USAID,"NEW PSC TO SERVE AS A PROGRAM MANAGEMENT COORDINATOR, G3PC, YR. 1",3/10/2025,,500081,0,500081
USAID,"NEW PSC TO SERVE AS A HUMANITARIAN ADVISOR, G3PC, YR. 1",3/10/2025,,467091,0,467091
USAID,"NEW PSC TO SERVE AS A SENIOR BUDGET AND FINANCE ADVISOR, HBMO, 2 MONTH",3/10/2025,,1035511,467247,568264
USAID,"NEW PSC TO SERVE AS A RESPONSE READINESS SPECIALIST, FARO, YR. 1",3/10/2025,,550754,0,550754
USAID,"NEW PSC TO SERVE AS A BUDGET & FINANCE ADVISOR, HBMO, YR. 1",3/10/2025,,526589,35000,491589
USAID,"NEW PSC TO SERVE AS A RISK MANAGEMENT OFFICER, HBMO, YR 1",3/10/2025,,768337,371553,396784
USAID,"NEW PSC TO SERVE AS A SAFE AND ACCOUNTABLE PROGRAMMING ADVISOR, TPQ, YR 1.",3/10/2025,,481548,25000,456548
USAID,"NEW PSC TO SERVE AS A HUMANITARIAN PROTECTION ADVISOR, 5 YR.",3/10/2025,,832069,525741,306328
USAID,"VETTING OFFICIAL, HBMO,YR 1",3/10/2025,,1237501,810711,426790
USAID,"NEW PSC TO SERVE AS A SENIOR PROGRAM OPERATIONS SPECIALIST, HBMO,YR 1",3/10/2025,,914262,591273,322989
USAID,"STRATEGIC PLANNING AND ACTIVITY DESIGN ADVISOR, TPQ, YR 1.",3/10/2025,,424113,0,424113
USAID,"HUMANITARIAN PROTECTION ADVISOR, TPQ, YR. 1",3/10/2025,,1005044,639568,365476
USAID,"RESPONSE OPERATIONS CENTER MANAGER, FARO, YR 1.",3/10/2025,,1118168,704888,413280
USAID,"EDUCATION AND DOCTRINE DEVELOPMENT (EDD) TRAINING COORDINATOR, FARO, YR 1.",3/10/2025,,877361,555291,322070
USAID,"FIELD OPERATIONS DESK OFFICER, FARO, YR 1.",3/10/2025,,791729,512797,278932
USAID,"NEW PSC TO SERVE AS A FIELD OPERATIONS DESK OFFICER,( FARO) - YR. 1-5",3/10/2025,,800680,512425,288255
USAID,"RESPONSE READINESS SPECIALIST (REMOTE), FARO, YR 1.",3/10/2025,,327221,38001,289220
USAID,"NEW PSC TO SERVE AS A SURGE STAFFING OFFICER, FARO, YR 1.",3/10/2025,,307907,0,307907
USAID,"REGIONAL ADVISOR (RA), ALAC, YR. 1",3/10/2025,,687134,239445,447689
USAID,THE PURPOSE OF THIS PERSONAL SERVICES CONTRACT (PSC) IS TO ESTABLISH AN EMPLOYEE/EMPLOYER RELATIONSHIP WITH THE CONTRACTOR FOR PERFORMANCE OF SERVICES PERSONALLY BY HER AS A SENIOR NUTRITION ADVISOR.,3/10/2025,,863606,60000,803606
USAID,"NEW PSC TO SERVE AS A SENIOR HUMANITARIAN ADVISOR, MENAE, YR 1.",3/10/2025,,1088453,459930,628523
USAID,"NEW PSC TO SERVE AS A BUDGET AND FINANCE SPECIALIST, HBMO,YR 1",3/10/2025,,547176,194923,352253
USAID,"NEW PSC TO SERVE AS A HUMANITARIAN CAPACITY ADVISOR, G3PC, 5 YR.",3/10/2025,,854465,550527,303938
USAID,"SECURITY SPECIALIST, HBMO, YR 1.",3/10/2025,,306900,0,306900
USAID,"NEW PSC TO SERVE AS A STRATEGIC PLANNING AND ACTIVITY DESIGN ADVISOR (SPADE), TPQ, YR. 1-2",3/10/2025,,455797,0,455797
USAID,"ACQUISITION & ASSISTANCE SPECIALIST, HBMO,5 YR",3/10/2025,,646154,530347,115807
USAID,THE PURPOSE OF THIS PERSONAL SERVICES CONTRACT (PSC) IS TO ESTABLISH AN EMPLOYEE/EMPLOYER RELATIONSHIP WITH THE CONTRACTOR FOR PERFORMANCE OF SERVICES PERSONALLY BY HER AS A PROGRAM COORDINATION OFFICER.,3/10/2025,,696779,20000,676779
USAID,THE PURPOSE OF THIS PERSONAL SERVICES CONTRACT (PSC) IS TO ESTABLISH AN EMPLOYEE/EMPLOYER RELATIONSHIP WITH THE CONTRACTOR FOR PERFORMANCE OF SERVICES PERSONALLY BY HIM AS A FOOD SECURITY AND MARKETS ADVISOR.,3/10/2025,,714723,30000,684723
USAID,"ASSESSMENT, ANALYTICS AND COORDINATION ADVISOR, TPQ, 5 YR.",3/10/2025,,978135,801949,176186
USAID,"TECHNICAL PROGRAM OFFICER, TPQ, 5 YR.",3/10/2025,,648071,537126,110945
USAID,Personal Services Contractor,3/10/2025,,373991,111000,262991
USAID,Personal Services Contractor,3/10/2025,,556800,219261,337539
USAID,Personal Services Contractor,3/10/2025,,732842,291545,441297
USAID,Personal Services Contractor,3/10/2025,,688006,470803,217203
USAID,Personal Services Contractor,3/10/2025,,960592,348886,611706
USAID,Personal Services Contractor,3/10/2025,,740910,299498,441412
USAID,Personal Services Contractor,3/10/2025,,846558,134000,712558
USAID,Personal Services Contractor,3/10/2025,,971852,797384,174468
USAID,Personal Services Contractor,3/10/2025,,1145682,563810,581872
USAID,Personal Services Contractor,3/10/2025,,1143142,727514,415628
USAID,Personal Services Contractor,3/10/2025,,401572,0,401572
USAID,Personal Services Contractor,3/10/2025,,465429,0,465429
USAID,Personal Services Contractor,3/10/2025,,225883,0,225883
USAID,Personal Services Contractor,3/10/2025,,896582,593253,303329
USAID,Personal Services Contractor,3/10/2025,,976213,646298,329915
USAID,Personal Services Contractor,3/10/2025,,1096363,715549,380814
USAID,Personal Services Contractor,3/10/2025,,1018799,675696,343103
USAID,Personal Services Contractor,3/10/2025,,1230530,814757,415773
USAID,Personal Services Contractor,3/10/2025,,408861,57000,351861
USAID,Personal Services Contractor,3/10/2025,,1147438,752083,395355
USAID,Personal Services Contractor,3/10/2025,,662873,259422,403451
USAID,Personal Services Contractor,3/10/2025,,1284967,816739,468228
USAID,Personal Services Contractor,3/10/2025,,588826,337590,251236
USAID,Personal Services Contractor,3/10/2025,,692946,366923,326023
USAID,Personal Services Contractor,3/10/2025,,900485,598680,301805
USAID,Personal Services Contractor,3/10/2025,,956165,785201,170964
USAID,Personal Services Contractor,3/10/2025,,1257019,1031319,225700
USAID,Personal Services Contractor,3/10/2025,,1114636,914682,199954
USAID,Personal Services Contractor,3/10/2025,,1097654,899629,198025
USAID,Personal Services Contractor,3/10/2025,,1288383,1058504,229879
USAID,Personal Services Contractor,3/10/2025,,1052569,863883,188686
USAID,Personal Services Contractor,3/10/2025,,839384,199000,640384
USAID,Personal Services Contractor,3/10/2025,,965937,220000,745937
USAID,Personal Services Contractor,3/10/2025,,653800,87000,566800
USAID,Personal Services Contractor,3/10/2025,,668942,83000,585942
USAID,Personal Services Contractor,3/10/2025,,879874,807427,72447
USAID,"SERVICES FOR THE OFFICE OF ADMINISTRATOR (A/AID) AND ASSOCIATE OFFICES (ES, DEIA, OCE, GC, POL, BRM/PLR, DRG, AND IPI)",1/27/2025,,49855124,38709804,11145320
USAID,DEIA PROGRAM (BUY-IN FROM A/AID/DEIA),1/28/2025,,99078584,61461222,37617362
USAID,"GENDER EQUALITY AND WOMEN EMPOWERMENT HUB; ADVANCE GENDER EQUITY, EQUALITY AND EMPOWERMEN",1/28/2025,,56575516,29437908,27137608
USAID,"USAID LOCALIZATION, INCLUSION, AND SUSTAINABILITY ACTIVITY",1/28/2025,,51561586,33250257,18311329
USAID,"GENDER INTEGRATION AND EQUALITY IN THE DESIGN, IMPLEMENTATION, AND MONITORING AND EVALUATION",1/28/2025,,40730465,27119060,13611405
USAID,IPI/GEWE ENGENDERING INDUSTRIES,1/28/2025,,39338939,30538939,8800000
USAID,"The purpose of the Feed the Future Development Information Solution Support Contract (FTFDSC) is to provide USAID staff and Implementing Partners with technical services, guidance, support, and training related to Feed the Future (FTF) performance mo",1/31/2025,,4146235,2846235,1300000
USAID,Annual subscription to Devex newsletter,2/5/2025,,17298,0,17298
USAID,"In partnership with Prosper Africa, Feed the Future, and other initiatives, the USAID Africa Bureau, Africa Regional Missions, and the Middle East Bureau are jointly establishing the Prosper Africa Trade and Investment (PATI) Activity. The purpose of this Activity is to mobilize enterprise-driven solutions that increase trade and investment in Africa, including North and Sub-Saharan Africa. It will strengthen Africa’s markets by developing new trade and investment relationships, particularly between the U.S. and Africa, and achieve development outcomes across all sectors in line with USAID’s Private Sector Engagement Policy and the USG Prosper Africa initiative. In conjunction with other USG interagency partners, the Activity will mobilize private sector resources and expertise, resulting in the increased capacity, competitiveness and availability of businesses, investors and intermediaries that will drive future trade and investment efforts on Africa’s Journey to Self-Reliance.",2/12/2025,,520757945,159503649,361254296
USAID,"GREEN RECOVERY INVESTMENT PLATFORM: USAID, AND THE USG MORE BROADLY, ARE COMMITTED TO DRAMATICALLY AND RAPIDLY SCALING UP ACTIONS TO ADDRESS CLIMATE CHANGE ADAPTATION AND MITIGATION IN DEVELOPING COUNTRIES. WE ARE ALSO COMMITTED TO SUPPORTING A GLOB",2/12/2025,,249547177,148015204,101531973
USAID,CATALYZE BLENDED CAPITAL INVESTMENT PLATFORM,2/12/2025,,249999999,53504152,196495847
USAID,DIGITAL STRATEGY IMPLEMENTATION AND PROGRAMS,2/12/2025,,200000000,167430251,32569749
USAID,SWIFT-5 OTI LIBYA INITIAL FUNDING,2/12/2025,,157795259,132770259,25025000
USAID,THE ASIA FUTURES ACTIVITY IS A WASHINGTON-MANAGED CONTRACT DESIGNED TO BOLSTER THE UNITED STATES AGENCY FOR INTERNATIONAL DEVELOPMENT'S (USAID) REGIONAL POLICY OBJECTIVES IN ASIA FROM SEPTEMBER 2024 TO SEPTEMBER 2029. WITH AN EXPANSIVE MANDATE T,2/12/2025,,149992012,143948652,6043360
USAID,MESA S OBJECTIVE IS TO STRENGTHEN MOLDOVA S ENERGY SECURITY BY: 1 ADVANCING THE PHYSICAL AND MARKET INTEGRATION OF THE MOLDOVAN ENERGY SECTOR WITH EUROPE; 2 INCREASING RENEWABLE ENERGY INTEGRATION; AND 3 INCREASING INVESTMENT IN ENERGY EFFICIENCY.,2/12/2025,,144785130,54036077,90749053
USAID,"THIS IS A NEW CONTRACT TO IMPLEMENT A NEW ACTIVITY: ""THE WATER SANITATION AND CONSERVATION' (WSC) ACTIVITY.",2/12/2025,,115874054,73214054,42660000
USAID,"Initial REQ for Strategic Programs follow-on award which provides the consolidated services of PMO, PQM, Engineering and major systems PMOs.",2/12/2025,,108266786,26483484,81783302
USAID,"THE PURPOSE OF PSE SCALE IS TO SUPPORT THE PSE HUB AND AGENCY MBIOS EFFORTS TO MODERNIZE ITS TALENT, CAPACITY AND EFFECTIVENESS OF ENGAGEMENT, PARTNER EXPERIENCE, RELATIONSHIP MANAGEMENT SYSTEMS, AND BUSINESS PROCESSES TO MAKE PSE EASIER AND FASTER F",2/12/2025,,99127143,92024980,7102163
USAID,EPIC IDEAS,2/12/2025,,96000000,81409228,14590772
USAID,"The purpose of GISR MENA is to sustainably strengthen local, national, and regional systems to adapt to shocks and stressors in the MENA region.",2/12/2025,,95490240,57924128,37566112
USAID,CREATION OF THE PDEX AWARD,2/12/2025,,95000000,56906100,38093900
USAID,"Provide procurement support services to Washington, DC offices and overseas field missions.",2/12/2025,,94648999,49090298,45558701
USAID,FINANCIAL SECTOR REFORM ACTIVITY,2/12/2025,,93300000,54670092,38629908
USAID,"REFS/CEIC/INFRASTRUCTURE (I): NEW TASK ORDER (TO) CALLED ""PARTNERSHIP FOR GLOBAL INFRASTRUCTURE AND INVESTMENT (PGI) FUND TASK ORDER"". THE PGI TO WILL PROVIDE INFRASTRUCTURE PROJECT DESIGN AND DELIVERY SUPPORT, AND ENABLING ENVIRONMENT RE",2/12/2025,,90000089,70000089,20000000
USAID,FURTHERING HEALTH REFORM AND RECOVERY NEW AWARD,2/12/2025,,90000000,79384453,10615547
USAID,EMPOWERING EAST AND CENTRAL AFRICA (EECA),2/12/2025,,88993687,41267577,47726110
USAID,"THE PURPOSE OF THIS CONTRACT IS TO PROVIDE INSTITUTIONAL SUPPORT SERVICES TO MEET AGENCY-WIDE PRIVATE SECTOR ENGAGEMENT (PSE) STAFFING NEEDS, PARTICULARLY IN POSITIONS REQUIRING HIGHLY SPECIALIZED PSE SKILLS AND/OR TARGETING AGENCY STRATEGIC PRIORITI",2/12/2025,,88341240,48535597,39805643
USAID,INITIAL OBLIGATION FOR USAID/OTI ETHIOPIA PROGRAM UNDER SWIFT 5-PROGRAMS.,2/12/2025,,87333747,32895832,54437915
USAID,Empowering Southern Africa (ESA),2/12/2025,,84642569,62492569,22150000
USAID,"THE EMPOWER NIGERIA PROGRAM IS POWER AFRICAS FLAGSHIP PROGRAM IN NIGERIA, FURTHERING POWER AFRICAS WORK OF INCREASING AVAILABLE ON- AND OFF-GRID GENERATION CAPACITY, ACCESS TO ELECTRICITY AND SUPPORTING NIGERIAS TRANSITION TO A LOW-CARBON ELECTRIC",2/12/2025,,83132725,59599256,23533469
USAID,USAID/OTI INSTITUTIONAL SUPPORT SERVICES,2/12/2025,,82444446,50057134,32387312
USAID,THE ACCELERATE ACTIVITY AIMS TO ADVANCE EUROPEAN UNION (EU) MARKET INTEGRATION AND ACCESSION FOR COUNTRIES IN THE E&E REGION.,2/12/2025,,79913609,64496011,15417598
USAID,USAID|KENYA AND EAST AFRICA KENYA PRIMARY LITERACY PROGRAM (USAID|KEA/KPLP),2/12/2025,,79477408,40991781,38485627
USAID,NEW SCIENCE FOR DEVELOPMENT FELLOWSHIP CONTRACT,2/12/2025,,78000000,66896515,11103485
USAID,THE NEXT GENERATION EARLY GRADE READING (NEXTGEN) ACTIVITY WILL SOLIDIFY AND BUILD ON THE CONTRIBUTIONS MADE TO DATE AS PART OF THE IMPLEMENTATION OF MALAWI NATIONAL READING PROGRAM (NRP).,2/12/2025,,74988869,30815140,44173729
USAID,THE AWARD WILL CONTRIBUTE TO ADDRESSING THIS DEMAND BY ESTABLISHING A PARTNERSHIP MODEL BETWEEN POWER AFRICA COLLABORATORS AND WEST AFRICAN COUNTERPARTS. THIS MODEL AIMS TO FACILITATE THE TRANSITION TO A DECARBONIZED POWER SECTOR IN A JUST AND EQUITA,2/12/2025,,73048710,67858286,5190424
USAID,IRAQ TOGETHER (MA'N),2/12/2025,,72904539,54204539,18700000
USAID,THIS REQUISITION IS TO INITIALLY FUND THE NEW EG TRADE AND INVESTMENT FACILITATION (TIF)ACTIVITY. TIF PURPOSE IS TO FACILITATE EXPORT OF LEBANESE GOODS AND SERVICES TO GENERATE FOREIGN EXCHANGE THROUGH INVESTMENTS THAT SIMULTANEOUSLY PROMOTE JOB CREA,2/12/2025,,70212510,31783061,38429449
USAID,"THE WORKFORCE ACTIVITY WILL TRANSFORM THE TECHNICAL EDUCATION AND VOCATIONAL TRAINING (TVET) SYSTEM TO PRODUCE THE SKILLS NEEDED FOR A GLOBALLY COMPETITIVE EGYPTIAN MARKET, THEREBY CREATING SUSTAINABLE JOBS, ESPECIALLY FOR THE YOUTH AND FEMALES, AND",2/12/2025,,69892703,19358346,50534357
USAID,IMPLEMENTATION OF THE CTC GRAND CHALLENGE TO BUILD COALITIONS AND SOURCE NOVEL TOOLS AND APPROACHES TO CURB THE THREAT OF TRANSNATIONAL CORRUPTION AND RELATED SECRETARIAT SERVICES.,2/12/2025,,67761374,42828387,24932987
USAID,"THE CONTRACTOR SHALL PROVIDE SUPPORT SERVICES STAFF, FOR THE BUREAU FOR ASIA AS WELL AS THE AFGHANISTAN MISSION OF THE UNITED STATES AGENCY FOR INTERNATIONAL DEVELOPMENT (USAID). SUPPORT STAFF WILL INCLUDE ADMINISTRATIVE, PROGRAMMATIC, AND TECHNICA",2/12/2025,,67033810,41313156,25720654
USAID,"THE PURPOSE OF ADVANCING LEARNING OUTCOMES IN AFRICA (ALOA) IS TO PROVIDE ANALYTICAL AND IMPLEMENTATION SUPPORT SERVICES TO USAID MISSION IN THE SSA REGION AND THE AFRICA REGIONAL BUREAU EDUCATION TEAM TO ASSIST WITH DESIGNING, IMPLEMENTING, AND EVAL",2/12/2025,,64999195,61929203,3069992
USAID,"The primary focus of RISSA is to continue crucial research and institutional support to AFR, ensuring that it is able to achieve the goals of the Africa Joint Regional Strategy: 1) Advance Mutual Peace and Security Interests; 2) Increase Mutually Beneficial Economic Growth, Trade, and Investment; 3) Strengthen Democracy, Human Rights, and Good Governance; and 4) Promote Inclusive Country-led Development. AFR will use the long-term and short-term technical expertise and services obtained through this contract to build the capacity and deepen the commitment of development partners in Africa and provide critical staff support.",2/12/2025,,64897261,39156015,25741246
USAID,New PPL/LER Evaluation IDIQs,2/12/2025,,10000,0,10000
USAID,"THE FUTURE TECHNOLOGIES ACTIVITY (FTA) WILL ENHANCE THE COMPETITIVENESS OF THE MOLDOVAN TRANSFORMATIVE SECTORS, INCLUDING LIGHT MANUFACTURING, INFORMATION AND COMMUNICATION TECHNOLOGY (ICT), PRECISION ENGINEERING, CREATIVE INDUSTRIES, AND MEDIA TO IM",2/12/2025,,60524597,21228860,39295737
USAID,USAID WEST BANK & GAZA ARCHITECT & ENGINEERING SERVICES ACTIVITY - DESIGN AND MANAGEMENT SERVICES,2/12/2025,,57000000,51000000,6000000
USAID,BUILDING EVIDENCE FOR DECISION-MAKING (BE4D) PROVIDES USAID AND ITS PARTNERS WITH MEL AND CLA SERVICES SO THAT EVIDENCE IS USED FOR DECISION-MAKING.,2/12/2025,,53497796,44475854,9021942
USAID,BUILDING EVIDENCE FOR DECISION-MAKING (BE4D) CONTRACT,2/12/2025,,53333631,43983092,9350539
USAID,USAID REVENUE AND EXPENDITURE GOVERNANCE REFORMS OPERATIONALIZED (REVGRO) ACTIVITY,2/12/2025,,51370754,43370754,8000000
USAID,"DG: SOLICIT, NEGOTIATE AND AWARD THE NEW ACCOUNTABLE LOCAL GOVERNANCE ACTIVITY FOR WEST BANK AND GAZA.",2/12/2025,,48445638,39445638,9000000
USAID,TO EXPLORE SWIFT 5-Programs-Small Business Reserve,2/12/2025,,48378774,47878774,500000
USAID,"BUILDING CLIMATE RESILIENCE (BCR) ACTIVITY, HONDURAS",2/12/2025,,48277629,23719776,24557853
USAID,"THE PURPOSE OF THIS CONTRACT IS TO PROVIDE KNOWLEDGE MANAGEMENT, DATA VISUALIZATION, ORGANIZATIONAL LEARNING, CAPACITY DEVELOPMENT AND TRAINING, AND WEBSITE SERVICES TO THE OFFICES AND TECHNICAL CENTERS HOUSED IN THE BUREAU FOR RESILIENCE, ENVIRONMEN",2/12/2025,,47233829,43118728,4115101
USAID,Improving Learning Outcomes in Asia (ILOA),2/12/2025,,46683509,31527225,15156284
USAID,EXPLORE MIDDLE EAST AND NORTH AFRICA TASK ORDER FOR DT GLOBAL UNDER SWIFT 5-PROGRAMS IDIQ UNDER SMALL BUSINESS RESERVE,2/12/2025,,46460893,45960893,500000
USAID,"THE TIF ACTIVITY IS A FIVE-YEAR INITIATIVE AIMED AT PROMOTING PRIVATE SECTOR GROWTH IN THE WEST BANK AND GAZA (WBG). THE ACTIVITY UTILIZES DATA ANALYSIS, THE FACILITATION OF PROACTIVE DIALOGUE, AND ADVOCACY PROMOTION TO ADDRESS IMPEDIMENTS TO TRADE,",2/12/2025,,44239309,37239309,7000000
USAID,PREVENTION AND RESPONSE TO GENDER BASED VIOLENCE (GBV) PROJECT.,2/12/2025,,43896584,38032784,5863800
USAID,Pacific Islands Climate Finance Activity is a 5-year activity which aims to strengthen the capacity of the Pacific Island Countries to adapt and respond to climate change and related disaster impacts.,2/12/2025,,43343525,37359125,5984400
USAID,USAID WEST BANK & GAZA ARCHITECT & ENGINEERING SERVICES ACTIVITY - CONSTRUCTION MANAGEMENT SERVICES,2/12/2025,,43000000,34500000,8500000
USAID,"NEW AWARD CALLED ADVANCING CAPACITY FOR THE ENVIRONMENT THAT WILL SUPPORT THE ABILITY TO PLAN, IMPLEMENT, AND COMMUNICATE EFFECTIVE PROGRAMMING IN THE CLIMATE CHANGE, BIODIVERSITY, ENVIRONMENT, ENERGY, AND INFRASTRUCTURE SECTORS. THE PROGRAM WILL PRI",2/12/2025,,42215853,15314996,26900857
USAID,"THE PURPOSE OF THIS CONTRACT IS TO PROVIDE THE UNITED STATES AGENCY FOR INTERNATIONAL DEVELOPMENT (USAID)/ZAMBIA MISSION AT LARGE, IMPLEMENTING PARTNERS (IPS), AND LOCAL COUNTRY STAKEHOLDERS WITH A DEMAND-DRIVEN PERFORMANCE MONITORING AND EVALUATION",2/12/2025,,41501749,36991003,4510746
USAID,USAID/RDMA SOUTHEAST ASIA'S SMART POWER PROGRAM,2/12/2025,,40111604,8213100,31898504
USAID,"THE PURPOSE OF THIS ACTIVITY IS TO IMPROVE THE SOCIAL AND ECONOMIC INCLUSION OF SEDENTARY MIGRANTS, COLOMBIAN RETURNEES, AND RECEPTOR COMMUNITY MEMBERS. IT WILL ACHIEVE THIS BY ENGAGING THE PRIVATE SECTOR IN THE CREATION OF MARKET-DRIVEN, LICIT AND",2/12/2025,,40000000,12148409,27851591
USAID,USAID LOCAL GOVERNANCE SOLUTIONS PROJECT,2/12/2025,,39998227,29187321,10810906
USAID,"USAID/NEPAL EARLY GRADE LEARNING (EGL) ACTIVITY AIM TO STRENGTHEN THE CAPACITY OF FEDERAL, PROVINCIAL, AND MUNICIPAL GOVERNMENTS TO IMPROVE LEARNING OUTCOMES IN GRADES 1-3.",2/12/2025,,39985515,27127274,12858241
USAID,The contractor shall provide support to the USAID Bureau for Legislative and Public Affairs Institutional Support Services (LPAISS) .,2/12/2025,,39572311,37842311,1730000
USAID,THE GOOD GOVERNANCE ACTIVITY WILL SUPPORT DECENTRALIZED PUBLIC FINANCE MANAGEMENT STRATEGY AT THE PROVINCIAL AND LOCAL LEVEL WHILE ENSURING THAT PUBLIC RESOURCES ARE PROPERLY USED TO PROMOTE DEVELOPMENT.,2/12/2025,,38493974,29493974,9000000
USAID,"USAID Southern Africa Resilient Cities Limpopo Activity, a Task Order under the WADI II IDIQ. The objective of this activity is to improve access to water, sanitation, and solid waste management services in urban areas.",2/12/2025,,37491573,22373646,15117927
USAID,"THE PURPOSE OF THIS CONTRACT IS TO ACQUIRE SERVICES FOR THE IMPLEMENTATION OF THE USAID/MALI ANKA JIKO ACTIVITY WHICH AIMS TO IMPROVE THE GOVERNANCE OF RURAL WATER AND SANITATION INFRASTRUCTURE IN ORDER FOR RURAL MALIAN COMMUNITIES TO CONSTRUCT, MAIN",2/12/2025,,37276048,15656468,21619580
USAID,USAID Employee Assistance Program and Other Critical Psycho-Social Support Serv,2/12/2025,,36710914,32592161,4118753
USAID,"NEW ACTIVITY ""USAID IMPROVING PRIVATE SECTOR COMPETITIVENESS"".",2/12/2025,,36310210,3034813,33275397
USAID,"USAID/HONDURAS PUBLIC EFFECTIVENESS AND LOCALIZATION TASK ORDER 1 (TO1); 1) IMPROVE THE EFFECTIVE GOVERNANCE CAPACITY, TRANSPARENCY, ACCOUNTABILITY AND CITIZEN-RESPONSIVENESS OF GOVERNMENT OF HONDURAS (GOH) INSTITUTIONS UNDER OBJECTIVE ONE AND TWO OF",2/12/2025,,34789881,25577564,9212317
USAID,Organizational resilience (staff care center),2/12/2025,,34072612,31252779,2819833
USAID,Future (FtF) Bangladesh Inclusive Access to Finance Activity,2/12/2025,,33986072,26986072,7000000
USAID,USAID SOUTHERN AFRICA MOBILIZING INVESTMENT ACTIVITY,2/12/2025,,33812067,11166963,22645104
USAID,"THE PURPOSE OF THIS TASK ORDER IS TO SUPPORT ASIA BUREAU IN ITS PROGRAMMING TO FACILITATE RAPID, SUSTAINABLE, AND EQUITABLE ECONOMIC GROWTH BY ENABLING USAID TO BRING A SYSTEMS APPROACH TO ADDRESSING PUBLIC FINANCIAL MANAGEMENT (PFM) OBJECTIVES UNDER",2/12/2025,,33657540,12776060,20881480
USAID,"New Africa Institutional and Technical Support Services (ITSS II) Contract - The technical and support services provided under this contract will assist USAID in achieving its program priorities by providing contracted technical, professional, operational, and administrative support staff in support of USAID’s African programs",2/12/2025,,33337049,8256414,25080635
USAID,"THE PURPOSE OF USAID BIODIVERSITY IS TO IMPROVE BIODIVERSITY CONSERVATION AND SUSTAINABLE MANAGEMENT OF NATURAL RESOURCES IN NEPAL'S PRIORITY CONSERVATION LANDSCAPES BY REDUCING THREATS FROM OVER-EXPLOITATION AND POORLY-PLANNED DEVELOPMENT, AND",2/12/2025,,32931367,17596765,15334602
USAID,"THE PURPOSE OF THIS SOLICITATION IS TO ACQUIRE SERVICES TO ADVANCE LEARNING, EVALUATION, AND RESEARCH WITHIN THE DRG SECTOR AND PROVIDE CRITICAL DATA ON THE IMPACT OF USAIDS DRG ACTIVITIES IN THE FIELD",2/12/2025,,31929637,21184226,10745411
USAID,"THE PURPOSE OF THIS CONTRACT(S) IS TO ACQUIRE SERVICES THAT WILL CONTINUE TO ADVANCE LEARNING, EVALUATION, AND RESEARCH WITHIN THE DRG SECTOR AS WELL AS PROVIDE CRITICAL DATA ON THE IMPACT OF USAIDS DRG ACTIVITIES IN THE FIELD. DG LER III SUPPORTS US",2/12/2025,,30600020,16439605,14160415
USAID,"SERVICES WILL DIRECTLY ENHANCE THE ENVE ABILITY TO PROVIDE MISSION SUPPORT ACROSS MULTIPLE TECHNICAL AREAS INCLUDING: 1) BIODIVERSITY CONSERVATION, 2) ADAPTATION AND CLIMATE RESILIENCE, 3) NATURAL CLIMATE SOLUTIONS, 4) CLEAN AND RENEWABLE ENERGY, 5)",2/12/2025,,29881734,22696586,7185148
USAID,SCALING UP RENEWABLE ENERGY II (SURE II) TASK ORDER - ENERGY II IDIQ,2/12/2025,,29710621,9478925,20231696
USAID,Global Learning Solutions & Services (GLSS) Call Order,2/12/2025,,27988390,19360767,8627623
USAID,"UNITED STATES AGENCY FOR INTERNATIONAL DEVELOPMENT, BUREAU FOR MANAGEMENT SEEKS TO PROVIDE ADMINISTRATIVE, ANALYTICAL, AND TECHNICAL STAFFING SUPPORT TO USAID, M BUREAU, AND SELECT OPERATING UNITS AND TO A LIMITED EXTENT, SURGE STAFFING SUPPORT THROU",2/12/2025,,27689903,14833791,12856112
USAID,"THE REGIONAL TRADE AND INVESTMENT ACTIVITY IS AIMED AT INCREASING REGIONAL INTEGRATION AND TRADE INVESTMENT PRIMARILY IN EL SALVADOR, GUATEMALA AND HONDURAS, WITH A FOCUS ON CLEAN ENERGY INVESTMENTS.",2/12/2025,,25999733,21299733,4700000
USAID,"FISCAL FEDERALISM REMAINS ONE OF THE MOST IMPORTANT DECENTRALIZATION REFORMS IN NEPAL. THE GOVERNMENT OF NEPAL (GON) HAS DEVELOPED THE LEGAL AND REGULATORY FRAMEWORK FOR FISCAL FEDERALISM AT THE NATIONAL LEVEL; HOWEVER, NOTABLE GAPS REMAIN AT THE PRO",2/12/2025,,25975892,9523866,16452026
USAID,"Institutional Service Contractors (ISCs)to provide management of day-to-day operations to support USAID, manage the Agency’s Learning Management System (LMS).",2/12/2025,,25000000,20724269,4275731
USAID,THIS ACTIVITY WOULD BE A CONTRACT AWARDED THROUGH A SECTION 8(A) SET-ASIDE UNDER A GSA SCHEDULE. THE TOTAL ESTIMATED INITIAL CONTRIBUTION FROM THE U.S. AGENCY FOR INTERNATIONAL DEVELOPMENT (USAID) TO THE INSTITUTIONAL SUPPORT CONTRACT WOULD BE $5M W,2/12/2025,,25000000,16699400,8300600
USAID,"IN ACCORDANCE WITH THE STATEMENT OF WORK (SOW), ATTACHED HERETO AND MADE A PART OF THE CONTRACT, THIS AWARD IS FOR A ONE (1) YEAR BASE AND FOUR (4) ONE YEAR OPTIONS, SHOULD THE GOVERNMENT ELECT TO EXERCISE ITS OPTIONS FOR INSTRUCTIONAL SERVICES CONTR",2/12/2025,,24999998,10169386,14830612
USAID,"THE GOAL PURSUED IN THE USAID TIERRA DORADA ACTIVITY IS TO REDUCE GREENHOUSE GAS EMISSIONS, PROMOTE BIODIVERSITY CONSERVATION AND SUPPORT LICIT LIVELIHOODS THROUGH THE DEVELOPMENT AND SUPPORT OF SOCIALLY AND ENVIRONMENTALLY RESPONSIBLE ASM ACTIVITIES",2/12/2025,,24999016,15730365,9268651
USAID,Institutional Support Contractors to provide facilitation and training support services.,2/12/2025,,24994209,20735976,4258233
USAID,"Primary operation and management contract covering facilities management, building management and space planning.",2/12/2025,,24977316,7208840,17768476
USAID,"EEI/CCS TECHNICAL, OPERATIONAL AND PROGRAMMATIC SUPPORT (TOPS) INSTITUTIONAL SUPPORT CONTRACT. THE PURPOSE OF TOPS WOULD BE TO PROVIDE STAFFING, TECHNICAL, AND ADMINISTRATIVE SUPPORT TO DDI/EEI TEAMS AND MISSIONS THROUGH PROVISION OF LONG- AND SHORT-",2/12/2025,,20629534,8398732,12230802
USAID,"MESCLA 2.0 - MONITORING AND EVALUATION AND COLLABORATING, LEARNING & ADAPTING (CLA) ACTIVITY",2/12/2025,,24560816,8637825,15922991
USAID,USAID MIDDLE CORRIDOR TRANSPORTATION AND LOGISTICS PROGRAM,2/12/2025,,24444591,17895959,6548632
USAID,USAID PRIVATE SECTOR DEVELOPMENT PROGRAM,2/12/2025,,24438129,17465297,6972832
USAID,EUROPE AND EURASIA INSTITUTIONAL SUPPORT CONTRACT,2/12/2025,,24277436,12989208,11288228
USAID,THIS CONTRACT WILL BE THE PRIMARY MECHANISM FOR DRG TO PROCURE INSTITUTIONAL SUPPORT CONTRACTORS FOR ADMINISTRATIVE AND TECHNICAL SUPPORT. IT WILL SUPPORT OFFICES ACROSS THE DRG BUREAU.,2/12/2025,,24269471,19269471,5000000
USAID,"Vetting Analyst, Watch Officer, and Other Support Personnel Services Institutional Support Contract",2/12/2025,,24135184,18717982,5417202
USAID,"THIS M&E TASK ORDER PROVIDES M&E FOR MOST MISSION ACTIVITIES, INCLUDING 18 HEALTH AND OVC ACTIVITIES CURRENTLY COVERED BY RELEVANT AND APPROVED WAIVERS. ON A LARGER SCALE, THIS ACTIVITY IS A DIRECT TOOL WE USE TO PREVENT CORRUPTION AND WASTE. IT PROVIDES DIRECT WASTE MITIGATION THROUGH M&E OF MISSION PROGRAMS. THIS ACTIVITY WAS DESIGNED TO SPECIFICALLY PREVENT FRAUDULENT DATA COLLECTION AND REPORTING TO ENSURE DIRECT, EVIDENCE BASED IMPLEMENTATION OF PROGRAMS.",2/12/2025,,23996181,18571181,5425000
USAID,THE PURPOSE OF THIS TASK ORDER IS TO PROCURE SERVICES FOR USAID/PAKISTAN CLIMATE SMART AGRICULTURE ACTIVITY (CSA).,2/12/2025,,23546259,19046259,4500000
USAID,"USAID LIBERIA ESSA SEEKS TO BUILD A MORE CAPABLE EDUCATION SYSTEM THAT FUNCTIONS BETTER AT COUNTY AND DISTRICT LEVELS TO DRIVE, MEASURE AND INCENTIVIZE DELIVERY OF QUALITY AND INCLUSIVE EDUCATION.",2/12/2025,,23499266,8998782,14500484
USAID,PFM+T SRI LANKA AWARD,2/12/2025,,22965235,0,22965235
USAID,"THE INCLUSIVE DEVELOPMENT ACTIVITY FOR MISSION SUPPORT TASK ORDER IS THE ID HUB'S NEW MECHANISM THAT PROVIDES TECHNICAL ASSISTANCE IN THE FORM OF EVALUATION, RESEARCH, PROGRAM DESIGN, AND DOCUMENTATION FOR USAID OPERATING UNITS SEEKING TO IMPROV",2/12/2025,,22374322,12633066,9741256
USAID,"UNDER THIS CONTRACT, THE CONTRACTOR WILL RECRUIT, HIRE, AND MAINTAIN CONTRACTED ADMINISTRATIVE, PROGRAMMATIC, AND TECHNICAL SUPPORT STAFF THAT WILL SUPPLY SERVICES TO SUPPORT LPA IN ACCOMPLISHING AGENCY PRIORITIES.",2/12/2025,,22246180,9171893,13074287
USAID,IPI/GEWE WORLDWIDE TRAINING SERVICES (WTS) BPA,2/12/2025,,21747633,18257633,3490000
USAID,CAR ACCOUNTING SUPPORT SERVICES CONTRACT,2/12/2025,,21117962,14550668,6567294
USAID,FAST-FISCAL ACCOUNTABILITY AND SUSTAINABLE TRADE CONTRACT WILL PROVIDE TECHNICAL ASSISTANCE TO USAID MISSIONS AS WELL AS TO SUPPORTING THE BUREAU IN ITS TECHNICAL LEADERSHIP ROLE.,2/12/2025,,20808711,8005538,12803173
USAID,"THE GOAL OF THE WTS BPA UNDER WHICH THIS ORDER IS BEING ISSUED IS TO PROVIDE HIGH QUALITY TRAINING SERVICES AND SUPPORT TO USAID OFFICES WORLDWIDE. THE AGENCY IS OPERATING IN AN ENVIRONMENT WHERE INNOVATIVE APPROACHES, EMPLOYEE WELL-BEING, AND SECUR",2/12/2025,,20737879,15768244,4969635
USAID,USAID SECURING GEORGIA'S ENERGY FUTURE PROGRAM,2/12/2025,,20214040,6553855,13660185
USAID,AWARD FOR THE TASA TASK ORDER UNDER SWIFT 5 SUPPORT IDIQ,2/12/2025,,19997477,18580403,1417074
USAID,"SERVICES REQUESTED INCLUDE TECHNICAL EVALUATION, SURVEY AND STUDY SUPPORT, CAPACITY BUILDING AND LEARNING EVENTS, AND IN-COUNTRY THIRD PARTY MONITORING (TPM) OF SOME USAID ACTIVITIES IN HAITI, WHICH AT TIMES IS A NON-PERMISSIVE ENVIRONMENT.",2/12/2025,,19996085,5609563,14386522
USAID,THE HUMAN RIGHTS FOR PEACE ACTIVITY WILL ENHANCE PEACE AND STABILITY BY IMPROVING THE EFFECTIVENESS OF NATIONAL AND LOCAL SYSTEMS AND ACTORS TO PREVENT AND PROTECT AGAINST HUMAN RIGHTS VIOLATIONS,2/12/2025,,19799255,12779255,7020000
USAID,"PPD : NEW AWARD - DATA, EVALUATION, LEARNING AND TECHNICAL ASSISTANCE (DELTA)",2/12/2025,,19635380,6497546,13137834
USAID,The purpose of this Requisition is to fund the base year of the WE4F Southern and Central Africa Regional Innovation Hub,2/12/2025,,21349558,15883321,5466237
USAID,"URJA NEPAL'S GOAL IS TO CREATE A FINANCIALLY VIABLE ELECTRICITY SECTOR THAT PROVIDES AFFORDABLE, RELIABLE AND SECURE POWER AND ENABLES THE ENTRY OF PRIVATE INVESTMENT INTO THE NEPALI MARKET. THIS GOAL MUST BE ATTAINED THROUGH ACHIEVING FOUR OBJE",2/12/2025,,18749791,0,18749791
USAID,TASK ORDER UNDER THE PPL EVAL-ME II IDIQ,2/12/2025,,18708951,5874345,12834606
USAID,"THE PURPOSE OF THIS TASK ORDER, PEACE THROUGH EVALUATION, LEARNING, AND ADAPTATION II ACTIVITY (PELA II), IS TO ACQUIRE TECHNICAL SERVICES UNDER THE PPL MONITORING AND EVALUATION INDEFINITE DELIVERY INDEFINITE QUANTITY (EVAL-ME II IDIQ) CONTRACT TO S",2/12/2025,,18543079,8831784,9711295
USAID,"THE INITIAL SUB OBLIGATION OF $6,000,000.37 WILL COVER UP TO 24 MONTHS FOR CLIN 1 ($16,000,000) OF FUNDING WHICH IS IN COMPLIANCE WITH FORWARD FUNDING POLICY. THE MONITORING, EVALUATION AND LEARNING (MEL) MECHANISM IS A 5-YEAR INSTRUMENT TO BE MANAG",2/12/2025,,18541219,8161144,10380075
USAID,"The purpose of this Task Order is to provide USAID/OTI training, facilitation, coaching and organizational development services",2/12/2025,,18517809,17552809,965000
USAID,IGF::CL::IGF Southern Africa Mission Support (SAMS) activity.,2/12/2025,,18492475,6711144,11781331
USAID,"DRG: THE PURPOSE OF THIS ACTIVITY TO ACQUIRE AND PROVIDE EXPERT TECHNICAL SERVICES TO THE GOVERNMENT OF LIBERIA (GOL) TO IMPROVE THE CAPACITIES OF TARGETED GOL MINISTRIES, AGENCIES, AND COMMISSIONS (MACS), TO FORMULATE AND ADMINISTER SOUND TAX POLICI",2/12/2025,,17999647,10922538,7077109
USAID,"THE PURPOSE OF THIS TASK ORDER, INFRASTRUCTURE FIELD SUPPORT II (IFS II), UNDER THE ARCHITECT & ENGINEER SERVICES III INDEFINITE DELIVERY INDEFINITE QUALITY (A&E III IDIQ) VEHICLE IS TO PROVIDE THE CENTER FOR ENVIRONMENT, ENERGY, AND INFRASTR",2/12/2025,,16263496,3962248,12301248
USAID,"USAID INVESTMENT PROMOTION PROJECT IS AIMED AT INCREASING PRIVATE INVESTMENT IN DEVELOPMENTALLY IMPACTFUL SECTORS TO GROW BUSINESSES, CREATE JOBS AND EXPAND ECONOMIC GROWTH.",2/12/2025,,15992643,11742643,4250000
USAID,"TASK ORDER (RFTOP) FOR CONTRACTOR SUPPORT, UNDER CPS/CVP'S P4P2 IDIQ CONTRACT, TO PROVIDE TIMELY RECRUITING AND DEPLOYMENT OF TECHNICAL EXPERTS IN CONFLICT MITIGATION, VIOLENCE PREVENTION, PEACEBUILDING, STABILIZATION, AND RELATED FIELDS TO SUPP",2/12/2025,,15799179,13984179,1815000
USAID,ASL Interpreting/CART/Notetaking Services ASL/CART/NT,2/12/2025,,15364150,5226148,10138002
USAID,"THE OBJECTIVE OF THIS CONTRACT IS TO WORK WITH THE FORMAL AND INFORMAL JUSTICE SECTOR TO: A) STRENGTHEN THE JUSTICE SECTOR INSTITUTIONS CAPABLE OF DELIVERING MORE EFFECTIVELY, INCLUDING THE MINISTRY OF JUSTICE (MOJ), COURTS AND POTENTIAL NEW INSTITUT",2/12/2025,,14999471,8572343,6427128
USAID,SERBIA IMPROVING PUBLIC PROCUREMENT PROJECT,2/12/2025,,14454634,4603154,9851480
USAID,THE PURPOSE OF THE USAID SALAM IS TO IS TO IMPROVE THE SOCIAL COHESION IN CONFLICT AFFECTED AREAS IN CENTRAL MALI. THIS AWARD WILL CONTRIBUTE DIRECTLY AND IS CONSIDERED CRITICAL TO THE ACHIEVEMENT OF USAID TWO INTERMEDIATE RESULTS: (1) EMPOWERED,2/12/2025,,14284946,9285361,4999585
USAID,DEVELOPMENT AND DELIVERY OF TRAINING COURSES FOR THE ACQUISITION AND ASSISTANCE WORKFORCE WORLDWIDE COMING FROM M/OAA WASHINGTON DC AREA.,2/12/2025,,13437806,6688205,6749601
USAID,"THE ACTIVITY WILL INTRODUCE SUSTAINABLE PRACTICES FOR PUBLIC PARTICIPATION IN ORDER TO IMPROVE KOSOVO CITIZENS QUALITY OF LIFE AND STRENGTHEN THEIR PARTNERSHIP WITH THE MUNICIPAL GOVERNMENT. TO THIS PURPOSE, THE ACTIVITY WILL USE A SYSTEMS THINKING A",2/12/2025,,13197291,2308184,10889107
USAID,USAID/SENEGAL PUBLIC FINANCIAL MANAGEMENT SUPPORT ACTIVITY TO THE GOVERNMENT OF SENEGAL TO IMPROVE THEIR PUBLIC FINANCIAL MANAGEMENT AND PUBLIC ACCOUNTABILITY SYSTEM.,2/12/2025,,13145931,0,13145931
USAID,STRENGTHENING UTILITIES AND PROMOTING ENERGY REFORM (SUPER) - ENERGY II IDIQ,2/12/2025,,12840714,7617831,5222883
USAID,"FOLLOW-ON SERVIR SUPPORT SERVICES CONTRACT AWARD WILL HELP THE GLOBAL SERVIR NETWORK WITH COMMUNICATIONS AND OUTREACH, KNOWLEDGE MANAGEMENT AND LEARNING EXCHANGES, MONITORING, EVALUATION AND LEARNING.",2/12/2025,,12499477,7024477,5475000
USAID,TO SUBCOMMIT FUNDS FOR THE INITIAL OBLIGATION FOR THE NEW LEARNING ADAPTATION ACTIVITY,2/12/2025,,11901462,6720937,5180525
USAID,IDIQ # 1: Northern Region - DFSMO,2/12/2025,,28000000,28000000,0
USAID,USAID GOVERNANCE AND ACCOUNTABILITY OF WATER SERVICES ACTIVITY,2/12/2025,,11284730,6284730,5000000
USAID,"1. TO INCREASE TRANSPARENCY AND REDUCE CORRUPTION IN GOVERNMENT-LED PROCESSES. 2. TO STRENGTHEN AND STREAMLINE DEALINGS BETWEEN PUBLIC OFFICIALS AND POTENTIAL INVESTORS, LOCAL BUSINESSES AND CITIZENS THROUGH MINIMIZING DISCRETION OF PUBLIC OFFICIALS",2/12/2025,,10517722,5500000,5017722
USAID,"VERSION 1: COMMITTED $1,500,000 FROM GREEN CITIES CORE FUNDS IN THE ITEMIZED SECTION OF THE REQ AND $1 MILLION FROM DDI/GENDEV'S FUNDS IN GROUP REQ RGP-DDI-22-000084. TOTAL TO BE OBLIGATED IS $2.5 MILLION. USAID'S GREEN CITIES DIVISION",2/12/2025,,10206089,0,10206089
USAID,IMPROVED WATER MANAGEMENT FOR SUSTAINABLE ECONOMIC GROWTH ACTIVITY,2/12/2025,,8910606,2966225,5944381
USAID,OTI M&E Support Services task order under the PPL EVAL-ME-II,2/12/2025,,8679349,7708174,971175
USAID,"PROVIDES EDUCATION TECHNICAL AND SUPPORT SERVICES AS NEEDED INCLUDING BUT NOT LIMITED TO MONITORING, EVALUATION, RESEARCH, LEARNING, PROFESSIONAL DEVELOPMENT, EVENT LOGISTICS SUPPORT, AND TRANSLATION TO THE USAID LAC BUREAU AND FOR OPERATING UNITS AN",2/12/2025,,8668047,6651393,2016654
USAID,PPL/LER New IDIQs,2/12/2025,,10000,0,10000
USAID,LANGUAGE TRAINING SERVICES AND ASSESSMENT RESOURCE(LTS&AR) TASK ORDER,2/12/2025,,8329100,6361474,1967626
USAID,"THIS CO-CREATION AND CO-DESIGN TRAINING SERVICES AWARD IS TO PROVIDE SUPPORT AND SPECIALIZED TRAINING IN STRATEGIC DESIGN AND LEARNING TO DEVELOP AND DISSEMINATE NEW AND INNOVATIVE TOOLS AND GUIDANCE, DELIVER TRAININGS AND WORKSHOPS, AND SEND WHEN RE",2/12/2025,,7230172,7099468,130704
USAID,"THE CCSDP IDIQ IS DESIGNED TO ENSURE THAT NEW, NONTRADITIONAL, AND LOCAL PARTNERS AND GOVERNMENTS HAVE THE CAPABILITIES AND RESOURCES TO SERVE AS PRIME PARTNERS FOR USAID PROGRAMMING ALONG WITH ENSURING THAT USAID M/OUS ARE EQUIPPED TO WORK WITH MO",2/12/2025,,5821328,3781849,2039479
USAID,"ACQUISITION AND ASSISTANCE SUPPORT INCLUDE THE AWARD AND ADMINISTRATION OF GRANTS AND CONTRACTS THROUGHOUT THE ACQUISITION AND ASSISTANCE LIFE CYCLE, FROM PLANNING TO CLOSEOUT.",2/12/2025,,5786504,3365639,2420865
USAID,To provide moving and storage services for USAID,2/12/2025,,5680789,182526,5498263
USAID,SUPPORT TO ELECTORAL INTEGRITY IN BIH ACTIVITY AIMS TO IMPROVE THE INTEGRITY OF ELECTIONS IN BOSNIA AND HERZEGOVINA (BIH).,2/12/2025,,5560392,2459465,3100927
USAID,The purpose of this contract is to acquire technical expertise to advance the Agency's Enterprise Risk Management (ERM) agenda. The contractor will continue to build and improve upon the Agency's ERM program progress thus far. The areas of technical expertise include those essential for the following types of work: day-to-day support for ERM operations; developing and executing a strategic ERM communications plan; providing technical analyses to support ERM program implementation; providing technical assistance and advisory support on G2G risk management activities; and providing policies and procedures support.,2/12/2025,,5423054,920127,4502927
USAID,FINANCIAL MANAGEMENT CONTRACT TO REVIEW AND IMPLEMENT NEW SYSTEM PROCESSES.,2/12/2025,,5269382,3543098,1726284
USAID,THE PURPOSE OF THIS CONTRACT IS TO PROVIDE ORGANIZATIONAL AND PROGRAMMATIC MONITORING ASSESSMENTS RESEARCH AND LEARNING TO GENERATE THE DATA ANALYSIS AND COMMUNICATIONS THAT FURTHER ENHANCE THE IMPACT OF USAIDS HEALTH PROGRAMS IN INDIA,2/12/2025,,4926529,3926529,1000000
USAID,"THE AUTHORIZED AGENT IS REQUESTED TO ISSUE A REQUEST FOR PROPOSAL (RFP) FOR THE UPCOMING CAPACITY STRENGTHENING AWARD (LEAD), AND OBLIGATE THE AMOUNT OF $725.000. THE ANTICIPATED TOTAL ESTIMATED AMOUNT OF THE AWARD IS $5,000,000.00 FOR FIVE YEARS.",2/12/2025,,4896947,0,4896947
USAID,Mailroom staff contract,2/12/2025,,4805092,809717,3995375
USAID,"TO UTILIZE THE AIDRPA SYSTEM TO DESIGN AND BUILD THE RPA (ROBOTIC PROCESS AUTOMATION) SOLUTIONS TO AUTOMATE REPETITIVE, RULES-BASED TASKS.",2/12/2025,,4499174,3039038,1460136
USAID,"The purpose of this mod is to fund the Totem award until Feb 28, 2022. The total funds to add are $74,750 on CLIN 1 with O&M op def code O.ITSD.KM.1.6.2.0",2/12/2025,,4477402,305239,4172163
USAID,THE PURPOSE OF THIS CONTRACT IS TO PROCURE ACQUISITION AND ASSISTANCE SUPPORT UNDER GENERAL SERVICES ADMINISTRATION (GSA) PROFESSIONAL SERVICES SCHEDULE NO. GS-00F-120DA WITH JEFFERSON CONSULTING GROUP LLC FOR THE USAID/DEMOCRATIC REPUBLIC OF THE CO,2/12/2025,,3990000,0,3990000
USAID,EO14042 THE LEARNING AND ORGANIZATION DEVELOPMENT AWARD WILL SUPPORT TRAINING AND ORGANIZATIONAL DEVELOPMENT ACTIVITIES IN CPS BUREAU,2/12/2025,,3919999,2489213,1430786
USAID,"This pre-obligation checklist serves to issue an unfunded requisition. The Authorized Agent is requested to issue a Request for Proposals (RFP) for a Local Indefinite Delivery/Indefinite Quantity (IDIQ) Contract in the amount of $5 million to procure qualified engineering firms to provide all kinds of Architecture and Engineering (A&E) services, ranging from quick response to short and long-term services for the various infrastructure projects implemented by USAID/Mozambique. For more details refer to the attached documentation. 1) HSS PAD Amendment; 2) Selection of Instrument Memo; 3) SOW; 4)IGCE; 5) IAP; 6) IEE; 7) Construction Risk Assessment; 8) Climate Risk Management Tool.",2/12/2025,,5850000,5845000,5000
USAID,PLR/LER new Research and Analytics for Development Mechanism,2/12/2025,,3150000,0,3150000
USAID,THE PURPOSE OF THIS REQUEST IS TO OBTAIN FUNDING FOR AIRWATCH AND DOCUSIGN LICENSES.,2/12/2025,,3116825,0,3116825
USAID,"EG: THE PURPOSE OF THIS TO2 IS TO PROVIDE TECHNICAL ASSESSMENTS, ENGINEERING DESIGN AND CONSTRUCTION OVERSIGHT SUPPORT FOR CURRENT AND PLANNED WASH AND HEALTH INFRASTRUCTURE.",2/12/2025,,2984332,0,2984332
USAID,Management of USAID’s Print Shop,2/12/2025,,2909414,0,2909414
USAID,ARCHITECT AND ENGINEERING SERVICES FOR THIRD PARTY MONITORING ACTIVITY FOR MUNICIPAL SERVICES PROGRAM-SINDH,2/12/2025,,2515978,0,2515978
USAID,PPL/LER new Evaluation IDIQs,2/12/2025,,10000,0,10000
USAID,Production Printing Equipment (PPE) - Usage and maintenance,2/12/2025,,2116702,1346992,769710
USAID,USAID Network Assessment,2/12/2025,,1725008,0,1725008
USAID,USAID KENYA AND EAST AFRICA MISSION FIT-FOR-PURPOSE ASSESSMENT,2/12/2025,,1296451,0,1296451
USAID,This activity is for procurement of technical services to provide communication support to Power Africa Coordinator's office,2/12/2025,,1100000,0,1100000
USAID,The Senior Evidence Utilization Advisor will leverage their considerable expertise in the DRG field to advise and support the development of appropriate and practical approaches to apply DRG evidence and learning. The incumbent will lead and guide the dissemination and utilization of research and other analytical products within USAID and its implementing partners to improve the outcomes of USAID’s DRG interventions. The Senior Evidence Utilization Advisor will provide technical assistance and training to USAID staff and partners to help them interpret and act on research in DRG programming and facilitate iterative feedback to the E&L Team to help shape the DRG and Agency Learning Agendas and improve the overall effectiveness of research products.,2/12/2025,,1036450,701064,335386
USAID,"The Senior E&L Program Specialist will leverage their considerable expertise in the DRG field to advise and support the development of appropriate and practical approaches to apply DRG evidence and learning. Working closely with evaluation and learning experts on the E&L team, they will provide technical direction on a range of DRG learning initiatives (reviews, evaluations, surveys, etc.) with a special focus and expertise on overseeing data collection and analysis. This includes providing direction on effective approaches to data collection for cutting-edge impact and performance evaluations, ensuring the resolution of challenges that may arise, and leading the process of analyzing research and evaluation findings in a way that draws out key findings and program recommendations for the benefit of practitioners. The incumbent will work with the Bureau’s Knowledge Management and Organizational Learning specialist, the Senior Evidence Utilization Advisor, and other evaluation and learning specialists coordinator and team to advance knowledge management in USAID’s DRG sector.",2/12/2025,,980246,785246,195000
USAID,EPP Program Support Specialist USPSC; mid-level GS 13 equivalent,2/12/2025,,914218,741710,172508
USAID,"This pre-obligation checklist serves to issue an unfunded requisition. The Authorized Agent is requested to issue a Request for Proposals (RFP) for a Local Indefinite Delivery/Indefinite Quantity (IDIQ) Contract in the amount of $5 million to procure qualified engineering firms to provide all kinds of Architecture and Engineering (A&E) services, ranging from quick response to short and long-term services for the various infrastructure projects implemented by USAID/Mozambique. For more details refer to the attached documentation. 1) HSS PAD Amendment; 2) Selection of Instrument Memo; 3) SOW; 4)IGCE; 5) IAP; 6) IEE; 7) Construction Risk Assessment; 8) Climate Risk Management Tool.",2/12/2025,,5000000,4995000,5000
USAID,TASK ORDER UNDER 7 A&E MISSION IDIQ HOLDERS,2/12/2025,,858602,0,858602
USAID,"New Contract RH USPSC DEIA Senior Advisor, GS-14",2/12/2025,,703398,585020,118378
USAID,Documentum Software License Maintenance and purchase additional licenses.,2/12/2025,,703040,0,703040
USAID,"NEW PSC AWARD TO SERVE AS A ECONOMIC RECOVERY AND MARKET SYSTEMS (ERMS) TECHNICAL ADVISOR, TPQ, GS 13",2/12/2025,,650856,48000,602856
USAID,"STRATEGIC PLANNING AND ACTIVITY DESIGN ADVISOR, REMOTE, 2 YR.",2/12/2025,,438950,21000,417950
USAID,"This is a new acquisition for the purchase of Google Hangout Meet Hardware Kits per attached quote in the amount of $8,700.00. This action will use Hardware Endpoint Device Refresh FY23 funds, and op def code C.ITO.IO.4.3..7.329.",2/12/2025,,326250,308850,17400
USAID,TO PROVIDE COACHING AND TRAINING SERVICES TO USAID ASIA BUREAU LEADERSHIP TEAM AND STAFF.,2/12/2025,,305675,0,305675
USAID,REQUEST FOR SOLE SOURCE AWARD TO AKYTECH CONSULTING LLC TO PROVIDE USAID TRAINING ACROSS THE AGENCY AND IN SELECT US EMBASSIES THE THIS NONCOMPETITIVE ACTION IS TO FULFILL THE AGENCIES OBLIGATION TO THE JANUARY 2021 PRESIDENT BIDEN SIGNED EXEC,2/12/2025,,300439,0,300439
USAID,GRAPHIC DESIGN SERVICES IN SUPPORT OF DEVELOPING THE AGENCY FINANCIAL REPORT (AFR) AND OPTIONAL GRAPHIC DESIGN SERVICES IN SUPPORT OF DEVELOPING THE SUMMARY PERFORMANCE FINANCIAL INFORMATION (SUMMARY REPORT) WITH STANDARDS SET FORTH IN OMB CIRCULAR A,2/12/2025,,281622,184012,97610
USAID,"RENEWAL OF ECONOMIST INTELLIGENCE UNIT (EIU) USING DIRECT EXPRESS OPTION INVOICE $82,235 (INCLUDES DIRECT EXPRESS FEE).",2/12/2025,,259244,0,259244
USAID,Government Employees Subsidized Parking,2/12/2025,,256936,220672,36264
USAID,CONSTRUCTION MANAGEMENT AND ENGINEERING SUPPORT TO THE INTEGRATED WATER SOLUTIONS SUPPORT (IWSS),2/12/2025,,249484,0,249484
USAID,The purpose of this activity is to provide the office of Legislative and Public Affairs (LPA) with Brandwatch subscription to data analytic services that includes a query access platform.,2/12/2025,,245495,150703,94792
USAID,THE EVALUATION OF THE PERFORMANCE OF THE ENERGY SUSTAINABILITY ACTIVITY AND RESEARCH QUESTIONS RELATED TO THE ENERGY SECTOR. THE OBJECTIVE OF THIS EVALUATION IS TO ASSESS PROGRESS AND RECOMMEND ADJUSTMENTS TO THE IMPLEMENTATION OF THE ENERGY SUSTAINA,2/12/2025,,227438,0,227438
USAID,"The purpose of this award will be to broaden the Big Cats YouTube Channel and Podcast series platform by expanding the video and the podcast series with new episodes showcasing the most important stories, speaking with the people driving the USAID programs and initiatives and our partners who are undertaking to save Big Cats and their habitats. The project ultimately aims to promote and raise awareness about USAID conservation efforts, US environmental technologies and innovations, and the importance of biodiversity conservation for sustainable development",2/12/2025,,227392,0,227392
USAID,Subscription Services (Legislative and Congressional - News Web Services),2/12/2025,,224124,79682,144442
USAID,"THIS IS TO REQUEST THE OBLIGATION OF $92,400.00 FOR THE PAYMENT OF THE HEAD OF SECRETARIAT FOR THE DEVELOPMENT COOPERATION PLATFORM (DCP) JEANNETTE KEYZER",2/12/2025,,184800,0,184800
USAID,InfoBlox Trinzic Software Licence Renewal,2/12/2025,,169995,0,169995
USAID,Real-time monitoring of all parking garage devices and mechanisms,2/12/2025,,152100,0,152100
USAID,"This pre-obligation checklist serves to issue an unfunded requisition. The Authorized Agent is requested to issue a Request for Proposals (RFP) for a Local Indefinite Delivery/Indefinite Quantity (IDIQ) Contract in the amount of $5 million to procure qualified engineering firms to provide all kinds of Architecture and Engineering (A&E) services, ranging from quick response to short and long-term services for the various infrastructure projects implemented by USAID/Mozambique. For more details refer to the attached documentation. 1) HSS PAD Amendment; 2) Selection of Instrument Memo; 3) SOW; 4)IGCE; 5) IAP; 6) IEE; 7) Construction Risk Assessment; 8) Climate Risk Management Tool.",2/12/2025,,5000000,4995000,5000
USAID,"The existing carpeting in most areas of the Ronald Reagan Building (floors B1, B2, B3 and 2 - 9) require periodic cleaning due to normal usage and spillage of food and drinks. This issue has resulted in multiple calls to the building contracted cleaners and carpet companies more often than wanted. We have put in place a comprehensive proactive carpet cleaning plan to ensure the spaces are kept in the upmost conditions. While funding requests for carpet cleaning increased, the carpet's appearance and odor(s) have not improved with these standard periodic spot cleanings. There have been several walk-throughs conducted to identify and confirm that a more extensive cleaning program is necessary to help prevent mold and mildew growth, remove deep-seated pollutants, restore the appearance of carpets, and possibly extend the life of the carpet, therefore decreasing long-term expenses. Approval is requested to have the RRB carpet steam cleaned bi-annually (twice a year) to improve appearance and remove odors.",2/12/2025,,145549,0,145549
USAID,FIVE YEAR SUBSCRIPTION FOR A SEARCHABLE DATABASE OF PROFESSIONAL NEWS/EDITORIAL PHOTOS.,2/12/2025,,120671,97941,22730
USAID,"To procure service to conduct a Mission-wide DEIA Survey, develop an DEIA Action Plan, and implement DEIA related training.",2/12/2025,,100000,0,100000
USAID,"PROCUREMENT OF OVERSIGHT AUDIT SERVICES FROM A QUALIFIED CONSULTANT/AUDIT/FIRM TO CONDUCT AN AUDIT (THROUGH AN EXAMINATION ENGAGEMENT) OF DIRECT BUDGET SUPPORT (DBS) PROVIDED TO THE GOVERNMENT OF MOLDOVA (GOM), INCLUDING OBTAINING REASONABLE ASSURANC",2/12/2025,,99040,0,99040
USAID,"THE PURPOSE OF THIS PURCHASE ORDER IS TO PURCHASE NEW OFFICE FURNITURE FOR AGRON AND MAMILLA OFFICES. THE ORDER INCLUDES 35 ELECTRIC DESKS, 30 DRAWERS, 12 CABINETS, 22 PANELS, 100 VISITOR CHAIRS, SMALL ROUND TABLE, 4 ROUND TABLE CHAIRS, CONF",2/12/2025,,71428,0,71428
USAID,"Part # Valimail Enforce Description: Valmail Enforce = Up to 1 Domain and up to 65,000,000 Sending Services Up to 50 Non-mailing Domains included ValiMail - Valimail Enforce Start Date: 07/13/2024 End Date: 07/12/2025",2/12/2025,,69892,0,69892
USAID,REQUEST FOR BPA CALL ORDER TO PROVIDE SUPPORT UNDER THE HUMAN RESOURCES MANAGEMENT SUPPORT SERVICES.,2/12/2025,,65295,21765,43530
USAID,The purpose of this request is to renew the annual maintenance for Informatica. 1) Part #: 0000007822-0057 Description: PowerCenter AE (4-7) per CPU-cores Multi-core Multi-OS Production Premium Success Maintenance Qty 4,2/12/2025,,59866,0,59866
USAID,To Purchase Order for a vendor/consultant to work on the WISE DEIA Initiative.,2/12/2025,,53438,0,53438
USAID,The purpose of this activity was to conduct in-person workshops and outreach events throughout Peru seeking to strengthen USAID’s recruitment of local staff throughout the country and raising awareness of USAID programming.,2/12/2025,,53400,0,53400
USAID,USAID/Uzbekistan - DEIA Fellowship - Cultivating Inclusion Fellowships,2/12/2025,,49667,0,49667
USAID,Purchase of 19 Defibrillators (included training),2/12/2025,,39197,0,39197
USAID,EXO/GDPI TABLES& CABINETS,2/12/2025,,27020,0,27020
USAID,"To organize two events to support the USAID/Mexico Integration Strategy, seeking to improve and enhance the appreciation of diversity; to advocate for a culture of inclusion, belonging, and equity; and to strengthen collaboration and promote a positive culture accessible to everyone.",2/12/2025,,26800,0,26800
USAID,EBSCO SUBSCRIPTION FOR LIBRARY JOURNALS.,2/12/2025,,24859,0,24859
USAID,WinZip Renewal,2/12/2025,,20472,0,20472
USAID,"To revised the amount of funds sub committed for Facebook Social Media Boosting for one year from October 1, 2024 to September 30, 2025.",2/12/2025,,20025,0,20025
USAID,Onsite Secure Shredding Services,2/12/2025,,20000,10000,10000
USAID,"To procure one local firm to conduct a DEIA (Diversity, Equity, Inclusion, and Accessibility) internal assessment, and provide DEIA Strategic Services and Development",2/12/2025,,20000,0,20000
USAID,"Support Services to USAID and the DEIA Council at Embassy Pristina. The activities under this Purchase Order will include organizing internal activities, workshops and events for USAID, and for the larger Embassy staff under the following guiding principles. Objective 1. USAID/Kosovo Internal Collaborative Retreat For USAID-specific activities, contractor efforts will involve: ¿ Facilitating consultative processes with staff to identify challenges related to People, Processes, and Policies. This will include interviews, focus groups, action-planning with internal employees; to be designed in close consultation with the contract COR. ¿ Organizing and facilitating an internal collaborative retreat that will gather the USAID staff and its leadership to jointly identify and address challenges with the aim of fostering ownership (of the identified solutions) and consensus-building. Objective 2. U.S. Embassy Pristina DEIA Council Activities For U.S. Embassy Pristina DEIA Council activities the contractor will provide support for the implementation of intercultural events, which will include a Community Iftar, 16 Days of Activism against Gender-Based Violence, and Black History Month. This will involve event implementation, and provision of food, and other hospitality and material services necessary to achieve meaningful and well-executed events for members of the Embassy Pristina community and the Embassy’s guests. In addition, the contractor will support facilitation of training/discussions based on the findings of previous assessments.",2/12/2025,,20000,0,20000
USAID,"Annual subscription to The Report Newspaper with a total amount of $ 10,100",2/12/2025,,19700,0,19700
USAID,Joe Sandbox Cloud Pro Account,2/12/2025,,19104,0,19104
USAID,"GRACE BURTON, REFS/AA, ANNUAL SUBSCRIPTION TO BLOOMBERG GOVT.",2/12/2025,,19026,0,19026
USAID,L'EXPRESS: Space purchase for job advertisements 2024,2/12/2025,,14740,0,14740
USAID,Les Nouvelles: Space purchase for job advertisements 2024,2/12/2025,,11992,0,11992
USAID,IGF::CL::IGF CAMBODIAN CIVIL SOCIETY STRENGTHENING,2/28/2025,,9198671,141496,9057175
USAID,The primary purpose of the Energy Security through Competitive Energy Markets Program is to enhance energy security in Ukraine.,3/1/2025,,920000000,0,920000000
USAID,"The purpose of GHTASC is to promote effective global health programming and advance the mission of the U.S. Agency for International Development, Bureau for Global Health through institutional support and workforce development services from junior, mid-level, senior and expert advisory and administrative professionals.",3/1/2025,,682653619,283739564,398914055
USAID,New O&M Follow-on Contract,3/1/2025,,921395,0,921395
USAID,USAID Economic Resilience Activity (,3/1/2025,,325000000,4514157,320485843
USAID,"Other Functions:Strengthening the capacity of Congolese institutions and communities to deliver quality, integrated health services to sustainably improve the health status of the Congolese population. This is a cost-Plus-Fixed-Fee (CPFF) contract of seven years consisting of a four (4) base and three-year(3) option.",3/1/2025,,314151049,41675774,272475275
USAID,Ukraine Confidence Building Initiative (UCBI) 4,3/1/2025,,256042400,170737067,85305333
USAID,"The USAID/Ukraine Harvest Activity aims to enable grain and oilseed farmers, including those from marginalized and underserved groups, and with a special focus on disadvantaged female farmers, to return production and income for target commodities to at least pre-war levels.",3/1/2025,,249925252,151508292,98416960
USAID,Demographic and Health Surveys - 9 (DHS-9),3/1/2025,,236831989,220759968,16072021
USAID,"To encourage startup businesses and small and medium sized enterprises (SMEs), increase domestic market competition, and support the competitiveness of Ukrainian firms in international markets.",3/1/2025,,170000000,4346347,165653653
USAID,New PLR Institutional Support Services Contract (ISSC) 2024,3/1/2025,,163985300,148801961,15183339
USAID,The purpose of this activity is to strengthen connections and trust between citizens and their government in Eastern Ukraine.,3/1/2025,,157051252,14225558,142825694
USAID,"GH-SURGE is a Task Order that Provides the Bureau for Global Health (GH), and Missions with readily accessible high quality, external technical expertise to support the achievement of USG Health Objectives.",3/1/2025,,150000000,149303655,696345
USAID,USAID Governance and Local Accountability (HOVERLA) Activity,3/1/2025,,150000000,42999991,107000009
USAID,"The Purpose of the activity is to support a transparent, accountable, and effective health care system that is capable of meeting the health needs of the Ukrainian people.",3/1/2025,,137311167,42742784,94568383
USAID,Technical Assistance and Mission Support (TAMS) Will provide high-quality technical assistance and mission support.,3/1/2025,,125000000,1175915,123824085
USAID,"The purpose of this Activity is to improve the conditions of conflict affected rural households in a sustainable manner. This will be achieved by providing massive access to land titles while supporting land restitution as part of the broader land titling policy support, strengthening local government capacity, and integrating them to licit socio-economic opportunities in targeted areas.",3/1/2025,,115781849,0,115781849
USAID,The purpose of this contract is to procure the services of the contractor for the implementation of the activity entitled (Afghanistan Competitiveness of Export-Oriented Businesses Activity (ACEBA)).,3/1/2025,,105722822,0,105722822
USAID,Task Order 1: State-Owned Enterprises (SOE) Reform Activity in Ukraine,3/1/2025,,100000000,27130956,72869044
USAID,The purpose of the Pro-Integrity Activity is to reduce corruption incidence and risks to build back a better Ukraine.,3/1/2025,,90000000,42701773,47298227
USAID,WBG/EGI - MEPPA - Building Regional Economic Bridges (BREB) Activity,3/1/2025,,87624932,34624932,53000000
USAID,"The General Support Services (GSS) Contract will provide technical, advisory, and administrative support services for USAID in different areas under the Bureau for Development, Democracy, and Innovation (DDI).",3/1/2025,,79147810,51413443,27734367
USAID,"DDI/LFT New Institutional Support Contract - The purpose of this activity is the provision of a comprehensive suite of services and deliverables in support of DDI and LFT Hub. The Contractor will provide long and short-term technical assistance, as well as associated support costs e.g., travel, office space, equipment, and materials, to the LFT Hub, and other DDI operating units if required, in order to meet its contractual objectives throughout the period of performance. (New Award)",3/1/2025,,78694373,55028017,23666356
USAID,The purpose of this contract is to procure the services of a Contractor for the implementation of the Afghanistan Value Chains - Livestock activity.,3/1/2025,,75672170,0,75672170
USAID,Global Health Risk and Capacity (GHRC) will support USAID Missions and Washington Based Operating Units (OU) abilities to manage health awards implemented by local partners.,3/1/2025,,74347528,69621476,4726052
USAID,WASH-FIN 2,3/1/2025,,72507624,46272805,26234819
USAID,"IGF::OT::IGF This project will employ a market-driven systems approach to improve the competitiveness of horticulture producers and related down-stream businesses and food processors by building their capacities to respond to demand from domestic and international buyers and fully meet their market requirements. Meeting the demands of the market will necessitate adoption of international food quality and safety standards for horticulture crops destined for both international and domestic markets, including food processors, supermarkets, and restaurant chains.",3/1/2025,,71332063,0,71332063
USAID,Task Order Solicitation-IHS IDIQ,3/1/2025,,70006560,43569110,26437450
USAID,Apple Mobility Mobile Device IDIQ,3/1/2025,,100000,0,100000
USAID,"Global Solid Waste Task Order Clean Cities, Blue Ocean(CCBO) Based on successful programming in Asia, USAID is expanding our activities geographically to prevent marine litter through improved solid waste management and recycling, and building (global and national) private sector partnerships to achieve that. The Clean Cities, Blue Ocean (CCBO) Program will provide small grants and technical assistance to local non-governmental partners to work with local businesses, women’s associations, municipal governments and others, to improve solid waste management and waste recycling efforts in and around cities. CCBO will also convene stakeholders to support innovative and/or scalable solid waste management practices and to increase investment in municipal waste recycling. USAID-funded programs will promote social inclusion, empower women and youth, generate jobs and economic growth, and strengthen resilience while addressing the problem of mismanaged plastics waste.",3/1/2025,,67326148,4627224,62698924
USAID,"Fund the activity by $5,877,918",3/1/2025,,66698643,7404832,59293811
USAID,This REQ is to establish a new TO under the OASIS IDIQ for the FEWS NET 8 Knowledge Base.,3/1/2025,,65461868,48146123,17315745
USAID,"The Activity aims to inclusively and equitably improve food and water security by empowering individuals and communities to mitigate and adapt to shocks and stressors in order to improve livelihoods, maintain nutrition and health wellbeing, address drivers of conflict, and reduce reliance on humanitarian assistance in the watersheds that cover Karamoja region in Uganda.",3/1/2025,,63186442,34691516,28494926
USAID,"The purpose of the Technical, Administrative and Programmatic Support (TAPS) contract is to provide technical, administrative, and programmatic support services to the Bureau for Resilience and Food Security (RFS), as well as on-demand technical support to other USAID Operating Units (OUs) and field-based Missions and programs, in the development, design, implementation, and administration of strategies and programs related to agriculture, water and sanitation, food security, environment, resilience, and nutrition, among other key areas.",3/1/2025,,62884816,45055434,17829382
USAID,USAID Justice for All (J4A) Activity,3/1/2025,,62000000,10648286,51351714
USAID,The purpose of this contract is to provide technical services under the Women and Men in Agriculture (WAMA) Activity for USAID Afghanistan Mission as described in the Section C of the contract,3/1/2025,,59910649,44110649,15800000
USAID,EO14042 Power Tunisia Activity,3/1/2025,,57966887,39066886,18900001
USAID,"This requisition is to initially fund the new EG Agriculture and Rural Empowerment (ARE) activity to support rural economies in Lebanon. ARE will work on agriculture, agro-food and other non-agricultural rural industries to increase the incomes and create jobs for rural populations.",3/1/2025,,56775503,7578963,49196540
USAID,"The purpose of the USAID Agriculture Transformation activity is to catalyze Nepal inclusive agricultural transformation through improved productivity, competitiveness, women's economic advancement, and climate resilience. The activity will focus on the following specific objectives: Objective 1: Agricultural productivity, competitiveness, and diversification increased. Objective 2: Enabling environment for private sector investment in agriculture and equitable access to market systems improved. Objective 3: Climate and economic resilience of women, youth, and marginalized communities enhanced. Objective 4: Capacity of national agricultural research institutions and extension systems strengthened.",3/1/2025,,56000000,36011602,19988398
USAID,"STATE ACCOUNTABILITY, TRANSPARENCY AND EFFECTIVENESS (STATE2STATE) ACTIVITY",3/1/2025,,52000000,10220408,41779592
USAID,"The purpose of this task order is to procure services for USAID/OTI to support U.S. foreign policy priorities via targeted, limited-term programming engagements in the Latin America and Caribbean region.",3/1/2025,,50397639,49897639,500000
USAID,"The purpose of this task order is to procure services for USAID/OTI to support U.S. foreign policy priorities via targeted, limited-term programming engagements in West and Central Africa.",3/1/2025,,50397639,47697639,2700000
USAID,"This Task Order will support the restoration of essential services, strengthen good governance, and enable economic recovery in Syria.",3/1/2025,,49890012,6199914,43690098
USAID,"RCRA'S GOAL IS TO STIMULATE A SUSTAINABLE AND INCLUSIVE RECOVERY FROM THE REGIONAL CRISIS CAUSED BY THE RUSSIAN INVASION OF UKRAINE, BY ACCELERATING THE TRANSFORMATIVE, CLIMATE-RESILIENT ECONOMIC DEVELOPMENT OF RURAL MOLDOVA. THIS WILL BE DONE B",3/1/2025,,49696117,16903627,32792490
USAID,USAID/Haiti - Citizen Security Program,3/1/2025,,49597020,25737020,23860000
USAID,"The Public Sector Systems strengthening plus (PS3+) activity will strengthen public sector systems in Tanzania by improving the quality, delivery, and use of public services. Furthermore, the Contractor will strengthen Regional and LGA systems across sectors to promote the delivery of quality essential services, equity and responsiveness, transparency and accountability, and facility autonomy to raise and allocate resources.",3/1/2025,,49588174,2842343,46745831
USAID,"The purpose of this task order is to procure services for USAID/OTI to support U.S. foreign policy priorities via targeted, limited-term programming engagements in Europe.",3/1/2025,,49401168,48901168,500000
USAID,"The purpose of this task order is to procure services for USAID/OTI to support U.S. foreign policy priorities via targeted, limited-term programming engagements in Asia.",3/1/2025,,49090068,48590068,500000
USAID,"REFS/CEIC/I (Infrastructure Team): FY 24 The New Infrastructure Field Support (IFS) III Task Order. The Infrastructure Field Support (IFS) III Task Order under the Global Architect & Engineer Services III Indefinite Delivery, Indefinite Quantity (A&E III IDIQ) is a follow-on to the current popular Infrastructure Field Support II Task Order. The purpose of IFS is to improve USAID’s capacity and ability to appropriately plan, design, and manage its over $3.5 billion worth of ongoing infrastructure activities. This TO will primarily be implemented by Mission/Operating Unit buy-in and carried out through designated Work Assignment Activity Managers. The activities under this Task Order are for professional engineering and architectural related technical services.",3/1/2025,,49031065,45472065,3559000
USAID,"IGF::OT::IGF The purpose of the Lets Read Zambia is to improve reading outcomes for approximately 1.4 million children attending preprimary,kindergarten through Grades 3 in Zambian public and community schools in an estimated 425 zones in 56 districts in the five target provinces of Eastern, Muchinga, Southern, Northwestern and Western.",3/1/2025,,48995538,0,48995538
USAID,"REQUEST TO PROCURE A TASK ORDER UNDER THE USAID ENERGY IDIQ II TO OBTAIN SERVICES FOR SOUTH ASIA REGIONAL ENERGY PARTNERSHIP (SAREP). SAREP AIMS TO IMPROVE ACCESS TO AFFORDABLE, SECURE, RELIABLE AND SUSTAINABLE ENERGY FOR ALL IN SOUTH ASIA THROUGH",3/1/2025,,48897991,13614991,35283000
USAID,USAID Kenya Private Sector Activity,3/1/2025,,48815052,38597540,10217512
USAID,The LEARN to Read activity is to support sustainable improvements in reading outcomes for pupils in grades 1 and 2 in select Nigerian States.,3/1/2025,,48812640,17107577,31705063
USAID,"THE PURPOSE OF THE WABILED TASK ORDER IS TO I) STRENGTHEN NATIONAL AND REGIONAL NETWORKS AND INSTITUTIONS BY BUILDING THEIR CAPACITY TO ENFORCE AND PROSECUTE WILDLIFE TRAFFICKING LAWS, II) IMPROVE THE REGIONAL AND TRANSBOUNDARY COOPERATION AND CONSER",3/1/2025,,48661256,10000000,38661256
USAID,THE PURPOSE OF THIS CONTRACT IS TO PROVIDE TECHNICAL SERVICES FOR THE IMPLEMENTATION OF THE USAID LEARNING ANALYTICS ACTIVITY.,3/1/2025,,47998336,25445616,22552720
USAID,"To acquire services to establish and manage a flexible, quick response mechanism supporting activities to support progress towards greater democratic openness and decentralization.",3/1/2025,,47407591,44157590,3250001
USAID,Non-Revenue Water Management Project,3/1/2025,,46102450,7702450,38400000
USAID,Economic Recovery and Livelihoods Program (ERLP),3/1/2025,,45915039,2006132,43908907
USAID,Transformation Communications Activity in Ukraine.,3/1/2025,,45691998,5544375,40147623
USAID,"The purpose of this task order is to procure services for USAID/OTI to support U.S. foreign policy priorities via targeted, limited-term programming engagements in Southern and Eastern Africa.",3/1/2025,,45631222,45131221,500001
USAID,EO14042 - Dexis TO under SWIFT 5-Programs,3/1/2025,,45602361,45102361,500000
USAID,EO14042 - Dexis TO under SWIFT 5-Programs,3/1/2025,,45602361,34176949,11425412
USAID,"The purpose of the USAID Investments in Developing Energy Assets (IDEA) activity is to improve regional energy supply security, reliability and efficiency through supporting investments in all segments of the energy sector, including heat and power generation facilities, transmission and distribution networks, renewable sources, demand side improvements, and water supply and sanitation infrastructures.",3/1/2025,,44992154,31623493,13368661
USAID,"New USAID/Ethiopia Climate Resilient Water Sanitation and Hygiene (WASH) Activity, under Water and Development II IDIQ.",3/1/2025,,44986188,30295931,14690257
USAID,"Afghanistan Monitoring, Evaluation, and Learning Activity (AMELA)",3/1/2025,,44848003,0,44848003
USAID,Build 4 Tomorrow - Jenin Wastewater Management System and Reuse Project,3/1/2025,,44814528,74999,44739529
USAID,Task Order to implement USAID Power Central Asia Activity Phase I,3/1/2025,,44794295,0,44794295
USAID,"The purpose of this Activity is to expand citizens' access to critical public services, including to water, sanitation, and hygiene (WASH), by strengthening the capacity of local governments for the effective, transparent, and citizen-responsive provision of local services in no more than 30 municipalities. Through the provision of local services, this Activity will demonstrate that democratic governance produces results and, at the same time, catalyze progress in other sectors such as economic growth, education, digital connectivity, and child nutrition.",3/1/2025,,44737390,23177935,21559455
USAID,"The purpose is to improve agricultural value chains and household resilience through market-strengthening approaches that enhance food security, create sustainable employment opportunities, support private sector-led growth, and address climate-related constraints in agriculture.",3/1/2025,,42479132,30057726,12421406
USAID,EO14042 - DT TO under SWIFT 5-Programs,3/1/2025,,42360313,33154033,9206280
USAID,"The purpose of this Activity is to offer a rapid response to Venezuelan migrants in Colombia immediate needs and a more methodical, medium- to long-term effort to strengthen the governance capacity and service delivery systems that their integration demands. With Colombian and migrant community actors, the Contractor must co-create the institutional and social architecture of inclusion, prosperity, and social cohesion that will underpin lasting stability and reinforce Colombia’s journey to self-reliance.",3/1/2025,,41998474,4565491,37432983
USAID,"USAID South Sudan Gender Aware Sustainable Water, Sanitation, and Hygiene Activity",3/1/2025,,39987524,19186787,20800737
USAID,"The activity strengthens the health, water, and market-based food and sanitation systems that promote the adoption of optimal nutrition-related behaviors across a range of stakeholders in targeted regions. This objective will be achieved by a) increasing the coverage of quality nutrition services at health facilities and community; b) improving water, sanitation, and hygiene services in communities c) improving the consumption of safe, nutritious foods; and d) increasing the capacity of councils to utilize data, plan, budget, and deliver quality nutrition services.",3/1/2025,,39968532,13229874,26738658
USAID,"USAID/Kenya and East Africa Sustainable, Transformational and Accessible Water Interventions (STAWI) Activity",3/1/2025,,39930232,18682388,21247844
USAID,"THE SUPPORTING THE POLICY ENVIRONMENT FOR ECONOMIC DEVELOPMENT (USAID SPEED) ACTIVITY IS A 39,000.000, FIVE YEAR ACTIVITY AIMING TO IMPROVE THE COUNTRY S BUSINESS ENABLING ENVIRONMENT AND TO ENHANCE THE ROLE OF THE PRIVATE SECTOR IN AGRICULTURE, TRAD",3/1/2025,,39900000,8153897,31746103
USAID,Market Access and Innovative Financing for Global Health,3/1/2025,,39380681,18206989,21173692
USAID,To provide technical assistance in the implementation of the USAID Promoting Rule of Law in Myanmar Activity.,3/1/2025,,39071932,0,39071932
USAID,"To implement USAID/Nigeria Lagos Urban Water, Sanitation and Hygiene Activity (LUWASH).",3/1/2025,,38926261,23889495,15036766
USAID,SINAR,3/1/2025,,38772134,0,38772134
USAID,Economic Governance Activity,3/1/2025,,38648518,0,38648518
USAID,Jifunze Uewele (Learning for Understanding),3/1/2025,,38599863,0,38599863
USAID,USAID'S ESHO SHIKHI (COME AND LEARN ACTIVITY,3/1/2025,,38500000,10154591,28345409
USAID,Localize Global Health Security LGHS,3/1/2025,,38481546,25245741,13235805
USAID,"The purpose of the President's Malaria Initiative (PMI) Malaria Reduction Activity is to strengthen the capacity of malaria prevention and ownership of health at the community and household levels, while maintaining gains made at the health facility level in focus districts.",3/1/2025,,38082879,8149589,29933290
USAID,"The Feed the Future Tanzania Kilimo Tija activity is part of the U.S. government's (USG) Global Food Security Strategy (GFSS), which promotes global food security, resilience, and nutrition. This is a five year $40 Mil. horticulture market systems activity. The purpose of this horticulture activity is to sustainably increase economic opportunities in horticulture market systems, especially for youth. This purpose will be achieved by: (a) strengthening horticulture market systems to increase enterprise and employment opportunities; (b) increasing access to commercially provided, climate smart, and productivity-enhancing agricultural technologies; and (c) strengthening the enabling environment for horticulture market systems development.",3/1/2025,,37909124,10591771,27317353
USAID,Sembrando Esperanza Task Order #1,3/1/2025,,37800000,21172494,16627506
USAID,"E3ED_LEADING THROUGH LEARNING NETWORKS - THE LEADING THROUGH LEARNING NETWORKS ACTIVITY WILL SUPPORT INCREASED COLLABORATION IN TECHNICAL AREAS RELAVENT TO THE USAID EDUCATION POLICY THROUGH NETWORKS OR COMMUNITIES OF PRACTICE CURATE, COLLECT, AND S",3/1/2025,,36800913,14916664,21884249
USAID,DDI/ED_DESIGNING EFFECTIVE EVIDENCE-BASED ENGAGEMENT AND LEARNING FOR ORGANIZATIONAL PERFORMANCE (DEVELOP) - DESIGNING EFFECTIVE EVIDENCE-BASED ENGAGEMENT AND LEARNING FOR ORGANIZATIONAL PERFORMANCE (DEVELOP) IS EXPECTED TO PROVIDE CONTINUING SERVICE,3/1/2025,,36444132,5486516,30957616
USAID,"The purpose of this five-year Contract is to holistically assist the USAID Regional Mission for Ukraine and Belarus (hereafter USAID/Ukraine) in its overall monitoring, and its collaborating, learning and adapting (CLA) needs over the implementation of its five-year 2019-2024 Country Development Cooperation Strategy (CDCS).",3/1/2025,,36403723,8121191,28282532
USAID,TASK ORDER UNDER THE STRENGTHENING TENURE AND RESOURCE RIGHTS (STARR) II IDIQ FOR USAID SUSTAINABLE FOREST MANAGEMENT,3/1/2025,,36274769,10620762,25654007
USAID,VIETNAM LOW EMISSION ENERGY PROGRAM II (V-LEEP II),3/1/2025,,36251254,12411858,23839396
USAID,"The purpose of this contract is to provide technical assistance and other services as described in the Performance Work Statement (PWS) found in Section C for the implementation of USAID/Ghana’s activity entitled, ""Feed the Future Ghana Market Systems and Resilience."" (also referred to as MSR).",3/1/2025,,35858073,14200349,21657724
USAID,"The Feed the Future Inclusive Agricultural Markets Activity is to facilitate sustainable market improvements that increase and diversify opportunities for agriculture-led inclusive economic growth. The Activity will focus on creating efficiencies in cross market functions that influence systemic changes in order to have a sustainable impact on the sector and the country. The Activity will build on gains made and lessons learnt in the first Feed the Future strategy to promote actor-based, private sector-led models to improve market efficiencies. The Activity will also seek collaboration with other development partners, civil society, and the Government of Uganda (GOU) to address other constraints to the agriculture market system. The activity will increase transformation and upgrading of agricultural commodities, increase capacity of market actors to profitably engage in the agricultural marketplace, increase availability and utilization of quality services and inputs, as well as strengthen implementation and enforcement of formal rules and influence informal rules.",3/1/2025,,35813336,164084,35649252
USAID,"MISRA GOAL IS TO STIMULATE A SUSTAINABLE AND INCLUSIVE RECOVERY FROM THE REGIONAL CRISIS, IMPROVE THE INSTITUTIONAL, BUSINESS, AND TRADE ENABLING ENVIRONMENT IN MOLDOVA BY SUPPORTING MOLDOVA S PUBLIC INSTITUTIONS AND THE PRIVATE SECTOR TO ACCELERATE",3/1/2025,,35000000,12059939,22940061
USAID,"The Responsive Governance Activity will enhance good governance, public financial management and service delivery in conflict affected municipalities.",3/1/2025,,34662058,0,34662058
USAID,Construction of Community Day Secondary Schools Community Day Secondary Schools (CDSSs) in 12 Districts across Malawi identified in Lot A1 and A2.,3/1/2025,,34468712,0,34468712
USAID,USAID Trade Central Asia,3/1/2025,,34170704,0,34170704
USAID,Energy Secure Philippines Activity,3/1/2025,,33999010,342063,33656947
USAID,"The purpose of the Integrated Land and Resource Governance (ILRG II) Task Order is to provide support to the Land and Resource Governance (LRG) Division in the Bureau for Development, Democracy, and Innovation (DDI) to develop, implement, assess, and evaluate interventions that secure land tenure and resource rights and strengthen LRG systems.",3/1/2025,,33899698,12379552,21520146
USAID,USAID/Haiti Water Security and Systems Strengthening (USAID Eau) Activity,3/1/2025,,32951780,22951780,10000000
USAID,"The new Feed the Future Tajikistan Agriculture and Land Governance Activity will assist the Government of Tajikistan (GOT) to sustainably reduce hunger, undernutrition, and poverty of smallholder farmers by developing more productive and efficient agriculture systems, building the resilience of smallholder farmers and improving the enabling environment to facilitate sustainable and long term ag-led growth.",3/1/2025,,32656053,0,32656053
USAID,Tuhifadhi Maliasili Activity (Let's Conserve Natural Resources),3/1/2025,,30556657,1158947,29397710
USAID,IMPLEMENTATION OF THE NEW LDO IDEAS BAA RENEWABLE ELECTRICITY SUPPLY LEBANON INNOVATION FOR AFFORDABLE AND RENEWABLE ENERGY FOR ALL INARA,3/1/2025,,29982155,10589258,19392897
USAID,MONITORING EVALUATION AND LEARNING SERVICES (MEL SERVICES) ACTIVITY,3/1/2025,,29971808,15824464,14147344
USAID,Armenia Food Security Activity,3/1/2025,,29958751,22958751,7000000
USAID,The Resilience through Agriculture in South Sudan (RASS).,3/1/2025,,29527500,1662751,27864749
USAID,"THE USAID/TANZANIA ECONOMIC GROWTH OFFICE PLANS TO MAKE A TWO AND HALF-YEARS, $29.2 MILLION AWARD FOR USAID WASH INFRASTRUCTURE SUPPORT ACTIVITY (WISA) WITH THE GOAL OF IMPROVING ACCESS TO BASIC WATER AND SANITATION SERVICES, AND IMPROVED MANAGEMENT",3/1/2025,,29285579,13186366,16099213
USAID,"EO14042 The Mission Strategic Support Program will provide technical and advisory services to the USAID/DRC and USAID/CARPE Technical Offices in planning, designing, conducting, disseminating, and learning form the monitoring and evaluation (M&E) of the Mission's portfolios, in order to measure progress towards development objectives and improve achievement of the mission's development outcomes.",3/1/2025,,29242814,5211384,24031430
USAID,New award for Improving Effectiveness of State-Level Justice Institutions in Mexico,3/1/2025,,29050089,0,29050089
USAID,The USAID Agricultural Trade Diversification Program,3/1/2025,,28975000,16466294,12508706
USAID,BUSINESS COMPETITIVENES AND JOB CREATION INITIATIVE - BCJCI,3/1/2025,,28126860,474992,27651868
USAID,"IGF::OT::IGF This is the second Task Order (Task Order 2) for performing tasks per the enclosed Performance Work Statement for task Order 2. Task Order 2 has a period of performance of three years, is in the Total Estimated Cost of $16,154,623. OAA is requested to commit and obligate the amount of $4,678,986 in available FY 2017/2018 ES-OCO funds and FY 2017/2018 ES-OCO-S for Task Order 2.IGF::OT::IGF",3/1/2025,,27904623,0,27904623
USAID,The purpose of this Task Order is the implementation of the USAID Roots for Prosperity Project that aims to assist El Salvador in increasing jobs and incomes for potential migrants.,3/1/2025,,27596080,18096288,9499792
USAID,Innovations in Malaria Vaccine Development (IMV),3/1/2025,,27321246,7347283,19973963
USAID,"The goal of the Feed the Future Haiti Resilience and Agriculture Sector Advancement activity is to increase individual, household, and communities resilience through strengthened, well-functioning and inclusive markets.",3/1/2025,,26922733,2803300,24119433
USAID,Regional Disaster Assistance Program Recompete,3/1/2025,,26404882,0,26404882
USAID,GeoCenter Operations Support Contract 2023 - 2028: This contract provides staffing and operational support for the USAID GeoCenter.,3/1/2025,,25339301,18453662,6885639
USAID,Third Party Monitoring program (NTPMP) for Nigeria,3/1/2025,,25018948,23018948,2000000
USAID,Base Year TPM for Sudan,3/1/2025,,25003809,20213216,4790593
USAID,On-Premise and Cloud Communications IDIQ,3/1/2025,,25000000,25000000,0
USAID,Enterprise Performance Management (EPM) Award,3/1/2025,,25000000,3317442,21682558
USAID,The purpose of the A2C is to reduce energy consumption in Zambia and catalyze an increase in private sector lead low emissions charcoal alternative technologies and/or fuels in order to reduce deforestation directly attributable to charcoal.,3/1/2025,,24999557,2575427,22424130
USAID,Award Fragile Waters procurement,3/1/2025,,24999341,16400496,8598845
USAID,Mobilizing Finance in Agriculture Activity,3/1/2025,,24998292,0,24998292
USAID,"This activity aims to fill identified gaps in environmental policy and capacity, broadens participation, and provides overall support and cohesion to the program, which is complex, challenging and needs to constantly adapt to changing threats and opportunities.",3/1/2025,,24997032,5397008,19600024
USAID,"The purpose of the C4G activity is to strengthen energy security and resilience in the Europe and Eurasia (E&E) region as part of EI’s U.S.-Europe Energy Bridge project. Under this activity, the contractor shall provide technical guidance, recommendations, and support for energy market development, regional integration, and reforms; diversified and efficient resource utilization and planning; and resilient energy systems to advance USAID’s goal of increasing connectivity and cooperation in the energy sector between partner countries and the EU. The activity is designed to quickly and effectively respond to emerging issues and technical needs in partner countries impacting the regional energy sector and critical infrastructure. USAID will coordinate with the contractor to provide energy sector expertise to institutions, such as ministries, regulatory agencies, and utilities, in Albania, Armenia, Azerbaijan, Bosnia and Herzegovina, Georgia, Kosovo, Moldova, North Macedonia, Serbia, Ukraine, and other countries for which support will impact regional energy security. The activity has the following objectives: ¿ Objective 1: Strengthened governance of domestic and integrated regional energy markets ¿ Objective 2: Reduced dependence on energy sources controlled by malign actors ¿ Objective 3: Improved energy system resilience",3/1/2025,,24994550,2416355,22578195
USAID,"EO14042 The overarching goal of the Feed the Future Cambodia Agriculture Partnership Hub Activity is to promote sustainable, broad-based economic growth through increased diversification, inclusion, resilience, and competitiveness agriculture sector in Cambodia. Through private sector engagement within key agriculture market systems, the Activity will create better jobs and improve livelihoods, diets, and overall well-being for Cambodians, especially women, youth, and vulnerable populations.",3/1/2025,,24994204,6053295,18940909
USAID,The IPEA activity aims to improve early grade learning skills of children with and without disabilities in all primary schools in Cambodia. This activity is designed to build on the success of MoEYS ownership and desired scale-up of the early grade reading program nationally.,3/1/2025,,24990566,4377575,20612991
USAID,"The purpose of the Maji na Usafi wa Mazingira activity is to expand and sustain the provision and governance of WASH services by (1) increasing access to sustainable water services; (2) increasing access to finance for water, sanitation, and hygiene; (3) strengthening the market for sanitation products and services; and (4) strengthening basin water boards and water user associations for stewardship of water resources.",3/1/2025,,24966344,6540631,18425713
USAID,PPL-POD New Award,3/1/2025,,24913508,16789766,8123742
USAID,"This activity seeks to improve the efficiency, transparency, and accountability of the justice system in the short to mid-term while expanding the availability of legal services; and the ability to adjudicate cases fairly (safeguarding citizen’s rights) and efficiently, all in a sustainable fashion that instills increased public confidence in the justice system.",3/1/2025,,24899806,21090225,3809581
USAID,The purpose of this task order is to provide services for She Leads Pakistan Rises Activity.,3/1/2025,,24834955,16672138,8162817
USAID,"The goal of the Trade and Investment Activity is to diversify exports and improve revenue collection to boost national GDP and household income for Ghananian citizens. Key activity outcomes will include improved and innovative import and export processes and systems that facilitate the safe and efficient movement of goods across borders. The outcomes will be aligned with World Trade Organization (WTO) regulations, support Ghana’s role in hosting the African Continental Free Trade Agreement (AfCFTA) Secretariat, and develop policies to align Ghana’s regulations with AfCFTA protocols. The outcomes will also facilitate coherence between the Government of Ghana (GOG) agriculture, trade, and industrial policies. Finally, the activity outcomes will support greater market access and opportunities for small and medium enterprises (SMEs) and exporters by improving the quality of goods and firms’ abilities to meet market requirements and demand.",3/1/2025,,24817645,2361379,22456266
USAID,"USAID Water, Sanitation, and Hygiene Partnerships and Learning for Sustainability #2 (USAID/WASHPaLS #2) to generate and facilitate research and learning by the WASH sector that results in sustainable, at scale, and equitable improvements in key services, behaviors, and environmental conditions",3/1/2025,,24794871,7837365,16957506
USAID,USAID Learn Together Activity is a 5-year activity with the main purpose to improve primary students' (grades 1-4) learning skills in Tajikistan,3/1/2025,,24794232,819232,23975000
USAID,"The goal of the KAWAS (the Activity) is to create healthy, resilient, and water secure communities at the watershed level through strengthened water and sanitation governance that improves water resource management (including water for more resilient and bio-diverse ecosystems), enhances sustainable access to drinking water, improves agriculture water management, and reduces the fecal pathogen burden in the environment from poorly managed non-sewered sanitation through fecal sludge management.",3/1/2025,,24790940,3243970,21546970
USAID,USAID SELARAS- Sustainable Municipal Solid Waste Management and Partnership Activity to advance Indonesia’s development goals of reducing land-based sources of ocean plastic pollution.,3/1/2025,,24721752,14822070,9899682
USAID,"This activity aims to support the GOE’s climate readiness and resilience of the water and wastewater sector and ensure sustainable and quality service delivery, which is essential to economic and social welfare. This activity will work with the Ministry of Housing, Utilities and Urban Communities (MoHUUC), the Holding Company for Water and Wastewater (HCWW) and its subsidiary companies, and the Egyptian Water Regulatory Agency (EWRA) to absorb shocks from climate change and the pressures of population growth.",3/1/2025,,24698738,15664111,9034627
USAID,EO14042 LEARNING ACTIVITY PROGRAM,3/1/2025,,24672054,10964508,13707546
USAID,"USAID Agricultural Inputs - The overall goal of this activity is to improve the productivity, competitiveness, inclusivity, and resilience of the agriculture sector in Nepal.",3/1/2025,,24564999,12213226,12351773
USAID,100 SOLUTIONS FOR STABILITY,3/1/2025,,24500084,0,24500084
USAID,USAID Kenya Integrated Pharmaceutical and Supply Chain Technical Assistance (USAID - KIPS) Award.,3/1/2025,,24500000,23155825,1344175
USAID,USAIDs Regional Water and Vulnerable Environment Activity,3/1/2025,,24471574,0,24471574
USAID,The Human Rights Accountability Activity (HRAA) will build the capacity of Mexico's human rights system to effectively and accountably respond to and prevent human rights violations - in particular forced disappearances and torture - at both the federal and state level.,3/1/2025,,24360923,0,24360923
USAID,"THE PURPOSE OF THE USAID LOCAL GOVERNANCE PROGRAM IS TO ENHANCE THE EFFECTIVENESS, ACCOUNTABILITY, AND CITIZEN-RESPONSIVENESS OF TARGET LOCAL GOVERNMENTS IN GEORGIA. THE ACTIVITY HAS BEEN DESIGNED SPECIFICALLY TO: (A) SUPPORT CENTRAL-LEVEL INSTITUTI",3/1/2025,,24273573,12901033,11372540
USAID,"Science, Technology, Engineering, and Mathematics (STEM) Teacher Education and School Strengthening Activity to continue development of STEM school system across Egypt.",3/1/2025,,24270177,404096,23866081
USAID,"Its purpose of this contract is to (1) strengthen the capacity of selected public, private, and faith-based institutions to train teachers so that they are capable of delivering quality instruction; (2) build critical skills for quality teaching; and (3) improve the enabling environment for teaching practice.",3/1/2025,,24114402,4627686,19486716
USAID,The purpose of the USAID Industry-led Skills Development Program is to develop industry relevant human capacity that will contribute to high-value employment opportunities and increased economic competitiveness in Georgia.,3/1/2025,,23999889,0,23999889
USAID,"USAID/Kyrgyz Republic Green Solutions Activity is required to promote economic growth while building the capacity of the Kyrgyz Republic to adapt to and mitigate the effects of climate change in the economy to transform it to be low carbon, resource-efficient, and socially inclusive. It will promote practices that contribute to a robust and resilient economy, stimulate the adoption of innovative solutions in agriculture to improve food safety and reduce methane emissions, reduce greenhouse gas (GHG) emissions in the private and public sectors, increase climate financing, and develop a policy framework to catalyze sustainable and green climate solutions.",3/1/2025,,23999150,20502531,3496619
USAID,Western Kenya Sanitation Project,3/1/2025,,23998620,6206620,17792000
USAID,"THE PURPOSE OF THIS ACTIVITY IS TO REDUCE PLASTICS AVAILABLE TO THE ENVIRONMENT, BY REDUCING PLASTICS INPUTS AND IMPROVING INTEGRATED SOLID WASTE MANAGEMENT PRACTICES",3/1/2025,,23995869,13872869,10123000
USAID,"The Power Sector Improvement Activity (PSIA) aims to increase the financial viability, reliability, and affordability of the power system in Pakistan.",3/1/2025,,23987990,348934,23639056
USAID,"EO14042 - The goal of USAID Morodok Baitang is to foster sustainable, conservation-friendly, climate-smart, and socially equitable economic growth to achieve Cambodian national development goals.",3/1/2025,,23976865,1801885,22174980
USAID,Feed the Future Ghana Fisheries Recovery Activity (GFRA),3/1/2025,,23881665,0,23881665
USAID,"THE PURPOSE OF USAID CONSERVE IS TO PRESERVE AND PROTECT BIODIVERSITY AND NATURAL RESOURCES IN TARGETED COMMUNITIES IN CAMBODIA BY ENGAGING AND EMPOWERING THEM TO SAFEGUARD AND EXPAND THEIR NATURAL SURROUNDINGS, INCLUDING WILDLIFE HABITATS. THIS NEW",3/1/2025,,23881392,16066918,7814474
USAID,"The Program Cycle Support activity is to support USAID/Vietnam staff and partners to become more efficient, effective, and transparent in achieving program results through the use of evidence, performance management techniques, and CLA practices.",3/1/2025,,23877652,20221247,3656405
USAID,The purpose of the activity is to enhance inclusive and sustainable aquaculture sector growth through a market system approach to improve rural household income and nutrition. This activity will be a contract awarded through full-and-open competition. Beginning on or around December 2023,3/1/2025,,23850000,20850000,3000000
USAID,"USAID RESILIENT COMMUNITIES PROGRAM (THE PROGRAM) WILL IMPROVE THE SOCIOECONOMIC CONDITIONS OF AT-RISK GEORGIAN COMMUNITIES, WHILE ALSO IMPROVING THEIR ABILITY TO MITIGATE AND RECOVER FROM ECONOMIC, ENVIRONMENTAL SHOCKS AND STRESSORS, SOME OF WHICH A",3/1/2025,,23750000,7296103,16453897
USAID,The Inclusive Development (ID) Hub requires a range of professional and technical support services to advance its goal of fully empowering marginalized populations to participate in the development process. This award will ensure the ID Hub is staffed sufficiently to meet Congressional earmarks and directives.,3/1/2025,,23657828,2378380,21279448
USAID,USAID/MEXICO PARTNERSHIP FOR NET ZERO CITIES ACTIVITY,3/1/2025,,23496572,9546572,13950000
USAID,"THE PURPOSE OF THIS ACTIVITY IS TO PROVIDE SUPPORT TO USAID/NEPAL AND OUR LOCAL IMPLEMENTING PARTNERS THAT INCLUDE NEPALI ORGANIZATIONS, NON-GOVERNMENT ORGANIZATIONS (NGOS), GOVERNMENT ENTITIES, AND BUSINESSES AS WE ADJUST INTERNAL SYSTEMS AND",3/1/2025,,23393472,16769895,6623577
USAID,"The Haiti Resilient Livestock Market System Activity will contribute to increased resilience of households and communities in the Northern and Southern Resilience Focus Zones through the improvement of livestock market systems. This goal is supported by three primary, intertwined objectives: 1. Improve productivity of the livestock sector in the Resilience Focus Zones 2. Increase the accessibility of inputs and services in the livestock market systems 3. Improve marketing2 and private sector engagement in the sector.",3/1/2025,,22930935,12578979,10351956
USAID,"USAID Economic Governance Program is designed to improve economic governance and leadership in Georgia in ways that will enable Georgia to harness investments it needs to finance its own development journey. Specifically, this program will increase Georgia’s ability to attract private sector investment by building the sustainability of the consultative economic reform-making process and promoting the formulation, adoption, and implementation of priority economic reforms that will make Georgia’s business environment more transparent, predictable, consistent, inclusive, and cost-effective.",3/1/2025,,22871809,0,22871809
USAID,"The purpose of this contract is to establish independent, impartial, timely, responsive, contextualized and forward looking third party monitoring (TPM) and operational support services to implement this TPM for humanitarian assistance activities covering the Central African Republic, (CAR) the Democratic Republic of the Congo, (DRC) and the Republic of Congo (ROC) funded by USAID’s Office of Food for Peace (FFP) within the Bureau for Democracy, Conflict and Humanitarian Assistance (DCHA.",3/1/2025,,22721593,2755995,19965598
USAID,"The purpose of the USAID Data-Driven Collaborating, Capacity, Learning, and Adapting (CCLA) Support Services activity is to enable data-driven decision-making; institutional capacity development; and evidence-based collaborating, learning, and adapting within and amongst USAID/Georgia and its implementing and strategic partners to improve program management and development impact in Georgia.",3/1/2025,,22654063,16054063,6600000
USAID,New FEWS NET Hub Task Order with AIR,3/1/2025,,22499999,3956031,18543968
USAID,"The purpose of this contract is for the Contractor to implement the Urban Resilient Water Security, Sanitation, and Hygiene, UR WSSH, program in accordance with Section C Statement of Work.",3/1/2025,,22476739,7402975,15073764
USAID,"THE PURPOSE OF THE USAID NATIONAL GOVERNANCE PROGRAM IS TO WORK IN PARTNERSHIP WITH THE GOVERNMENT OF GEORGIA TO DELIVER CITIZEN-RESPONSIVE GOVERNANCE BASED ON GREATER ACCOUNTABILITY, TRANSPARENCY, AND INSTITUTIONAL INDEPENDENCE. THE PROGRAM WILL STR",3/1/2025,,22403867,14351418,8052449
USAID,"The purpose of the School-Based Sexuality and HIV Prevention Education Activity is to support the South African government's DBE to reduce new HIV infections amongst youth, specifically AGYW.",3/1/2025,,22400000,0,22400000
USAID,This is Task Order no. 5 Wastewater Management Activity under the CSP IDIQ.,3/1/2025,,22251789,0,22251789
USAID,Modern Cooking for Healthy Forests (Tiphike Mwa Makono) Activity to promote sustainable forest management of selected landscapes and promote sustainable energy options in Malawi.,3/1/2025,,22098374,2220674,19877700
USAID,IPI/LFT - STEP TO Lead REQ for initial award buy-ins,3/1/2025,,22080088,17755088,4325000
USAID,The Collaborative Fisheries Management activity or Bersama Kelola Perikanan Ber-IKAN,3/1/2025,,21969017,8109107,13859910
USAID,RESILIENCY IN NORTHERN GHANA RING II SYSTEM STRENGTHENING AWARD,3/1/2025,,21889497,9316737,12572760
USAID,Accelerating Peri-Urban Water and Sanitation Services in Kasai Oriental and Lomami Provinces.,3/1/2025,,21789203,9205825,12583378
USAID,"The goal of this activity is to support the Government of Bangladesh (GOB) to bolster economic growth and food security by improving trade facilitation, enhancing market access, and improving the business enabling market.",3/1/2025,,21629670,0,21629670
USAID,USAID/LAC Bureau Institutional Support Contract,3/1/2025,,21600542,1583820,20016722
USAID,"The goal of the PEER Youth activity is that 20,000 targeted youth will have increased economic self-reliance and resilience",3/1/2025,,21400000,1113476,20286524
USAID,USAID/Indonesia MEL Platform,3/1/2025,,21261606,456897,20804709
USAID,HIGHER EDUCATION POLICY SUPPORT (HEPS),3/1/2025,,21136169,11284740,9851429
USAID,"NEW CONTRACT AWARD FOR SUSTAINABLE PEACE ACTIVITY WITH TEC AMOUNT OF $20,762,718 FOR FIVE YEARS.",3/1/2025,,20762718,13624689,7138029
USAID,"The United States Agency for International Development s Investing in Independent Media (IIM) aims to ensure the viability of independent media as a critical element of Myanmar s emerging democracy. The Activity will support public interest journalism created by local and national media houses and independent journalists. The activity recognizes that there is not yet a sufficiently mature business environment for the media to operate independently while continuing to report news that holds political and economic elites accountable. The availability of news and information is a key piece of countering disinformation and misinformation in Myanmar. The performance objectives of the activity are to (1) Increase research and analysis for use by, and about the media sector and business environment, for the primary use and benefit of decision making by media operations (2) Alleviate political, financial, and legal pressures on media houses and journalists that publish news and investigative reports (3) Increase financial independence and viability of local and national media. IIM will expand on USAID Burma’s current and past investments in the media sector, while working closely to align activities with other donor support that follow similar priorities. IIM will be managed by USAID Burma s Office for Democracy, Governance, and Humanitarian Assistance (DGHA) as part of a broader portfolio supporting democracy, governance, conflict mitigation, and resilience activities designed to protect human rights, advance the democratic transition, and support peace in Myanmar.",3/1/2025,,20651095,0,20651095
USAID,South Caucasus Regional Water Management Program,3/1/2025,,20381508,16831508,3550000
USAID,HEA - Health Technical Assistance Project II (Bantu II),3/1/2025,,20028610,16028610,4000000
USAID,"The purpose of this task order is to implement the Justice and Accountability Activity in Ethiopia for five years. Base Period: Award Execution through September 30, 2028. Option Period: October 1, 2028, through end of Year 5.",3/1/2025,,20000000,16212751,3787249
USAID,HEA - Health Financing Activity (Indonesia),3/1/2025,,20000000,0,20000000
USAID,"E+E Monitoring, Evaluation, Learning and Decision Support Activity.",3/1/2025,,19999966,14697984,5301982
USAID,"The purpose of this Activity is to accelerate growth in the tourism sector, which will lead to more jobs, provide sustainable income for producer organizations and tourism-related companies, help to chan such as agriculture, transportation, and environmental protection.",3/1/2025,,19994947,0,19994947
USAID,Feed the Future Zimbabwe - Fostering Agribusiness for Resilient Markets (FARM),3/1/2025,,19798939,0,19798939
USAID,"USAID/BANGLADESH MONITORING, EVALUATION AND LEARNING (MEL) ACTIVITY",3/1/2025,,19638853,14138853,5500000
USAID,USAID STRATEGIC COMMUNICATIONS SUPPORT ACTIVITY,3/1/2025,,19612779,16612779,3000000
USAID,"The USAID Expanding Water and Sanitation Project will increase sustainable WASH service delivery in Muchinga, Northern, Western and Southern Provinces. These provinces may be subject to change during the life of implementation. The purpose of this activity is to professionalize WASH services, to promote accountability for reliable and high-quality WASH services, and to enhance the enabling environment for private sector engagement in service delivery. All activities are predicated on enhanced sector governance, for this reason, the Expanding Water and Sanitation project will work with the Government of the Republic of Zambia (GRZ) entities at the national, provincial, and local levels to ensure that the systems, policies, and processes are in place, implemented and enforced to ensure Zambians receive access to high-quality WASH services. Expanding Water and Sanitation will also work with the private sector to leverage reach, innovation, and long-term commercial interests to provide lasting services. By doing so, USAID will greatly contribute to building the capacity of Zambian WASH service providers.",3/1/2025,,19599168,10999168,8600000
USAID,"The MEL Support activity will provide data quality assessment (DQA), monitoring, evaluations, and support for learning events, enhanced data analytics, and improve the utilization of Global Information Systems (GIS) and mapping, in addition to providing expanding FBM capacity.",3/1/2025,,19519832,4083249,15436583
USAID,"The Water and Energy for Food (WE4F) S/SE Asia Regional Innovation Hub (hereby referred to as the RIH) is an essential component of Water and Energy for Food: A Grand Challenge for Development (WE4F). The RIH will: 1) provide direct grants (via regional competitions and direct selection of innovators and manage the milestone-based grants and other financing provided to WE4F innovators in the region; 2) provide technical assistance and business advisory services to WE4F innovators in the region; 3) facilitate investment to the innovators in the region including through investor match-making and guarantee instruments; 4) provide trainings and other technical assistance for governments, investors, lenders, and other actors in the region; 5) (in coordination and consultation with the WE4F Secretariat) engage in advocacy activities in the region on behalf of the WE4F program; and 5) conduct Monitoring, Evaluation, and Learning (MEL) activities with WE4F innovators and other actors in the region to share best practices, lessons learned, pivots, failures, and successes. The RIH will work in coordination with the awardees, WE4F Founding Partners (BMZ (through GiZ), MFA-NL, Sida, and U.S. Agency for International Development (USAID), and other parties that directly support WE4F. Many of the RIH communication and coordination activities will be implemented in Bangkok, Thailand to enable effective communication between USAID and the prime contractor and activities in the region. Communication will include both virtual communications (e.g. conference/videoconference) and in-person meetings. International travel will be required to implement some of the above tasks, including a visit at least once per year to each of the project implementation sites (currently being determined; will be finalized with WE4F innovator selection at regular intervals) and to the location of annual WE4F Founding Partners meetings, which rotate among the home offices of the Founding Partners.",3/1/2025,,19500000,1889825,17610175
USAID,"To help protect cyberspace and communications network domains to block the spread of insecure communication network technology and help adopt secure alternatives. Through a rapid response apex mechanism, the Agency will provide technical expertise and support to implementing partners, program beneficiaries, and partner governments under cyber-threat from hostile entities.",3/1/2025,,19500000,1395256,18104744
USAID,"The Water and Energy for Food (WE4F) MENA Regional Innovation Hub (hereby referred to as the RIH) is an essential component of Water and Energy for Food: A Grand Challenge for Development (WE4F). The RIH will: 1) provide direct grants (via regional competitions and direct selection of innovators and manage the milestone-based grants and other financing provided to WE4F innovators in the region; 2) provide technical assistance and business advisory services to WE4F innovators in the region; 3) facilitate investment to the innovators in the region including through investor match-making and guarantee instruments; 4) provide trainings and other technical assistance for governments, investors, lenders, and other actors in the region; 5) (in coordination and consultation with the WE4F Secretariat) engage in advocacy activities in the region on behalf of the WE4F program; and 5) conduct Monitoring, Evaluation, and Learning (MEL) activities with WE4F innovators and other actors in the region to share best practices, lessons learned, pivots, failures, and successes. The RIH will work in coordination with the awardees, WE4F Founding Partners (BMZ (through GiZ), MFA-NL, Sida, and U.S. Agency for International Development (USAID), and other parties that directly support WE4F. Many of the RIH communication and coordination activities will be implemented in Bangkok, Thailand to enable effective communication between USAID and the prime contractor and activities in the region. Communication will include both virtual communications (e.g. conference/videoconference) and in-person meetings. International travel will be required to implement some of the above tasks, including a visit at least once per year to each of the project implementation sites (currently being determined; will be finalized with WE4F innovator selection at regular intervals) and to the location of annual WE4F Founding Partners meetings, which rotate among the home offices of the Founding Partners.",3/1/2025,,19500000,152632,19347368
USAID,Cross-Border Community Resilience Activity,3/1/2025,,19496717,4150372,15346345
USAID,"The Activity purpose is to foster competitive, resilient, and inclusive market systems that provide increased economic opportunities (jobs and income) for poor, marginalized Hondurans and reduce incentives to migrate irregularly. USAID/Honduras estimates that at least 150,000 jobs will be generated through the TMS activity.",3/1/2025,,19450000,0,19450000
USAID,"TANZANIA MONITORING, EVALUATION, LEARNING AND ADAPTATION (T-MELA) ACTIVITY",3/1/2025,,19367742,8875383,10492359
USAID,USAID/Uganda Strategic Investments Activity. The purpose of the Activity is to facilitate commercial investments that yield and advance inclusive agricultural sector development in Uganda.,3/1/2025,,19296795,1569811,17726984
USAID,The objective of this Activity is to provide expert technical services to the Ministry of Health of the Government Republic of Zambia to improve health outcomes for Zambians by strengthening the Zambian governments national health systems.,3/1/2025,,19206511,0,19206511
USAID,Egypt Economic Court Automation Project,3/1/2025,,19172562,4796,19167766
USAID,The RESILIENCE ANCHORS Activity will spur economic opportunities within vulnerable communities to improve their ability to cope with and recover from shocks while conserving the natural resource base for sustainable livelihoods.,3/1/2025,,19000000,1000000,18000000
USAID,PROVIDE INITIAL OBLIGATION FOR THE LOCAL CAPACITY DEVELOPMENT (LCD) ACTIVITY.,3/1/2025,,18999089,14678316,4320773
USAID,Sri Lanka Energy Award,3/1/2025,,18997801,1400000,17597801
USAID,"The purpose of this task order is to support the Latin America and Caribbean Bureaus Office for Regional Sustainable Development and will contribute to improving USAIDs work in Democracy, Human Rights, and Governance and citizen security violence prevention.",3/1/2025,,18997705,1572915,17424790
USAID,The goal is to increase the Competitiveness of Nepali enterprises. The three key outcomes as being necessary and sufficient to achieving the proposed goal: Outcome One: Access to market-based finance improved Outcome Two: Private sector participation in targeted global value chains increased Outcome three: Targeted business processes streamlined,3/1/2025,,18911931,1290397,17621534
USAID,The purpose of TAHSEEN is to advance the e-Governance and economic reform priorities of the Government of Tunisia.,3/1/2025,,18906410,0,18906410
USAID,"The Agribusiness Development Activity will seek to capitalize on previous investments and advancements by increasing the quantity, quality, and diversity of goods and services made from various sources of agricultural production in Uzbekistan by private-sector firms. The activity will support an increasing role for Uzbekistan’s private sector, while enabling the country to create meaningful jobs in the formal economy for its burgeoning workforce, especially youth.",3/1/2025,,18903671,0,18903671
USAID,USAID LOCAL GOVERNANCE STRENGTHENING (USAID LOGOS),3/1/2025,,24573149,8300000,16273149
USAID,USAID FINANCIAL INNOVATION PROGRAM,3/1/2025,,18893577,12550916,6342661
USAID,"The primary dual objectives of the activity are (1) to facilitate fair and responsible trade and investment between Burma, the U.S., and its regional partners in goods and services, and (2) to improve domestic corporate governance, business transparency and competitiveness of firms operating in or entering the market in Burma. RITA also includes two cross-cutting performance objectives that reinforce the two objectives above, but that also stand as objectives on their own. They are (1) to promote economic integration, investment and trade in economically marginalized states and regions of Burma, and (2) to empower women to participate more in the economy, particularly in the promotion of responsible investment and trade in goods and services.",3/1/2025,,18730499,0,18730499
USAID,Support to Water and Sanitation in India (SUWASI) activity will support sustainable sanitation and reliable safe drinking water in India in the pursuit of Sustainable Development Goal. This activity will be implemented over the period of five years.,3/1/2025,,18665927,4757972,13907955
USAID,"The purpose of the Activity is to provide technical assistance to build the capacity and strengthen the processes of Government of Uganda (GOU) ministries,departments and agencies (MDAs), and industry apex organizations, to drive inclusive agriculture-led economic growth. The Activity will support these entities to improve their internal processes and strengthen sectoral coordination to enable them to better fulfill their mandates. This will create a more conducive environment for market actors to productively engage in the agriculture sector.",3/1/2025,,18650402,641564,18008838
USAID,The purpose of the USAID Transform WASH activity is to improve the sectors institutional enabling environment for the water and sanitation sustainable business development.,3/1/2025,,18620679,7508157,11112522
USAID,"USAID/DRC's Invest Activity provides targeted, firm-level, advising services to reduce transaction costs and/or information asymmetries to catalyze developmentally beneficial investments.",3/1/2025,,18613716,2036051,16577665
USAID,The goal of the Private Sector Activity (PSA) is to utilize a partnership and co-investment approach to support a more resilient Azerbaijan economy and improve the business enabling environment.,3/1/2025,,18500000,0,18500000
USAID,INITIAL FUNDING FOR STRENGTHENING PRIVATE ENTERPRISE FOR THE DIGITAL ECONOMY (SPEED) ACTIVITY,3/1/2025,,18469571,7137175,11332396
USAID,USAID Climate Change Adaptation Activity (CCAA),3/1/2025,,18433090,4331737,14101353
USAID,"The MWASH activity seeks to partner with city governments, utilities and other stakeholders to increase access to sustainable safely-managed water supply and sanitation, services, especially among the poor, in targeted urban areas of two USAID/West Africa LPCs (Benin and Cote D'Ivoire) through an interrelated focus on operational improvements, better sector governance, and improved financial viability. It would provide opportunities for targeted short term technical assistance to other bilateral USAID Mission, who may also request services consistent with the IRs Above. Through this activity, USAID will be better positioned to achieve sustainable models of improved WASH Service delivery in West Africa.",3/1/2025,,18320649,3320649,15000000
USAID,"Provide technical support and consultant services to USAID/Guatemala, the Government of Guatemala (GoG), and non-governmental organizations (NGOs), in support of U.S. development assistance activities.",3/1/2025,,18103849,3487478,14616371
USAID,"SLR activity to improve resilience capacities in vulnerable households and communities, and enable people, households, and communities to escape poverty and chronic vulnerability.",3/1/2025,,18098386,894803,17203583
USAID,The goal of E4 is to increase employment and jobs through increased private productivity and competitiveness.,3/1/2025,,18063531,2000000,16063531
USAID,"The objective of this contract is to prepare local entities to have the capabilities and resources to serve as prime partners for USAID/PEPFAR programming, in compliance with USAID and PEPFAR procedures, for PEPFAR program implementation in FY22 and FY23. All Contract activities, both central and mission-funded, will provide technical assistance to USAID local prime award and sub-award recipients and/or host country government recipients with the following objectives: Objective 1. Strengthen Local Partners as they transition to receive PEPFAR funding as a USAID Prime Partner to comply with regulations Objective 2. Prepare Local Partners to directly manage, implement, and monitor PEPFAR programs, and maintain consistent PEPFAR program achievement and quality",3/1/2025,,18000000,1892590,16107410
USAID,HLT: New Award - Clean Drinking Water,3/1/2025,,17965691,7171690,10794001
USAID,The USAID Empowered Children and Adolescents Program I activity goal is to mitigate the impact of HIV and improve the health and well-being of Vulnerable Children and Adolescents.,3/1/2025,,17803584,762575,17041009
USAID,"FtF Bangladesh Horticulture, Fruits and Non-Food Crops Activity",3/1/2025,,17766983,0,17766983
USAID,"TO ACHIEVE SUSTAINABLE AND INCLUSIVE ECONOMIC GROWTH, THE MARKET SYSTEMS TRANSFORMED ACTIVITY WILL FOCUS ON STRENGTHENING BUSINESSES AND THE BUSINESS-ENABLING ENVIRONMENT IN TARGETED SECTORS, WHILE ADDRESSING THE BARRIERS FACED BY WOMEN, YOUTH, AND U",3/1/2025,,17695800,9939292,7756508
USAID,"Employment and Entrepreneurship (E&E) Activity will address the problem of insufficient employment opportunities and limited entrepreneurial success for Rwandans which negatively impacts the Rwandan economy and the country's development goals. The E&E Activity (i.e., “the Activity” or “E&E”) will facilitate capacity development of Rwandans— in particular women, youth, and persons with disabilities— in key technical and soft skills required to participate in a modern workforce (focusing on opportunities surrounding the agricultural economy) and will catalyze new entry and growth of inclusive enterprises. E&E will use facilitative, demand-driven, private-sector-led approaches to develop economic opportunities at scale. The Activity will use a market systems development approach to support agriculture and complementary market segments (i.e., agri-businesses as well as finance, business development services, restaurant industry, training institutes, etc.) to add greater value to the economy through increased employment opportunities. Over the life of the Activity, E&E interventions will support a minimum of 23,000 job seekers to access new or improved employment, while the Activity’s support to agribusinesses will result in the creation of at least 19,000 jobs at partner firms.",3/1/2025,,17413870,917366,16496504
USAID,BISM TO#2 Other Infrastructure Needs,3/1/2025,,17251855,0,17251855
USAID,Land Registration in Merged Areas Activity,3/1/2025,,17219987,5447454,11772533
USAID,Bangladesh Advancing Development and Growth through Energy (BADGE) Activity,3/1/2025,,17216509,4233969,12982540
USAID,The purpose of the Investment Promotion Activity is to strengthen Pakistan business enabling environment and incraese FDI.,3/1/2025,,16876093,0,16876093
USAID,"New Award for the Implementation of the Community Violence Prevention (CVP) Activity. The activity will be funded through the Caribbean Basin Security Initiative (CBSI)over a five year period. ROAA is requested to issue a new award and incrementally fund the contract with $2,516,789.38",3/1/2025,,16764095,1237306,15526789
USAID,"Institutional, Technical and Logistical Support Services to support USAID, Office of Security",3/1/2025,,16718590,3558376,13160214
USAID,Feed The Future Nigeria Agricultural Extension and Advisory Services Activity,3/1/2025,,16634861,0,16634861
USAID,Contract: USAID Enhance Activity,3/1/2025,,16593250,5258552,11334698
USAID,"Implementation of the USAID/Ghana Monitoring, Evaluation and Learning (MEL) Platform Activity",3/1/2025,,16529965,4706065,11823900
USAID,Export Led Growth Activity,3/1/2025,,16478811,0,16478811
USAID,"This Task Order is for the Monitoring and Evaluation Program for Lebanon (MEPL) to supplement the monitoring and program management efforts of USAID/Lebanon staff, and to verify, monitor and support USAID program performance in Lebanon.",3/1/2025,,16298828,0,16298828
USAID,"Task Order for Facilitate Investment Required for Sustainable Export (FIRST) Activity under the ""RISE"" IDIQ.",3/1/2025,,16189244,0,16189244
USAID,"The SUN LE will include: a base, mid and end line survey to measure impact; an examination of Government implementation mechanisms to identify how these can be better supported and improved; annual technical audit of the SUN activities to identify areas that may need attention and to ensure focused implementation to inform the 1,000 Most Critical Days Plans and their implementation. It is expected that the contractor will conduct its work in such a way to simultaneously build and strengthen the capacity of district teams in the monitoring and evaluation of their work. The Learning and Evaluation will be managed by the contractor and overseen by USAID.",3/1/2025,,15975415,2166506,13808909
USAID,"LEARN TO PERFORM (L2P) - USAID MALAWI MONITORING, EVALUATION AND LEARNING PLATFORM ACTIVITY.",3/1/2025,,15975192,6882787,9092405
USAID,"G2G OPS CONTRACT IS TO PROVIDE TECHNICAL ASSISTANCE TO USAID/SENEGAL AND GOS ON G2G RELATED TASKS THROUGH ACTIVITIES THAT IMPROVE ACCESS TO QUALITY HEALTH AND EDUCATION; PROMOTE INCLUSIVE, SUSTAINABLE ECONOMIC GROWTH; AND INCREASE THE EFFECTIVENESS O",3/1/2025,,15954706,5650604,10304102
USAID,Energy Secure Armenia Activity - amendment to incorporate revised 889 guidance,3/1/2025,,15738897,7576442,8162455
USAID,GSA/OASIS SB Task Order for Administrative Support Services for DDI/DRG,3/1/2025,,15553676,0,15553676
USAID,"The purpose of the Feed the Future Rwanda Orora Wihaze activity is to sustainably increase the availability of, access to, and consumption of animal-source foods through development of a profitable market. The activity will improve the dietary diversity of women of reproductive age (15-49 years of age), especially pregnant and lactating women, and of children between the ages of 6 to 23 months in poor, rural households.",3/1/2025,,15460494,0,15460494
USAID,USAID LOCAL GOVERNANCE ACTIVITY,3/1/2025,,15163469,8749199,6414270
USAID,THE FISCAL ACCOUNTABILITY STRENGTHENING ACTIVITY (FASA) WILL SUPPORT INTERVENTIONS AIMED AT STRENGTHENING GHANA'S PUBLIC FINANCIAL MANAGEMENT SYSTEM TO ENSURE GREATER ACCOUNTABILITY AND TRANSPARENCY.,3/1/2025,,14999847,9149847,5850000
USAID,"This requisition is to initially fund the new LDO Diverting Waste by Encouraging Reuse and Recycling (DWERR)activity to establish sustainable and replicable integrated solid waste diversion and valorization solutions in different rural areas, leading to improved social and economic well-being for Lebanon’s population.",3/1/2025,,14999575,1938105,13061470
USAID,"The USAID Kyrgyz Republic Agro Trade Activity will support job creation, strengthen value chains (VCs), and improve the business enabling environment through interventions that boost productivity, upgrade processing, build international business-to-business (B2B) linkages, facilitate access to finance, and support private sector–informed policy reform.",3/1/2025,,14999415,0,14999415
USAID,Initial obligation for base award,3/1/2025,,14999252,5992604,9006648
USAID,EEJ Activity Award,3/1/2025,,14998482,2324065,12674417
USAID,Alliance for Root Causes and Opportunities (ARCO) in Mexico,3/1/2025,,14995401,1500000,13495401
USAID,DCEO TASK ORDER 5,3/1/2025,,14994446,4694446,10300000
USAID,This contracts core goal is to provide support services to USAID to strengthen natural resource safeguards and security in the countries covered by the Asia Bureau which includes both the Indo-Pacific and Central Asia regions.,3/1/2025,,14984431,12375557,2608874
USAID,Architectural and Engineering (A&E) Services for the Secondary Education Expansion for Development,3/1/2025,,14895926,0,14895926
USAID,"THE OBJECTIVE OF THIS CONTRACT IS TO ENHANCE THE CAPACITY AND LEADERSHIP OF YOUTH, INCLUDING THOSE FROM MARGINALIZED GROUPS SUCH AS INDIGENOUS POPULATIONS, ETHNIC MINORITY, AND LGBTQI, TO FULLY PARTICIPATE IN SOCIO-POLITICAL LIFE, TO ADDRESS LOCAL DE",3/1/2025,,14880038,8839285,6040753
USAID,"The Activity will strengthen critical infrastructure cybersecurity resilience to prevent or mitigate disruptions to essential public services, reduce the chance of catastrophic systems failures, and minimize incident response and recovery investments. USAID will strengthen the governance, institutional capacity, and sustainability of critical infrastructure preparedness, response, and recovery to these major threats.",3/1/2025,,14820428,10106682,4713746
USAID,DRG: USAID/Liberia Civil Society Activity. This activity will work together with a media strengthening activity to address the following problem statement: There are limited avenues for Liberian citizens to engage their government to support their priority needs and create improved accountability.,3/1/2025,,14797517,2220560,12576957
USAID,Promoviendo la integridad y la transparencia en los negocios (ProIntegridad) in Mexico,3/1/2025,,14645249,3149619,11495630
USAID,REQ for BRICC IDIQ- Task Order 2 BRICC IDIQ 278-19-000031,3/1/2025,,14550022,22,14550000
USAID,"The EDGE Activity will increase the profitability for agricultural SMEs by addressing their key investment constraints on access to finance, limited business management skills and technology, and access to markets, thereby increasing SMEs productivity and ability to create new jobs in Zambia.",3/1/2025,,14467241,0,14467241
USAID,"THE PURPOSE OF THIS ACTIVITY IS TO PROVIDE MONITORING AND COLLABORATING, LEARNING & ADAPTING CLA SUPPORT TO USAID/WEST AFRICAS REGIONAL ECONOMIC GROWTH ACTIVITIES.",3/1/2025,,14252570,12232570,2020000
USAID,"To issue an award for a new activity titled ""Teaching and Learning for Excellence Education in the Middle East"" (aka TALEEM). Rina Dhalla is the primary COR for this activity.",3/1/2025,,14058909,2691080,11367829
USAID,"This Activity will primarily be managed by the PPD Office. PPD will assign a Contracting Officer Representative who will have overall responsibility for day-to-day oversight. Additionally, each Technical Office will assign an Activity Manager who will serve as the primary point of contact for the respective office for the tasks that are assigned to the mechanism. The Activity Managers will work in close collaboration with the COR throughout the implementation of the contract.",3/1/2025,,13998060,2481277,11516783
USAID,Promoting Rule of Law Activity (PROLA),3/1/2025,,13966892,4387071,9579821
USAID,Media Innovation Activity in Serbia (MIA),3/1/2025,,13902274,3714527,10187747
USAID,USAID/BANGLADESH SAFETY AND LOGISTICAL SUPPORT ACTIVITY,3/1/2025,,13900000,10900000,3000000
USAID,"AFS will achieve efficiency and sustainability of the HIV/AIDs response by strengthening capacities for generating, analyzing, and using HIV/AIDS financing and related health program data, as well as aligning this data to country systems, to inform policy, decision-making, and the roadmap towards sustainable epidemic control across countries supported by the U.S. President’s Emergency Plan for AIDS Relief (PEPFAR).",3/1/2025,,13890514,7901734,5988780
USAID,PFM Maldives Activity,3/1/2025,,13653345,2547345,11106000
USAID,FEWS NET Task order for Strategic Planning and Activity Design Support project,3/1/2025,,13602897,4417121,9185776
USAID,Por la Proteccion de Defensores y Periodistas (PDP) Activity in Mexico,3/1/2025,,13439811,2860461,10579350
USAID,"Kosovo Municipal Integrity activity will address long-standing challenges related to corruption and poor quality service delivery by the Government of Kosovo by enhancing public financial management, with a focus on municipal procurement, and by reinforcing accountability mechanisms both within government and outside of government through civil society, the private sector, and media.",3/1/2025,,13086700,763942,12322758
USAID,Land Governance Activity,3/1/2025,,12968328,0,12968328
USAID,"The proposed activity will help Zambia improve domestic revenue mobilization (DRM) and expand the fiscal space for public spending and investments in service delivery and poverty reduction. The activity will engage both government and non-government stakeholders to build capacity in tax policy analysis, improve tax compliance and administration, and strengthen the tax culture in a manner that facilitates private sector growth and accountability relationships between taxpayers and the Government of the Republic of Zambia (GRZ).",3/1/2025,,12896612,1545817,11350795
USAID,"The major goal of the Commercial Justice activity is to improve commercial dispute resolution and enforcement to reduce opportunities for economic corruption, thereby encouraging investment in Kosovo.",3/1/2025,,12726621,0,12726621
USAID,The purpose of this action is to award the GROWTH II call order under the WTS BPA.,3/1/2025,,12600011,9023395,3576616
USAID,"THE ACTIVITY WILL INCREASE PUBLIC AND PRIVATE SECTOR AWARENESS AND DEMAND FOR CLIMATE SMART INITIATIVES, AND IMPROVE KOSOVOS CAPACITY TO ADOPT AND IMPLEMENT POLICIES AND TECHNOLOGIES THAT SUPPORT CLIMATE CHANGE MITIGATION AND ADAPTATION, ULTIMATELY",3/1/2025,,12519904,7944904,4575000
USAID,"A new USAID Rural Water Supply activity is for 5 years. The overall intent of this activity is to support the Government of Tajikistan, specifically local governments, in providing safe and efficiently managed drinking water services. While the program proposes to address drinking water needs in targeted communities, its key aim is to identify successful implementation models that ensure the viability of the water service delivery beyond the life of the project.",3/1/2025,,12518704,304989,12213715
USAID,Feed the Future Senegal Commercializing Horticulture,3/1/2025,,12498382,0,12498382
USAID,USAID/BURMA PROGRAM CYCLE SUPPORT ACTIVITY,3/1/2025,,12493078,10493078,2000000
USAID,"POWER AFRICA INITIATIVE SUPPORT MECHANISM (PAISM) FOR MONITORING, EVALUATION, DATA MANAGEMENT, LEARNING AND OTHER PERFORMANCE MANAGEMENT AND TECHNICAL SUPPORT TASKS",3/1/2025,,12437985,7682402,4755583
USAID,New Supply Chain Security Contract (SCSC),3/1/2025,,12377983,0,12377983
USAID,Gender Integration Technical Assistance (GITA) II,3/1/2025,,12295733,886315,11409418
USAID,"This activity will work with private sector associations to improve the business enabling environment and expand economic opportunities for youth by removing obstacles and catalyzing private sector investments in economic growth among youth entrepreneurs, startups, and businesses. The activity will focus on agriculture and related value chains.",3/1/2025,,12009606,3127099,8882507
USAID,Serbia Energy Security Activity,3/1/2025,,11999943,0,11999943
USAID,"Award Title: Mongolia Energy Governance (MEG) activity Base Award Initial Obligation: $2,950,000 TEC: $11,998,303",3/1/2025,,11998303,4248303,7750000
USAID,USAID/Senegal Water Resource Management Activity (2022-2026) to increase inclusive economic growth through improved and more equitable management of water resources for present and future generations.,3/1/2025,,11990775,5929046,6061729
USAID,The goal of this five year activity is to improve Kosovo energy security by strengthening the capacity and sustainability of local institutions to advance energy market development.,3/1/2025,,11987976,0,11987976
USAID,"The purpose of this task order is to provide technical assistance to implement the Quality for Health Services Activity in the Country of Ghana. The purpose of the USAID/Quality Services for Health Activity is to strengthen the institutional capacity of the Government of Ghana (GoG), to promote and oversee improved quality health services in the public and private health sectors.",3/1/2025,,11978608,0,11978608
USAID,This is Task Order 3 - Technical Assistance Support under IDIQ # 72026818D00005 Community Support Program (CSP).,3/1/2025,,11922132,0,11922132
USAID,"Design & Construction of the Maringanha Secondary School in Pemba City, Cabo Delgado province",3/1/2025,,11886638,3987176,7899462
USAID,The goal of this Activity is a more responsive justice system capable of providing people access to quality services and multiple means to solve their justice needs and every day legal problems to generate greater public trust in the justice system and the rule of law.,3/1/2025,,11659874,0,11659874
USAID,Task Order 01 under the ELMI IDIQ,3/1/2025,,11516420,3916420,7600000
USAID,THE PURPOSE OF THIS ACTIVITY IS TO STRENGTHEN PRIVATE SECTOR LED GROWTH THROUGH TWO COMPONENTS: 1) ATTRACTING INVESTMENT AND 2) INCREASING ACCESS TO DIVERSIFIED FINANCE. THE ACTIVITY WILL CREATE SUSTAINABLE PARTNERSHIPS WITH PRIVATE SECTOR STAKEHOL,3/1/2025,,11475209,5475209,6000000
USAID,TRANSPARENT AND ACCOUNTABLE GOVERNANCE (TAG) ACTIVITY,3/1/2025,,11438379,7438379,4000000
USAID,THE PURPOSE OF THIS ACTIVITY IS TO STRENGTHEN NATIONAL-LEVEL SYSTEMS TO REDUCE INSTITUTIONAL VULNERABILITIES TO CORRUPTION AND FOR THE GOVERNMENT AND OTHER ANTI- CORRUPTION ENTITIES TO TAKE ACTION TO ADDRESS CORRUPTION WHEN IT OCCURS,3/1/2025,,11425546,9025546,2400000
USAID,Development and delivery of training courses for the Acquisition and Assistance workforce worldwide coming from M/OAA Washington DC Area.,3/1/2025,,11322983,5196713,6126270
USAID,Model Courte Initiative under Effective Justice IDIQ,3/1/2025,,11164556,1300000,9864556
USAID,The purpose of this Requistition is to establish a new TO for FEWS NET Pillar 3 livelihood baseline activities.,3/1/2025,,11122423,0,11122423
USAID,"The purpose of ZimCycle is to augment the USAID Zimbabwe Mission support to local organizations in building their capacity and providing MEL, evaluation and facilitation services.",3/1/2025,,10987664,8695029,2292635
USAID,Urban Connect Activity,3/1/2025,,10983329,5241024,5742305
USAID,Provide third-party monitoring for humanitarian programming in Venezuela,3/1/2025,,10935884,0,10935884
USAID,The purpose of the USAID/Kosovo e-Governance Activity is to address long-standing challenges related to poor digital service delivery and ineffective management of digital government systems by the Government of Kosovo.,3/1/2025,,10918156,5168156,5750000
USAID,"USAID assistance will promote sustainable energy sector reforms and increase resilience of the Caribbean islands through partnering with utilities to introduce modern technologies and operations. Further, this activity will promote private sector investments to enable competition and to strengthen energy sector resilience, focusing on utility performance to improve its resilience and its planning and its management capabilities. The primary objective of this activity is to enable greater investment policies.",3/1/2025,,10813571,2032628,8780943
USAID,Laos Business Environment Activity,3/1/2025,,10807142,0,10807142
USAID,Strengthening Approaches for Collective Action to Address Gender-Based Violence,3/1/2025,,10713093,1499991,9213102
USAID,"To meet the anticipated capacity requirements at the CHP and support economic development in northern Haiti, USAID has committed to the following: Renewed electrical services to all facilities – including generator plant Demolition of existing warehouses and construction of larger and more efficient container yard Security upgrades to the perimeter wall and improved lighting Addition of male and female toilets for ship crew and port workers Two office buildings: one for the port authority and one for the customs office Four guard shacks 60,000-gallon water tank for the fire fighting system and to supply fresh water to ships Upgrading the fire protection system",3/1/2025,,10360246,0,10360246
USAID,"The purpose of the USAID/Timor-Leste Trade Governance Activity is to support the Government of Timor-Leste (GoTL) to institutionalize a well-governed and modern trade system that is professional, transparent, accountable, efficient, effective, responsive to Timorese, and compliant with international standards and obligations.",3/1/2025,,10260296,0,10260296
USAID,"The Activity, in partnership with a broad spectrum of local stakeholders, such as municipalities, central government, civil society, and the private sector, as well as other donors, will be focused on implementation of the property rights legislation, as well as building and strengthening the property rights system to improve its transparency, efficiency, and functionality. This activity will address the needs of the property rights system in Kosovo to reduce corruption, increase women’s empowerment, and improve formal property rights and investments in real property. This activity will address widespread irregularities in property management-related practices and procedures and thus improve the conditions for investment and economic growth. The activity will build municipalities’ capacity with regards to land/property registration processes. This activity contributes to the project purpose by improving accountability and effectiveness of local and central governance institutions with regards to implementing property rights-related regulations. Key expected outcomes are: (1) Increase formal property rights by standardizing processes and practices in municipalities; (2) Increase civil society and citizen active engagement with institutions regarding property rights; and (3) Engage the private sector to strengthen Kosovo’s property rights regime.",3/1/2025,,10151579,1178840,8972739
USAID,The purpose of the Rule of Law/Justice Sector Support Project is to help the Government of Armenia reform justice sector institutions through: (1) establishing effective and efficient court administration and case management systems; (2) supporting self-regulatory institutional capacity development; (3) improving legal and professional education; and (4)facilitating oversight of the implementation of justice sector reform through collaborative action.,3/1/2025,,9999327,3436327,6563000
USAID,Human and Institutional Capacity Development (HICD) activity in Georgia,3/1/2025,,9974811,0,9974811
USAID,"Scaling up Investment in Weather and Climate Information Services"" (WCIS 2 Activity).",3/1/2025,,9974405,5517513,4456892
USAID,THE PURPOSE OF THE TASK ORDER IS TO PROVIDE SERVICES FOR THE JUSTICE FOR ALL ACTIVITY TO HELP SOLVE PEOPLES LEGAL PROBLEMS AND SATISFY THEIR JUSTICE NEEDS BY STRENGTHENING SERBIA JUSTICE SYSTEM AND SERVICE PROVIDERS AND GUARANTEEING THE RULE OF LAW.,3/1/2025,,9952252,6022252,3930000
USAID,"The Contractor will provide technical services to design and carry out Monitoring, Evaluation and Learning services for the USAID/ Eastern and Southern Caribbean Region. Further details on Section C3. STATEMENT OF WORK.",3/1/2025,,9921471,1523631,8397840
USAID,"The Digital Economy and Market Development/Task Order is a mechanism to design, implement, and evaluate a broad range of activities related to trade and investment, private sector development, poverty reduction, and regulatory reform. Will also provide trade and private sector development related training.",3/1/2025,,9875485,3872380,6003105
USAID,"The objective of the Collaboration, Learning and Adapting (CLA) Activity is to improve USAID Rwanda performance monitoring, evaluation, collaboration, learning, and adapting processes",3/1/2025,,9849635,1241287,8608348
USAID,USAID/Timor-Leste NGO Advocacy for Good Governance Activity,3/1/2025,,9556747,0,9556747
USAID,DRG:he purpose of this activity would be to support the effective and inclusive management of communal land through land and resource governance processes.,3/1/2025,,9421535,0,9421535
USAID,New Award: Sustainable Fish Asia Technical Support (SuFiA TS),3/1/2025,,9408624,1928070,7480554
USAID,"Third Party Monitoring Activity to support and expand existing efforts by USAID/Kenya to monitor the flows of health commodities through Kenya's supply chain. These cover the health commodity requirements for priority public health programs of the MOH including HIV/AIDS, FP/RMNCAH, Nutrition and Malaria commodities worth approximately $150 Million every year. Through partnership with the MOH, KEMSA and other Implementing partners, substantial USG investments have made significant progress in strengthening Kenya's health supply chain.",3/1/2025,,9255108,3676118,5578990
USAID,New Task Order for Enhancing Equality in Energy Sector for Southeast Asia Activity,3/1/2025,,9098636,638636,8460000
USAID,The purpose of this contract is to provide professional institutional support services to the Bureau for Foreign Assistance,3/1/2025,,9000000,3957953,5042047
USAID,"The purpose of the Forest-PLUS 3.0 Activity is to provide technical assistance that supports the Government of India to strengthen sustainable, inclusive and data-driven management of forest landscapes. Specifically, the Activity will build on, scale up, and institutionalize at a national level the solutions developed and piloted by Forest-PLUS 2.0 to support India’s forest-based climate mitigation commitments by: (1) improving the sustainable management and eco-restoration of forest landscapes through technological innovations; and (2) strengthening the institutional and enabling environment for inclusive and resilient forest ecosystems.",3/1/2025,,8998909,4398909,4600000
USAID,Training services to support U.S. Agency for International Developments Development Outreach and Communications Program to align global communications and outreach activities with U.S. Government development priorities.,3/1/2025,,8872004,969040,7902964
USAID,"Competitive Contract INSPIRE - Human Rights activity. INSPIRE activity is to empower citizens and government institutions to improve the overall human rights protections, provided services, and employment prospects for BiH's most vulnerable persons.",3/1/2025,,8769193,0,8769193
USAID,"The objective of this contract is to provide USAID/Ukraine Implementing Partners (IPs) resources, security information, and opportunities to reduce their security risk profile with the goal of improving delivery of USG assistance. The purpose of the PLSO is to serve as a liaison to and facilitate communications between the IPs and USAID/Ukraine, and between IPs themselves, to enable the IPs to better use and share publicly available information as a decision support mechanism.",3/1/2025,,8448956,5448955,3000001
USAID,Competitive Contract for Third Party Monitoring of Humanitarian Assistance in Iraq,3/1/2025,,8296975,0,8296975
USAID,"USAID Nepal Engineering Services serves to support USAID/Nepal Technical Offices in the provision of engineering services, providing oversight on other construction awards.",3/1/2025,,8212739,3986241,4226498
USAID,Architecture and Engineering Mission Support Program (A&E-MSP) Task Order 2 (TO2),3/1/2025,,8179168,1933541,6245627
USAID,Blanket Purchase Agreement (BPA) for Public Affairs and Creative Development support and services.,3/1/2025,,8000000,957596,7042404
USAID,"THE PURPOSE OF THE ACCOUNTABILITY AND INTEGRITY ACTIVITY IS TO STRENGTHEN THE ACCOUNTABILITY ECOSYSTEM AND ADVANCE THE GOVERNMENT OF TIMOR-LESTES GOTL ANTI-CORRUPTION REFORMS, INCLUDING THE GOTLS NEW ANTI-CORRUPTION LAW AND GOOD GOVERNANCE TARGET",3/1/2025,,7986593,5829054,2157539
USAID,"The purpose of this activity is to provide the USAID Democracy, Human Rights and Governance (DRG) Center, USAID regional bureaus, and USAID field missions with rapid DRG analytical and technical capabilities in democratic transition environments. Swift Expertise and Grounded Analytics (SEGA)",3/1/2025,,7853734,1132856,6720878
USAID,USAID|KEA / Kenya Primary Education Evaluation & Assessment Program (KPEEAP),3/1/2025,,7499678,4172960,3326718
USAID,Countering Ethno-Nationalism activity,3/1/2025,,7498307,5398307,2100000
USAID,The purpose of this contract is to implement the USAID Employee Assistance Program and Other Critical Psycho-Social Support Services program.,3/1/2025,,7464280,6878280,586000
USAID,Initial funding for SWIFT 5 Long Term Technical Assistance for Iraq.,3/1/2025,,7457822,926568,6531254
USAID,Monitoring and Evaluation Support for Adaptation (MESA) Activity in Mexico,3/1/2025,,7452357,2903816,4548541
USAID,Build 4 Tomorrow - Jenin & Qalqilya Youth Development Resource Centers Project,3/1/2025,,7388573,0,7388573
USAID,South Caucasus Regional Tourism Program,3/1/2025,,7297537,3347537,3950000
USAID,"The purpose of the Improving Land Access for Women’ (ILAW) activity is to increase social cohesion, reduce land conflicts and economically empower women to contribute to their communities by strengthening their legal access to land in Northern and Western Côte d'Ivoire. The goal of ILAW is to empower women by strengthening their rights to access land through new legal mechanisms, to mitigate land conflicts and to raise awareness about women’s legal rights on land ownership. This Activity seeks to increase women's legal access to land through traditional structures and by building awareness on new Ivorian land titling laws ILAW will work at the community level and engage local land officials, traditional, and local authorities and community members.",3/1/2025,,7249618,0,7249618
USAID,"The purpose of this contract is to expand and strengthen the Mission’s capacity and resources so the Mission is better able to operate as a learning organization that will strengthen development effectiveness in both Sri Lanka and Maldives. The Contractor will work closely with USAID/Sri Lanka and Maldives to drive the learning agenda forward, ensuring that monitoring, evaluating, reporting, and outreach are clearly fact-based and inclusive. By providing services and building capacity in a wide range of monitoring, evaluation, and learning (MEL) functions, including documentation for reporting and outreach, this Activity will strengthen the Mission as a learning organization. Ultimately, this activity will help USAID/Sri Lanka and Maldives deliver better development results and share information in support of Mission’s new 2020-2025 Country Development Cooperation Strategy (CDCS) for Sri Lanka. As requested, the activity will also include support for the Mission’s portfolio in Maldives and in support of the Mission’s planned strategy for Maldives.",3/1/2025,,7201180,3152610,4048570
USAID,Architect Engineer Independent Quality Assurance and Milestone Certification Services for USAID FATA Infrastructure and KPRP Programs,3/1/2025,,7039926,351226,6688700
USAID,"The Management Bureau, Office of Acquisition and Assistance, Accountability Compliance and Transparency and Support, Professional Development and Training Division (M/OAA/ACTS/PDT) of the United States Agency for International Development (USAID), is responsible for coordinating core and non-core training for the Agency’s Acquisition & Assistance Workforce as defined in the Office of Management and Budget/Office of Federal Procurement Policy letter 05-01. The A&A Workforce is located in USAID’s Washington, D.C. headquarters and at approximately 85 field offices, referred to as Missions, located overseas. M/OAA/ACTS/PDT arranges and funds course deliveries at a USAID Training Facility in the Washington area and manages scheduling of training for Mission staff assigned abroad. Recent procurement improvement initiatives M/OAA/ACTS/PDT is responsible for developing and delivering acquisition and assistance training to address USAID’s unique working environment and emerging business applications. To achieve this mission, to address training needs for unique and innovative business applications, M/OAA/ACTS/PDT is planning to utilize a hybrid labor hour (fully burdened rate), firm fixed price (deliverables), and cost reimbursement (travel costs) task order to allow for training and technical assistance in innovative finance. These services and trainings will be tailored to the agency’s growing needs. The objective of this task order is for the contractor to develop an Innovative Financing program for USAID’s Acquisition and Assistance workforce. The contractor will develop a Performance Work Statement that will outline the timeline for developing a Pay-for-Results program for beginning and intermediate learners. This includes but is not limited to: 1. Developing and conducting training; 2. Consulting with bureaus and missions and providing support; 3. Maintain and update existing toolkits; 4. Providing other technical background on advanced forms of Pay-for-Results programming, award design and implementation. The goal is to support the development of a contract to perform technical assistance and training services in innovative finance for USAID. The contract can be composed of CLINS with different categories of service offerings which can be drawn down based on needs and funding. Future work under the contract may require regular updates to each deliverable under the CLINS outlined below based on USAID’s request and changing policy requirements. The contractor will develop a Performance Work Statement that will outline the timeline for developing a Pay-for-Results program for beginning and intermediate learners.",3/1/2025,,7029012,5429974,1599038
USAID,"The purpose of the Monitoring, Evaluation, and Learning Short-term Activity MELSA is to provide USAID Colombia with technical and advisory services related to the monitoring, evaluation, and learning of USAID Colombias strategy and activities. This includes providing monitoring support services; designing and implementing performance and impact evaluations, as well as other studies and assessments, and supporting their use and dissemination; and developing collaborating, learning, and adapting initiatives. These efforts will inform the Mission’s learning, programmatic designs, decision-making, and adaptation, and will enable USAID Colombia to comply with USAIDs Evaluation Policy and USAID ADS 201.",3/1/2025,,7009676,0,7009676
USAID,"PArtnerships for ProDUctive Workforce - PADU, INDONESIA A five-year activity with the goal: To enhance private sector investment in vocational training programs through partnerships with Technical and Vocational Training and Education (TVET) institutions. Objectives: - Improve capacity of the private sector to plan and implement vocational training (human resources development) programs to improve workforce productivity; - Catalyze and facilitate partnerships among private sector firms with public and private TVETs to support vocational training programs/activities; and - Streamline regulations and guidelines related to utilization/implementation of tax deductions/incentives (on vocational training/human resource development programs).",3/1/2025,,6935796,3315796,3620000
USAID,The purpose of the Activity is to reduce threats to and protect biodiversity from wildlife crimes in Southern Africa.,3/1/2025,,6717201,0,6717201
USAID,"The purpose of CDAT is to strengthen the knowledge, skills and abilities of USAID field and headquarters-based staff, implementing partners and other collaborators to work effectively on conflict and violence issues and in fragile, conflict and violence-affected (FCV) settings.",3/1/2025,,6699568,1889300,4810268
USAID,M/OAA Translation and Event Interpretation Services Linguistic Services Blanket Purchase Agreement (LSBPA) Call Order,3/1/2025,,6641597,4831597,1810000
USAID,"Activity will work with local and central governments to enhance the quality of municipal tax and fee collection systems, increase capacity to access external resources from the national government or international organizations funds and capital markets and banks, and improve abilities to plan, manage and implement public sector revenues in compliance with GoNM regulations.",3/1/2025,,6578379,88979,6489400
USAID,FY23 TPM Funding,3/1/2025,,6334605,0,6334605
USAID,"Centered on the rights of the accused and victims, JAVA will help local actors tackle the underlying factors that inhibit institutions from minimizing due process violations and arbitrary acts by the state (including, but not limited to, indefinite detention and improper use of discretionary authority) that undermine human rights, as well as factors that impede effective redress for victims. JAVA will focus on the involvement of civil society in the protection of due process and improvement of victims’ assistance through the implementation of strategies that take advantage of their existing capabilities and through strengthening the technical understanding of these organizations in order to enable them to develop sophisticated strategies for policy change. JAVA will also focus on the communication of the importance of due process for specific policy purposes and for specific audiences.",3/1/2025,,6000000,0,6000000
USAID,"The purpose of this Task Order 3 (TO3) is to support the Moldovan Government’s efforts to implement justice reform and promote its anti-corruption commitments. Support will contribute to the establishment and operation of a mini-secretariat to monitor the implementation of the Justice Development Strategy for years 2022-2025 (hereinafter referred to as the Justice Strategy) and its corresponding Plan; pursue implementation of specific activities from the Justice Strategy and Plan, including targeted assistance for the extraordinary evaluation of judges and prosecutors; and advance anti-corruption reform through implementation of specific commitments.",3/1/2025,,6000000,0,6000000
USAID,"The purpose of this Policy and Regulatory Reform for Resilience Activity (PROSE) Task Order (TO) is to support national governments within the Eastern and Southern Caribbean in strengthening legal frameworks for regional, national and sectoral climate resilience.",3/1/2025,,5999277,786484,5212793
USAID,"Task Order 02 for Evaluations, Assessments, and Analyses under the ELMI IDIQ 72062321D00001",3/1/2025,,5675034,4556635,1118399
USAID,Printing Binding and Distribution of Standards 5 to 8 Chichewa and English Learners Books and Teachers Guides for Public Primary Schools in Malawi Activity,3/1/2025,,5442747,0,5442747
USAID,USAID/RDMA MEL for Program Cycle Management Support (MEL4PCM),3/1/2025,,5324570,3982040,1342530
USAID,The purpose of this activity would be to strengthen the business enabling environment in our areas of responsibility.,3/1/2025,,5249264,0,5249264
USAID,"RFS Comms Follow On Award Includes base funding amount of 670,000",3/1/2025,,5050777,1013451,4037326
USAID,"The purpose of the contract is to provide resident professional architect and engineering (A&E) services in the sectors of transportation, vertical structures, energy and water and sanitation to USAID/Zambia",3/1/2025,,5000000,3498490,1501510
USAID,"The purpose of the USAID Regional Environment Adapting and Learning (REAL) activity is to support USAID/Southern Africa’s Regional Environment, Education and Democracy (REED) staff and our partners across the Southern Africa region to be more efficient, effective and transparent in achieving program results through the use of evidence, performance management techniques, communication, and Collaborating Learning and Adapting (CLA) practices.",3/1/2025,,4999988,2376065,2623923
USAID,"USAID Health Learning is to assist Health Office (HO) and its implementing partners (IPs) to adopt uniform and systematic monitoring, evaluation, research, and learning (MERL) activities to advance broader organizational learning and development efforts. USAID Health Learning will assist the USAID/Nepal HO and especially its IPs in the following interlinked objectives: 1) Program monitoring and assessments: Strengthen USAID/Nepal's HO and its IPs program management and decision-making processes by providing high-quality, disaggregated data collected from surveys, research, and assessments. 2) Knowledge management: Improve USAID/Nepal's HO, its IPs, and federal, provincial, and local governments' learning and knowledge management functions by increasing the availability of timely, high quality evidence. 3) Capacity building: Strengthen the MERL capacity of USAID/Nepal HO?s local partners and federal, provincial, and local governments in MERL.",3/1/2025,,4999194,3499194,1500000
USAID,"USAID and the Natural Climate Solutions Division plan to develop a user-friendly, freely-available, on-line tool to calculate Greenhouse Gas (GHG) emissions and carbon storage associated with Agriculture, Forestry, and Other Land Use (AFOLU). This tool, the updated “AFOLU Calculator” tool, will build off USAID’s current AFOLU calculator tool, which was originally developed for USAID in 2012. The tool will be used to facilitate required reporting through Agency approved portfolio management systems, etc. on standard USAID climate indicators, assist with activity planning, and align with the priorities of the USAID Climate Strategy.",3/1/2025,,4998864,1174575,3824289
USAID,The goal of the activity is to reduce the time and cost of trading across borders.,3/1/2025,,4998607,1328607,3670000
USAID,"USAID Technical and Management Support to Indonesian LPDP Scholarship (TEMAN LPDP), a five-year activity. The Technical and Management Support to Indonesian LPDP Scholarship (TEMAN LPDP) activity will increase the number of Indonesians successfully completing U.S. graduate programs by improving the effectiveness and efficiency of LPDP.  This will increase the pool of skilled Indonesians, enhance the country’s workforce productivity, and propel its economic growth.   The objectives of TEMAN LPDP are to: 1) Strengthen LPDP's ability to meet and exceed student recruitment targets for masters and PhD programs in U.S. universities. 2) Enhance the ability and sustainability of LPDP's student support services pre- and post-departure. 3) Foster the development and sustainability of LPDP’s university and student networks.",3/1/2025,,4978966,1991216,2987750
USAID,"The purpose of this Task Order (TO) is to provide supplemental technical assistance to the Government of Colombia (GoC) in its efforts to reduce deforestation, in alignment with the national strategy to combat forest loss in a manner that supports consolidation of the peace process within strategic Planes de Desarrollo con Enfoque Territorial (PDET) regions, by accelerating the development of a sustainable forest-based economy. The Contractor will provide Technical Assistance, training, and support activities to strengthen the capacity of key institutions and create enabling conditions for good governance, land use planning, conservation measures, responsible resource management, and value-added activities. The Activity will be focused on the “forest development nuclei” prioritized by the GoC, while recognizing that maintaining biodiversity and developing a strong bioeconomy in the region calls for a broad geographic scope of work.",3/1/2025,,4965531,1165531,3800000
USAID,"To procure, deliver, and install Fab Labs equipment and corresponding training to equip up to nine (9) Science, Technology, Engineering, and Mathematics (STEM) high schools with laboratory equipment and materials.",3/1/2025,,4914487,253403,4661084
USAID,USAID/Laos MEL Support Task Order (through RDMA-PCMEL IDIQ),3/1/2025,,4856213,3656213,1200000
USAID,RFP 720OAA21R00028 to support mainstreaming private sector engagement in humanitarian programming (MAPS-H),3/1/2025,,4795269,1299507,3495762
USAID,Construction of Health Facilities (HFs) in Nampula province,3/1/2025,,4600483,2849868,1750615
USAID,Material and Handling Equipment for Levant Response,3/1/2025,,4560000,0,4560000
USAID,"Prosper Africa CRM Support Project Group REQ to receive Prosper Africa funds to support a new 8a ANC directed award to Stealth Solutions for the maintenance and enhancement of Prosper Africa's tracker system in the amount of $713,083.20",3/1/2025,,4513003,13970,4499033
USAID,Institutional Support Contract to support the USAID/Ghana Mission.,3/1/2025,,4500000,3062509,1437491
USAID,METAPHASE Client Services and IT Demand Management,3/1/2025,,4500000,1326263,3173737
USAID,"To provide support services in the areas of small business outreach, communications, training and technical assistance and deliver full-time support staff with administrative, programmatic, and management experience. The contractor will be expected to perform, in accordance with the best industry practices, high quality services to USAID customers.",3/1/2025,,4500000,1148375,3351625
USAID,This award will provide surge support services to the mission on an as needed basis.,3/1/2025,,4500000,0,4500000
USAID,"Launch USAID's Social, Economic, and Environmental Accountability Mechanism (SEE-AM)",3/1/2025,,4482727,2239593,2243134
USAID,"The goal of USAID Nepal Health Surveys is to support the Government of Nepal's (GON) Ministry of Health and Population (MOHP) in designing and implementing two large-scale, nationally-representative surveys- the 2025 Nepal Health Facility Survey (NHFS) and the 2026 Nepal Demographic and Health Survey (NDHS).",3/1/2025,,4464064,2214064,2250000
USAID,8(a) directed award to Explore Digits to provide Virtru Implementation support.,3/1/2025,,4349259,3102133,1247126
USAID,The objective of this Task Order (TO) is to provide USAID/Haiti with Construction Management Consultant (CMC) services to support the rehabilitation of the Cap-Haitien Port through a competitive contract within A&E IDIQ III.,3/1/2025,,4330564,1114020,3216544
USAID,Creating REQ for BHA's PSC System,3/1/2025,,4178890,513750,3665140
USAID,The purpose of this task order is to support the USAID LAC Bureaus Office of SA Affairs Venezuela Operating Unit and Office of Cuban Affairs and will provide the VZOU OCA OUs continued performance monitoring verification research and evaluation support,3/1/2025,,4125824,2317957,1807867
USAID,"The Office of the Enterprise Risk Management (ERM) Secretariat is seeking contractor support to configure and implement ServiceNow's existing Governance, Risk, and Compliance (GRC) module to provide a centralized, enterprise-wide, portfolio view of risks and mitigating internal controls across the Agency. The ideal solution should include a robust enterprise-wide risk assessment and reporting framework, including dashboards that facilitate a portfolio view reporting (i.e., a risk profile) of interrelated risks across the Agency, gathered by consolidating risk data collected from Assessable Unit levels of the Agency.",3/1/2025,,4015053,0,4015053
USAID,"EG: USAID/Liberia Architecture and Engineering (A&E) Services Activity will provide engineering design, technical assessments, capacity building, and construction oversight support for a range of USAID/Liberia infrastructure activities.",3/1/2025,,4000000,4000000,0
USAID,The purpose of the Durable Housing Solutions task order is to support the Government of Armenia in providing durable housing solutions to those that fled Nagorno-Karabakh while supporting social cohesion.,3/1/2025,,4000000,0,4000000
USAID,MFD (Multi-Functional Devices) contract,3/1/2025,,3939528,119103,3820425
USAID,Asia Bureau Mechanism for Monitoring Evaluation and Learning (MEL) Services,3/1/2025,,3936099,1674765,2261334
USAID,A&E and Oversight Services for WASH Infrastructure,3/1/2025,,3903429,279887,3623542
USAID,"BIFAD: Create a new acquisition instrument to support the Board for International Food and Agricultural Development. The BIFAD support contract will work with the USAID BIFAD Secretariat to provide logistical and administrative support, as well as technical and engagement support, to enable BIFAD to make informed and relevant recommendations to USAID on new and emerging issues related to food- and agriculture-related research, capacity development, trade and extension.",3/1/2025,,3799372,1128674,2670698
USAID,Support Services to USAID/Iraq,3/1/2025,,3795307,811293,2984014
USAID,"In accordance with this award, the Contractor will 1) provide continuity of operations for policy directives services; 2) maintain a reliable directives program that will continue to strengthen the ability of the Agency workforce to achieve the Agency’s mandate; 3) manage policy clearance actions, revisions, and dissemination of new and revised policy to all USAID employees; 4) identify relevant external directives to ensure policies remain current and conform to Federal rules and regulations; and 5) provide analysis with the aim of reducing uncertainty in policy implementation.",3/1/2025,,3789181,288433,3500748
USAID,Partner Liaison Security Operation (PLSO),3/1/2025,,3758935,2239941,1518994
USAID,Secondary Education Expansion for Development (SEED) Rural Group 1-Lot 1,3/1/2025,,3714801,0,3714801
USAID,"The Household Economic activity aims to strengthen analytic and information management capacity for disaster risk management through the utilization of Household Economy Approach. The TEC amount is 3,666,200 incrementally funded and estimated performance dates to be Sept 16, 2023 through Sept 15, 2027 (3-year Base period and one-year option period).",3/1/2025,,3666200,1116200,2550000
USAID,Bureau Evaluations buy-in to PPL EVAL-ME II IDIQ follow-on award,3/1/2025,,3545906,1978658,1567248
USAID,To improve the quality of education for deaf children and youth in Morocco under the Inclusive Education Teacher Training activity .,3/1/2025,,3506895,0,3506895
USAID,"This mechanism is the DRG Centers primary vehicle for providing in-country DRG sectoral analysis support for Mission strategic planning. The DRG Center supports evidence-based strategy and project design through this task order for DRG assessments and analysis across sub-sectors. DRG assessments examine cross-cutting issues such as gender, youth, fragility, and partner country self-reliance.",3/1/2025,,3480019,556501,2923518
USAID,PPL Call under CIO BPA Dataseed and Tableau Licenses,3/1/2025,,3460561,0,3460561
USAID,Secondary Education Expansion for Development (SEED) Rural Group 2 Construction Services-Lot B2,3/1/2025,,3429562,0,3429562
USAID,Secondary Education Expansion for Development (SEED) Rural Group 2 Construction Services-Lot B1,3/1/2025,,3419791,0,3419791
USAID,New award through Purchase Order (PO) to provide technical assistance and monitoring services in order to facilitate procurement of equipment for the North Sinai Governorate.,3/1/2025,,3198523,0,3198523
USAID,"USAID/Armenia: Public Finance Management: The activity aims to support the Government of Armenia in building more responsive, transparent and effective public financial management institutions, processes, and systems for the implementation of its reform agenda.",3/1/2025,,3159406,80364,3079042
USAID,Private Sector Engagement (PSE) in Contracting and Communications Training,3/1/2025,,2900000,1065080,1834920
USAID,To award a contract to Classified Visa and Passport for passport and visa services.,3/1/2025,,2886658,1795346,1091312
USAID,"Authorization for a new Task Order to support the Colombian Government Border Management Unit under the Consultant, Advisory, and Logistic Services IDIQ implemented by Olgoonik.",3/1/2025,,2822370,422370,2400000
USAID,WBG-MEPPA: Hire the services of Special Advisor for Middle East Partnership for Peace Act (MEPPA) Implementation under the PCMG contract,3/1/2025,,2729124,0,2729124
USAID,"To request to provide services to USAID Ukraine under the BPA MENA contract, specifically to include these positions: Acquisition and Assistance Specialists (2 positions) Administrative Management (USAID Executive Assistant) Evaluation/Performance Monitoring/Training Specialist Technical Advisor for Health Security and COVID Senior Technical Advisor (Energy)",3/1/2025,,2597305,26986,2570319
USAID,First Call Order off the GSA Schedule BPA for Electronic Records Management System (ERMS).,3/1/2025,,2495394,0,2495394
USAID,"The purpose of this contract is to provide Qualtrics licenses, implementation, and the optional guided success package to USAID/HCTM.",3/1/2025,,2373295,2028729,344566
USAID,"This action is to provide initial incremental funding for a new MERC Technical and Administrative Support Contract. This contract would provide offsite technical and related administrative support for USAID's Middle East Regional Cooperation (MERC) Program, which supports Arab-Israel cooperation on applied research topics.",3/1/2025,,2355771,0,2355771
USAID,"This activity will be implemented through an acquisition award by a qualified local firm. The total estimated USAID contribution for the Strategic Messaging to Reduce Xenophobia activity is $2,250,000, with an expected life of 18 months, beginning on or around January 30, 2024. The activity will be funded under the South American Regional Venezuela migration portfolio with Complex Crisis Funds (CCF). RMHO will manage the activity. The Mission expects an obligation of $2,250,000 for this award by using Fiscal Year (FY) 2023 funds in FY 2024.",3/1/2025,,2250000,0,2250000
USAID,"This program will consider the traditional changes in the post Accord and post COVID-19 security environment. As such, we are seeking the services of a local contractor to provide the following services: (a) Design, develop and produce Regional Security Information Reports (RSIRs). RSIRs have as objective to keep USAID/Colombia and IPs appraised of the most current national and regional security information, incidents and criminal trends. (b) Design, develop, and deliver a Security, Safety, Awareness, and Preparedness Training Program to support the programming and assistance efforts of USAID/Colombia. The Program seeks to address specific USAID/Colombia and IP staff (approximately 1800 personnel) risks and threats in core implementation sites.",3/1/2025,,2203032,750242,1452790
USAID,PLANETA Plataforma de Acoes em Natureza para Enfrentar as Transformacoes Ambientais,3/1/2025,,2154971,454972,1699999
USAID,The purpose of this contract is to provide USAID/SEC/ISP with multiple tactical evasive AVDT Course.,3/1/2025,,2126802,1826802,300000
USAID,Armenia Transport Strategy Assessment,3/1/2025,,2086637,0,2086637
USAID,Bicycles for Mobility SBAR pilot - JEAA,3/1/2025,,2082815,39542,2043273
USAID,"The purpose of this activity Request to obligated up to $601,517.60 in Fiscal Year (FY) 2024 Operating Expenses to support the Office of the Chief Economist (OCE) execution of training and events through a Call Order under World Wide Training Services (WWTS). The funding described in the request would fund a Call Order to the World Wide Training Services, a contract held by EnCompass (Contract # 7200AA22A00006). The Call Order will provide services to support OCE’s execution of Training for Cost-Effectiveness. Depending on final details of the training arrangement and cost, additional support may be possible for events such as an online version of the Cost-Effectiveness Training, Economist Revitalization Training, and/or an OCE Planning Retreat The decision to use the WWTS mechanism followed a series of deliberations considering other potential buy-in mechanisms such as Innovative Design, Execution and Acceleration Services (IDEAS) and Private Sector Engagement Modernization Contract (PSEMC). With the Approval of OCE Leadership, the REQ has been amended to add additional obligation of FY24 OE to WWTS up to the “New Obligation Total” of $601,517.60. On July 19, 2024, you approved the Action Memo and Pre-Obligation Checklist for WWTS (Tab 1). The POC obligated $385,668.04 in FY 24 OE funds. This increases that approved amount from $385,668.04 to the amount noted in the table above. The change is the result of 1) a decision not to pursue an additional OE funded ISC staff person; 2) savings on the travel budget; and 3) other OE budgets which allowed funds to be transferred to previously identified needs for Agency-wide training that were not yet funded. This memo changes no other elements of the previously approved Action Memo and Pre-Obligation Checklist of $385,668.04. The new amount is $601,517.60, an increase of $215,849.56.",3/1/2025,,2000000,1398482,601518
USAID,Safe Water Post-Disaster Rehabilitation Support Task Order,3/1/2025,,2000000,0,2000000
USAID,Localization and Evidence EVAL ME-II TO,3/1/2025,,2000000,0,2000000
USAID,"This is a nonprogrammatic activity will provide USAID Nepal Local Works implementing partners support for capacity development, third party monitoring and risk management, and coordination.",3/1/2025,,1987234,744697,1242537
USAID,New TB Communications award,3/1/2025,,1979844,1029844,950000
USAID,USAID/El Salvador has decided to conduct perception surveys at the urban hub level through a separate 5-year mechanism.,3/1/2025,,1940115,0,1940115
USAID,Impact evaluation of the SME development Activity,3/1/2025,,1892372,1013628,878744
USAID,Business English and Language Training Online Assessment Resources,3/1/2025,,1863945,1540495,323450
USAID,Caracol Industrial Park Interim Energy Support Program (CIP-ESP) – Purchase of remaining Spare Parts for the repair of the diesel generators.,3/1/2025,,1667815,0,1667815
USAID,Construction of Health Facilities (HFs) in Cabo Delgado province (LOT 2),3/1/2025,,1666712,833355,833357
USAID,"Computer Aided Facilities Management (CAFM) - software licenses, maintenance and additional SME technical support for system adjustments.",3/1/2025,,1605871,1199871,406000
USAID,Senior Program Specialist for USAID/Syria,3/1/2025,,1577419,1110381,467038
USAID,Procuring Salesforce licenses for the CHAMPS system through the NASA IAA BPA.,3/1/2025,,1550125,0,1550125
USAID,The purpose of this contract is to provide communication services to implement and manage the De Aqui Soy Campaign,3/1/2025,,1465250,0,1465250
USAID,"This Task Order is for the Construction of the USAID Mission Director Residence in Maputo. The partner will be selected through the existing Construction IDIQ holders for the southern region of Mozambique (72065622D00013 CMC Africa Austral, 72065622D00014 DFS Construction LLC, 72065622D00015 SS Construçoes Mozambique Lda). The total estimated amount to be obligated is $1,380,000.00 and it shall be used for construction activities excluding oversight services that will be obligated separately.",3/1/2025,,1455062,0,1455062
USAID,"DDI/EEI (Energy Team): New award (Definitive Contract (Non-Competitive, Sole Source)- Energy Evidence and Learning Framework. Initial funding of $150,000 in 2021 OE. The Evidence and Learning Framework will provide a framework for understanding what makes energy sector programming effective and transformational.",3/1/2025,,1350000,949999,400001
USAID,USAID/BHA WAREHOUSING & LOGISTICS SERVICES CONTRACT IN Miami USA,3/1/2025,,1350000,0,1350000
USAID,"USAID/Colombia requires the contractor to: (a) support the system operation and delivering training for all the users from USAID/Colombia and its Implementing Partners, (b) carry-out mutually agreed software updates, (c) support the web-hosting platform and all the related services to keep the software up and running, and (d) deliver other services through subcontracts or its technical expertise and capabilities to keep the system secure as well as up and running (e.g. non-functional requirements like additional expertise in cybersecurity, third-party software components, ethical hacking services, etc.). The Contractor is expected to become knowledgeable of the USAID/Colombia operating principles and regulations related to information technology, and Monitoring, Evaluation, and Learning procedures and products. USAID’s Automated Directive System contains the organization and functions of USAID, along with the policies and procedures that guide the Agency's programs and operations for reference. The Contractor is also expected to comply with the specified Service Level Agreements.",3/1/2025,,1273077,129169,1143908
USAID,"The purpose of this Task Order (TO) is to provide professional architecture and engineering services in support of infrastructure initiatives for USAID/Mali, Anka Jiko activity",3/1/2025,,1269163,228662,1040501
USAID,Architect & Engineering Services for Gomal Zam Dam command Area Development Project (GZD-CADP) in Khyber Pakhtunkhwa (KPK).,3/1/2025,,1230462,0,1230462
USAID,"The purpose of the SIMS contract is to conduct SIMS Site Assessments to collect data on quality of clinical services, community-based services, and health systems strengthening interventions.",3/1/2025,,1207636,0,1207636
USAID,PPL Organizational Capacity Review of PIO's,3/1/2025,,1200000,526836,673164
USAID,"Provide services to USAID/Ukraine and USAID/Moldova under the BPA MENA contract, specifically to include these positions: Senior Human Resources Advisor for USAID/Ukraine and USAID/Moldova Executive Office Travel Assistant for USAID/Ukraine Executive Office Procurement Agent for USAID/Ukraine Executive Office",3/1/2025,,1085299,347072,738227
USAID,WUSAID/West Bank and Gaza: Communications and Outreach Activity,3/1/2025,,1050000,192480,857520
USAID,"The purpose of this Task Order - TO is to develop and execute a recruitment plan to hire up to six (6) Young Professionals as part of USAID/Colombia Young Professionals Fellowship (YPF) program. The Mission will sponsor these 6 young professionals to work with technical and core offices in different areas to foster and develop skills and experience in international development and development work in Colombia. Offices that are sponsoring Fellows: RED, VRIO, ENV, PGO, PRO, FO.",3/1/2025,,1002601,0,1002601
USAID,Government of Mexico Transition Activity (GMTA),3/1/2025,,1000000,0,1000000
USAID,The purpose of this action is to award Managing Our Vibrant Evolution (MOVE),3/1/2025,,999914,0,999914
USAID,"The consultants will support USAID key stakeholders at the local level including mayors’ and governors’ offices, national-level government agencies including, but not limited to Agencia de Renovación del Territorio, Agencia Nacional de Tierras, and Servicio Nacional de Aprendizaje, as well as community organizations and private sector companies partnering with USAID/Colombia to advance regional integration efforts, strengthen productive relationships between local stakeholders, and promote regional development objectives in the five priority regions",3/1/2025,,996468,545811,450657
USAID,Apple Mobility Mobile Device IDIQ,3/1/2025,,966206,0,966206
USAID,EXO/HR Senior Program Manager _ Support to USAID Ukraine under the BPA MENA contract,3/1/2025,,954908,0,954908
USAID,LNS KPI Development Project,3/1/2025,,946313,0,946313
USAID,ODG TECHNICAL ADVISOR (ELECTIONS AND POLITICAL PROCESSES) _ SUPPORT TO USAID UKRAINE UNDER THE BPA MENA CONTRACT,3/1/2025,,945450,61037,884413
USAID,SEED Rural Schools Laboratory Equipment,3/1/2025,,944137,0,944137
USAID,"The purpose of this Task Order (TO) is to provide the services of a team of four (4) consultants and talented storytellers to capture the impact of its work in Colombia through compelling photographs, videos, illustrations, and graphic design, and other audiovisual services.",3/1/2025,,943998,640541,303457
USAID,The purpose of this call order is to continue to deliver a diverse range of courses that cater to the unique requirements and interests of the AWCFP.,3/1/2025,,932872,0,932872
USAID,"The purpose of this firm fixed price purchase order is to provide Partner Liaison Security Operation services between USAID Mali and its implementing partners, both Contractors and Recipients.",3/1/2025,,929043,0,929043
USAID,Program Specialist (Syria-START),3/1/2025,,926594,0,926594
USAID,Senior Project Manager (Clean Energy Infrastructure) to support USAID Ukraine Office of Economic Growth (OEG).,3/1/2025,,904661,903745,916
USAID,"The purpose of this PO is to ensure that USAID's OCRD is compliant in its mission to readily provide Personal Assistance Services (PAS) to a specific USAID employee with disabilities. This is a one (1) Base plus two (2) Option Year contract: Period of Performance of Base Year is July 9, 2020 to July 8, 2021 PoP for Option Yr. 1 is July 9, 2021 to July 8, 2022 PoP for Option Yr. 2 is July 9, 2022 to July 8, 2023 Due to current CoVid impacted quarantine conditions, the employee will return to an USAID Office to perform her duties no earlier than November 1, 2020.",3/1/2025,,894469,0,894469
USAID,Strategic Communications/International Communications is to provide high quality training services in order to better support USAID workforce worldwide.,3/1/2025,,883568,0,883568
USAID,Local Works Senior Program Specialist,3/1/2025,,872483,576230,296253
USAID,"This action is to provide $750,600.00 for a new award to provide Subject Matter Experts (SMEs) on Artificial Intelligence (AI), per the attached Scope of Work. BHA is providing $500K while M/CIO is funding $250,600.00 out of AI Project funds.",3/1/2025,,750573,0,750573
USAID,"Global Health Assurance Partnership (GHAP) will enable the Mission to retain visibility of supply chain leakage risks and trends, Provide continuous technical assistance to regulatory and cross-border entities that have the responsibility of deterring pharmaceutical crime to strengthen anti-corruption activities in Uganda and East Africa and to help to illuminate networks and trends involved in the theft of USAID funded health commodities.",3/1/2025,,750000,0,750000
USAID,"The objective of this five-year contract is to holistically assist monitoring, evaluation, and learning (MEL) and collaborating, learning and adapting (CLA) over the implementation of the Local Works Program. This will notably include developing a Local Works Monitoring, Evaluation, and Learning Plan (MELP) and reporting results over the course of program implementation.",3/1/2025,,747746,0,747746
USAID,TASK ORDER FOR ADMIN AND SUPPORT SERVICES OF THE IDIQ,3/1/2025,,737724,0,737724
USAID,"Request for Sole Source Award to the Rape, Abuse and Incest National Network (RAINN).",3/1/2025,,708951,511451,197500
USAID,Task order for Kenya-IGAPP Evaluation,3/1/2025,,696074,0,696074
USAID,ODG Project Manager (Rule of Law) _ Support to USAID Ukraine under the BPA MENA contract,3/1/2025,,679958,545127,134831
USAID,"Provide services to USAID Ukraine under the BPA MENA contract, specifically to include PRO Communication Specialist",3/1/2025,,651706,0,651706
USAID,"The purpose of this Blanket Purchase Agreement (BPA) Call Order, under MENA-ISS BPA number 72028021A00002 with Vistant, is to procure HR Specialist, Mid Level A&A Specialist and Sr. Program Analyst Services for USAID/ Afghanistan. A&A Specialist, Base Period: April 08, 2024 – September 30, 2024, Option 6 Months HR Specialist, Base Period: April 08, 2024 – May 31, 2024 Sr. Economic Program Analyst, Base Period: May 01, 2024 – April 30, 2025",3/1/2025,,646971,0,646971
USAID,Salesforce License Renewal for Prosper Africa Tracker / SN Support Follow-on/Recompete contract Placeholder,3/1/2025,,643186,160796,482390
USAID,MITTS Phase 3 Support for Core Services,3/1/2025,,638282,0,638282
USAID,The purpose of the requisition is to procure a 5-year (Base + 4 Option Years) contract for mentoring program system and services,3/1/2025,,638200,218357,419843
USAID,"The purpose of this Task Order is to recruit Four Field Monitors to collect information on the quality of programs where the Bureau for Humanitarian Assistance (BHA) partners provide humanitarian assistance, as well as contributing to the Disaster Assessment Response Teams (DART) contextual understanding of the humanitarian situation in Colombia.",3/1/2025,,629425,344425,285000
USAID,ODG TECHNICAL ADVISOR(HUMAN RIGHTS) _ SUPPORT TO USAID UKRAINE UNDER THE BPA MENA CONTRACT,3/1/2025,,603446,61036,542410
USAID,Education Program Manager for USAID/Yemen,3/1/2025,,594029,0,594029
USAID,The purpose of this request is to obtain funding for a new award to procure Fortanix tool in support of ICAM environment.,3/1/2025,,586000,156468,429532
USAID,Order Senior Project Manager Services,3/1/2025,,584097,0,584097
USAID,Senior Project Manager (Senior Agriculture Advisor) to support USAID Ukraine OEG office.,3/1/2025,,570418,430118,140300
USAID,FSPMP Evaluation of USAID’s Foreign Service Performance Management and Promotion (FSPMP) System Redesign,3/1/2025,,549749,0,549749
USAID,"Per FAR Subpart 8.6 - Acquisition from Federal Prison Industries, Inc. Signage plays a huge part of the U.S. Agency for International Development (USAID) WRES program. A signage standards program has been developed for USAID and is currently incorporated within the USAID Annex (UA) and throughout the newly renovated spaces within the Ronald Reagan Building (RRB). The plan is to upgrade all of the Agency's signage to the new signage standards as each phase of the RRB renovation is completed. A turnkey comprehensive signage and graphics solution was developed by UNICOR 2/90 signage and is still required for the completion of the Agency's WRES renovation program. The Agency’s goal is to keep with UNICOR 2/90 signage so that the signage is consistent throughout the Agency leased buildings in wayfinding and design.",3/1/2025,,548107,377313,170794
USAID,Skillsoft for the USAID FSN Training Program,3/1/2025,,530010,500010,30000
USAID,"To establish a Blanket Purchase Agreement Call with Vistant to support USAID/Jordan Financial Management Office (FMO) (as detailed in the Order Requirements Form). The primary purpose of the Financial Analyst (FA) position is to serve as a full member of one or more Development Objective Teams (DOTs) and provide expert financial and audit management advisory and evaluation services for programs managed by the assigned DOTs. As such, she performs analysis (or oversees the performance of these analysis by outside consultants) to determine that financial feasibility is demonstrable, potential financial problems are identified and addressed, funding levels are adequate for accomplishing project results, all budgetary requirements have been identified and provided for, estimated management monitoring have been provided for, proposals are within the capabilities of prospective Implementing Partners (IPs), and where applicable, IP’s management of previous projects has been adequate. Analysis involves on-site reviews to assure that proper accounting and internal control procedures are being followed, controls are adequate to ensure appropriate utilization of USAID funding and resource flows are consistent with project/activity progress. She is also responsible for assisting in building managerial capacity of implementing agencies of the Government of Jordan (GOJ), Non-Governmental Organizations (NGOs) and contractors through the performance of assessments and reviews. The FA also executes reviews of mission management controls and monitors mission compliance with USAID policy and US Government regulatory requirements. The total amount is $249,839.49. Prompt Payment: Bills are to be paid within 30 days after receipt and acceptance of materials and/or services - or - after receipt of a proper invoice whichever is later. Performance period: The performance period of this purchase order is from November 26, 2023 to November 25, 2024. A & A Specialist - Issa Qubein",3/1/2025,,514819,0,514819
USAID,To provide subscription services licensing in the area of financial management.,3/1/2025,,512500,191532,320968
USAID,TECHNICAL ADVISOR-HR SENIOR SPECIALIST,3/1/2025,,536778,24352,512426
USAID,Two year (1 base year and 1 option year) call order under the Middle East and North Africa Institutional Support Services (MENA-ISS) Blanket Purchase Agreement (BPA) for the Senior Acquisition and Assistance Specialist.,3/1/2025,,511203,0,511203
USAID,ArcGIS licenses in support of the DIS project,3/1/2025,,507485,0,507485
USAID,Basic Ordering Agreements for field investigators for background investigations for employment.,3/1/2025,,500000,500000,0
USAID,Basic Ordering Agreements for field investigators for background investigations for employment.,3/1/2025,,500000,500000,0
USAID,Basic Ordering Agreements for field investigators for background investigations for employment.,3/1/2025,,500000,500000,0
USAID,Basic Ordering Agreements for field investigators for background investigations for employment.,3/1/2025,,500000,500000,0
USAID,Basic Ordering Agreements for field investigators for background investigations for employment.,3/1/2025,,500000,500000,0
USAID,Basic Ordering Agreements for field investigators for background investigations for employment.,3/1/2025,,500000,500000,0
USAID,Basic Ordering Agreements for field investigators for background investigations for employment.,3/1/2025,,500000,500000,0
USAID,Basic Ordering Agreements for field investigators for background investigations for employment.,3/1/2025,,500000,500000,0
USAID,Basic Ordering Agreements for field investigators for background investigations for employment.,3/1/2025,,500000,500000,0
USAID,Basic Ordering Agreements for field investigators for background investigations for employment.,3/1/2025,,500000,500000,0
USAID,Basic Ordering Agreements for field investigators for background investigations for employment.,3/1/2025,,500000,500000,0
USAID,Basic Ordering Agreements for field investigators for background investigations for employment.,3/1/2025,,500000,500000,0
USAID,Basic Ordering Agreements for field investigators for background investigations for employment.,3/1/2025,,500000,500000,0
USAID,Basic Ordering Agreements for field investigators for background investigations for employment.,3/1/2025,,500000,500000,0
USAID,Basic Ordering Agreements for field investigators for background investigations for employment.,3/1/2025,,500000,500000,0
USAID,Basic Ordering Agreements for field investigators for background investigations for employment.,3/1/2025,,500000,500000,0
USAID,Basic Ordering Agreements for field investigators for background investigations for employment.,3/1/2025,,500000,500000,0
USAID,Basic Ordering Agreements for field investigators for background investigations for employment.,3/1/2025,,500000,500000,0
USAID,Basic Ordering Agreements for field investigators for background investigations for employment.,3/1/2025,,500000,500000,0
USAID,Basic Ordering Agreements for field investigators for background investigations for employment.,3/1/2025,,500000,500000,0
USAID,Basic Ordering Agreements for field investigators for background investigations for employment.,3/1/2025,,500000,500000,0
USAID,Basic Ordering Agreements for field investigators for background investigations for employment.,3/1/2025,,500000,500000,0
USAID,Basic Ordering Agreements for field investigators for background investigations for employment.,3/1/2025,,500000,500000,0
USAID,Basic Ordering Agreements for field investigators for background investigations for employment.,3/1/2025,,500000,500000,0
USAID,Basic Ordering Agreements for field investigators for background investigations for employment.,3/1/2025,,500000,500000,0
USAID,Basic Ordering Agreements for field investigators for background investigations for employment.,3/1/2025,,500000,500000,0
USAID,Basic Ordering Agreements for field investigators for background investigations for employment.,3/1/2025,,500000,500000,0
USAID,Basic Ordering Agreements for field investigators for background investigations for employment.,3/1/2025,,500000,500000,0
USAID,Basic Ordering Agreements for field investigators for background investigations for employment.,3/1/2025,,500000,500000,0
USAID,Basic Ordering Agreements for field investigators for background investigations for employment.,3/1/2025,,500000,500000,0
USAID,Basic Ordering Agreements for field investigators for background investigations for employment.,3/1/2025,,500000,500000,0
USAID,Basic Ordering Agreements for field investigators for background investigations for employment.,3/1/2025,,500000,500000,0
USAID,Basic Ordering Agreements for field investigators for background investigations for employment.,3/1/2025,,500000,500000,0
USAID,Basic Ordering Agreements for field investigators for background investigations for employment.,3/1/2025,,500000,500000,0
USAID,Basic Ordering Agreements for field investigators for background investigations for employment.,3/1/2025,,500000,500000,0
USAID,Basic Ordering Agreements for field investigators for background investigations for employment.,3/1/2025,,500000,500000,0
USAID,Basic Ordering Agreements for field investigators for background investigations for employment.,3/1/2025,,500000,500000,0
USAID,Basic Ordering Agreements for field investigators for background investigations for employment.,3/1/2025,,500000,500000,0
USAID,Basic Ordering Agreements for field investigators for background investigations for employment.,3/1/2025,,500000,500000,0
USAID,Basic Ordering Agreements for field investigators for background investigations for employment.,3/1/2025,,500000,500000,0
USAID,Basic Ordering Agreements for field investigators for background investigations for employment.,3/1/2025,,500000,500000,0
USAID,Basic Ordering Agreements for field investigators for background investigations for employment.,3/1/2025,,500000,500000,0
USAID,Basic Ordering Agreements for field investigators for background investigations for employment.,3/1/2025,,500000,500000,0
USAID,Basic Ordering Agreements for field investigators for background investigations for employment.,3/1/2025,,500000,500000,0
USAID,Basic Ordering Agreements for field investigators for background investigations for employment.,3/1/2025,,500000,500000,0
USAID,Basic Ordering Agreements for field investigators for background investigations for employment.,3/1/2025,,500000,500000,0
USAID,Power Central Asia (PCA) and Regional Water and Vulnerable Environment (WAVE) Activities Final Performance Evaluations,3/1/2025,,500000,0,500000
USAID,The purpose of this contract is to support the WE4F Mid-term and Final Evaluation activities.,3/1/2025,,500000,0,500000
USAID,"This action is for the award creation for the purchase of 4 UPS devices for the Mission in Brasilia, Brasil.",3/1/2025,,492474,0,492474
USAID,Evaluation of Community Gardens Contribution to Household Income and Nutrition,3/1/2025,,490000,0,490000
USAID,Project Manager (Democracy and Communications) _ Support to USAID/Belarus under the BPA MENA contract,3/1/2025,,487102,0,487102
USAID,Award to conduct Commodity Management Review (CMR) for JEOP and 2023 Bellmon Study through EVAL MEL IDIQ,3/1/2025,,474573,0,474573
USAID,MAP BPA Operational Performance Improvement Call Order,3/1/2025,,464180,0,464180
USAID,Contract for the USAID/Southern Africa Mission-wide Retreat Facilitation and other organizational health activities.,3/1/2025,,462618,315994,146624
USAID,To perform six Stage 2 Risk Assessments of the Public Financial Management (PFM) systems of Government of South Africa (GoSA) entities as the mission pursues the use of reliable partner government systems and institutions to improve aid effectiveness and sustainability.,3/1/2025,,460163,0,460163
USAID,Development Outreach and Communications Specialist for USAID/Yemen,3/1/2025,,458348,154683,303665
USAID,EG/Health:Solarization of John F. Kennedy (JFK) Neonatal Intensive Care Unit (NICU),3/1/2025,,453540,0,453540
USAID,Communications Specialist _ Support to USAID Ukraine under the BPA MENA contract,3/1/2025,,450160,0,450160
USAID,Order Senior Project Manager Services,3/1/2025,,449852,0,449852
USAID,Provide Program Office Support to USAID Ukraine under the BPA MENA contract/Program Support Advisor for Office of Economic Growth,3/1/2025,,447429,49745,397684
USAID,"The purpose of this Action Memo is to request approval for a Fixed-Price Task Order for The Design review & Construction oversight services of two programs namely: 1) The construction of the Maringanha Secondary School in Pemba city Cabo Delgado province and 2) The conversion of the existing mezzanine area at Zimpeto Medicine Warehouse into office space to the “Central de Medicamentos e Artigos Médicos”- CMAM, in Zimpeto, Maputo city. The Task Order (TO) will be implemented through the existing Mission Architecture and Engineering (A&E) IDIQ, with an estimated ceiling cost of $350,000.00 and a planned period of performance of 18 (eighteen) months from the notice to proceed (NTP). The services required under this TO will include: 1) Preliminary and Detailed Design Review, 2) Work Schedule, planning and timelines review, 3) Environmental, Health and Safety, Gender and Compliance plans review, 4) Supervise and Ensure Quality for the Construction Works, 5) Review, Recommend, and Monitor the implementation of the Commissioning and handover, 6) Assist with the planning for and the installation of furniture and all necessary equipment for the fully function of all installations and, 7) Monitor the Construction Warranty and Maintenance Period, advising, recommending and assisting in all times until the final hand over to the final user.""",3/1/2025,,443200,135809,307391
USAID,Local Works Consultant for USAID/Syria,3/1/2025,,439035,119165,319870
USAID,Program Manager - Junior Services - Amber Kainz - USAID/Afghanistan,3/1/2025,,433824,0,433824
USAID,Accounting Technician and Budget Specialist,3/1/2025,,431100,44732,386368
USAID,USAID/Laos Program Office Consultant,3/1/2025,,430413,13413,417000
USAID,"Gartner, Inc. Research Subscription Services for Finance Leaders and Legal, Risk & Compliance Leaders for USAID Kenya and East Africa.",3/1/2025,,419454,205946,213508
USAID,UiPath License Renewal,3/1/2025,,416377,290582,125795
USAID,Communications Specialist (William Brun Baringer) to Support USAID Ukraine under the BPA MENA contract.,3/1/2025,,400902,0,400902
USAID,Greenfield Investment Data,3/1/2025,,400000,320000,80000
USAID,Senior Human Resources Advisor to Support USAID Ukraine under the BPA MENA contract,3/1/2025,,398808,15259,383549
USAID,New Task Order under Solicitation # 72030621Q00001 to provide financial and close-out audit of costs incurred in Afghanistan of the USAID Resources Managed by the implementing partners under the respective awards specified in Group C as described in Section C of the Solicitation.,3/1/2025,,395216,0,395216
USAID,Senior Human Resources Advisor to support USAID Ukraine EXO/HR office.,3/1/2025,,392006,0,392006
USAID,OEG Financial Sector Advisor_ Support to USAID Ukraine under the BPA MENA contract,3/1/2025,,387719,161570,226149
USAID,Communications Specialist to support USAID/Ukraine Office of Economic Growth (OEG),3/1/2025,,384285,0,384285
USAID,"The purpose of this requisition is to create a Purchase Order with Carahsoft to procure a 12-month subscription with 2 option periods for Zoom access that supports 50 user accounts and up to 20,000 attendees worldwide simultaneously.",3/1/2025,,379648,0,379648
USAID,KnowBe4 Security Awareness Training Subscription Diamond,3/1/2025,,377000,161875,215125
USAID,"22,200 Kitchen Sets from Priyanka India PVT for Prepo Replenishment",3/1/2025,,375180,0,375180
USAID,"To acquire services from Georgetown University to train USAID staff to serve as coaches in the USAID Coaching Program. The total cost is $367,885.00. Period of performance: October 1, 2023 through September 30, 2024.",3/1/2025,,367885,0,367885
USAID,To procure Financial Management and Technical Support Services for LAC/CUBA,3/1/2025,,358758,0,358758
USAID,A&A senior specialist.,3/1/2025,,350443,0,350443
USAID,Credit & Investigator Subscription Services,3/1/2025,,350342,71807,278535
USAID,"The authorized agent is requested to issue an incremental funding into the Mission Construction IDIQ Mechanism # 72065622D00013- SS Construcoes Mocambique,Lda; # 72065622D00014: CMC Africa Austral, Lda and # 72065622D00015: DFS Construction LLC , the amount of $217,826.17 to support the renovation of the mezzanine area in the CMAM's ZIMPETO central Warehouse into working spaces and house of the IT system, to allow continuity of operations and avoid disruptions in the national health supply chain. Please see attached the supportive documents.",3/1/2025,,331443,0,331443
USAID,OEG's Communication Specialist (Cherish Bell) to Support USAID Ukraine under the BPA MENA contract.,3/1/2025,,328696,0,328696
USAID,Annual SilkPerformer Renewal,3/1/2025,,324912,117713,207199
USAID,OH's Communication Specialist (Adam Jennison) to Support USAID Ukraine under the BPA MENA contract.,3/1/2025,,321157,0,321157
USAID,Annual Entellitrak (SID) Renewal,3/1/2025,,319698,0,319698
USAID,SEED Rural schools Furniture,3/1/2025,,317730,0,317730
USAID,"The purpose of this Task Order (TO) is to provide the services described in the Statement of Work to provide a Regional Security Consultant (RSC). The RSC will engage with local, regional, and national security authorities and other stakeholders to facilitate safety, security, and operational interactions between USAID, Implementing Partners, authorities, and other stakeholders.",3/1/2025,,310636,44632,266004
USAID,TCNPSC-CONTRUCTION PROJECT MANAGER,3/1/2025,,304821,0,304821
USAID,"To issue a purchase order Training for USAID staff on "" Empowering Innovation and Entrepreneurship in the Development Sector"". The total cost for this program for two cohorts is $300,000, the first session will happen in June 2025 and the second in November 2025 in D.C.",3/1/2025,,300000,0,300000
USAID,Senior Advisor to the Belarus Country Director,3/1/2025,,286809,82437,204372
USAID,PRO's Communication Specialist (Alexandra AnTraumer) to Support USAID Ukraine under the BPA MENA contract.,3/1/2025,,285214,0,285214
USAID,Technical Assistance for Capacity Building on Project Evaluation,3/1/2025,,284685,0,284685
USAID,"Gartner IT Research Licenses Gartner Solution and Investment Schedule — Base Year Gartner Solution FEDLINK CLIN Qty Investment Period Unit Price Total Investment Executive Programs V2 Self-Directed — Individual Access (Multi-User)* 0136 2 1 May 2024 to 30 April 2025 $73,486 $146,972 I&O Leaders Self-Directed — Individual Access (Multi-User)* 0157 1 1 May 2024 to 30 April 2025 $67,059 $67,059 Gartner for Technical Professionals — Team Leader 0259 1 1 May 2024 to 30 April 2025 $15,408 $15,408 Gartner for Technical Professionals — Team Member 0260 4 1 May 2024 to 30 April 2025 $12,717 $50,868 Total Investment $280,307",3/1/2025,,280307,0,280307
USAID,Order under the Middle East and North Africa Institutional Support Services (MENA-ISS) Blanket Purchase Agreement (BPA) for for the Program Development Specialist for USAID/Lebanon,3/1/2025,,276929,0,276929
USAID,Annual renewal of Factiva for USAID Library.,3/1/2025,,267961,205327,62634
USAID,The purpose of this request is to establish a new Veracode FedRAMP contract via AugustSchell's quote # 331109,3/1/2025,,262139,0,262139
USAID,Public Health Technical Advisor,3/1/2025,,259221,119325,139896
USAID,Merger and Acquisiton Data,3/1/2025,,250449,205124,45325
USAID,Sovereign Loan Guarantee Law Firm,3/1/2025,,250000,0,250000
USAID,RMCA mandate and managing change retreat,3/1/2025,,250000,0,250000
USAID,"Abacus Control#FA20241732 Funding for storage and handling costs of Brisbane (Australia) and Port Moresby (Papua New Guinea) warehouses. Duration from September30, 2024 to July 26, 2028.",3/1/2025,,250000,0,250000
USAID,"The purpose of this activity would be to conduct a multi-step change management process, including a facilitated Mission Retreat from November 20-21, and team building activities for Mission staff.",3/1/2025,,249936,0,249936
USAID,The purpose of this purchase order is to hire a consultant to do a mapping of existing projects in Burkina Faso to support and strengthen the localization. The consultant activities will be demand driven in response to the identified needs of the local partners and will identify areas where training and/or technical assistance could strengthen the capacity of the local institutions.,3/1/2025,,249912,0,249912
USAID,"The contractor will provide the following Services to the Gomal Zam Dam Command Area Development Project. To provide short-term staff support to GZD-CADP for establishing and improving systems and procedures to manage USAID funded activities Enhance capacity of personnel to procure, monitor and manage infrastructure related services and its inherent risks Ensure operation of necessary and adequate financial and management capabilities and competitive procurement policies and systems Review and verification of all payment vouchers prior to their approval and payments, ensuring compliance with the applicable policies and procedures Ensure provision of operational support to the project director of GZD-CADP for the completion of project related tasks in the field of financial management, HR, and procurement, Ensure an effective monitoring and evaluation system is in place and USG assistance is used in compliance with the terms and conditions of the USAID agreements Ensure the mitigating actions against the identified risks in the risk mitigation plan are completed within the agreed timeframe Ensure USAID is billed for only allowable, allocable, and reasonable costs in accordance with the term of the USAID Agreement Advise any upcoming issues of fiduciary nature which might impact timely completion of GZD-CADP Services under this contract will cover activities for three months beyond the life of the project to fully complete the closeout of the GZD-CADP",3/1/2025,,249903,0,249903
USAID,Logistics Support,3/1/2025,,249826,0,249826
USAID,MAP-Iraq Change Management and Professional Development,3/1/2025,,249808,0,249808
USAID,"Purchase of office chairs to replace the existing ones due to wear and tear. Two Herman Miller models mineral color were presented and selected by mission staff 85 units of Option 1_ Embody Task Chair, Size C, Mineral Color Unit Price: $1,193 Total Price: $101,455.20 100 units of Option 1_ Aeron Task Chair, Size B, Standard Height, Grey/Mineral Color Unit Price: $1,006 Total Price: $100,600.00 Sea freight: $14,670.00 Assembling & Installation: $32,886.00 Total Amount: $249,616.20",3/1/2025,,249616,0,249616
USAID,"M/MPBP seeks to deliver on Agency leadership priorities and support staff through burden reduction (BR) and continuous improvement (CI) efforts in the operational environment. The contractor will support M/MPBP by developing and delivering a change management strategy, communications plan, and related tools and products to foster a continuous improvement and burden reduction culture and activities across USAID.",3/1/2025,,249386,0,249386
USAID,"Procurement of the following: 1. Trados GroupShare 2020 for 15 users in the production environment; as well as 3 users each for the testing and development environments. 2. Professional Services will provide support to M/CIO for the new installation of Trados GroupShare 2020.Professional Services will provide technical consultancy to M/CIO for Trados GroupShare 2020. 3. Provide online dedicated corporate/language service provider (LSP) training on SDL Trados GroupShare 2020 for translators and reviewers. 4. Provide support and maintenance for their TMS through 2027. 5. For further description, please see attached Specifications Sheet.",3/1/2025,,248830,58830,190000
USAID,Third Party Monitoring for the Strengthened Community Resilience in Northwest Syria Activity,3/1/2025,,247500,0,247500
USAID,"Drama Serial Production_DOC Procurement, USAID funded",3/1/2025,,247500,0,247500
USAID,"Research on the impact of household resilience building activities, and building capacity for local implementing partners to implement operations research for improved HIV care and treatment outcomes.",3/1/2025,,247171,0,247171
USAID,"The purpose of the one-year (March 20, 2024-March 19, 2025) LEAD program is to equip 12 GOAM officials and 1 relevant stakeholder with leadership, technical and change management skills, as well as new perspectives to promote public administration reforms and improve the quality of public services offered to citizens of Armenia. It includes 8 courses (2 foundations,1 leadership core and 5 electives graded on a pass/no pass basis)",3/1/2025,,244800,0,244800
USAID,Biodiversity Inventory Activity,3/1/2025,,239570,0,239570
USAID,DOC's Communication Specialist (Erin Garnett) to Support USAID Ukraine under the BPA MENA contract.,3/1/2025,,238161,0,238161
USAID,Sheraton Krakow Conference room for USAID DART team,3/1/2025,,237419,0,237419
USAID,To procure HP-E27m G4 QHD USB-C Conferencing Monitors,3/1/2025,,237262,0,237262
USAID,Procurement of services from competent Contractor to conduct polling in targeted counties for the USAID/KEA DGPS Office,3/1/2025,,236982,0,236982
USAID,Procurement and HR Support.,3/1/2025,,233484,0,233484
USAID,"To establish a Blanket Purchase Agreement Call with Vistant to support USAID/Jordan Water Resources and Environment Office. To hire a Senior Financial Analyst (Feras Alazzam) at the National Conveyor Project Management Unit (NCPMU) as detailed in the Order Requirements Form. The total amount is $230,858.54. Prompt Payment: Bills are to be paid within 30 days after receipt and acceptance of materials and/or services - or - after receipt of a proper invoice whichever is later. Performance period: The performance period of this purchase order is from October 22, 2023 to October 21, 2024. Invoice(s) should be sent to: accountspayablejordan@usaid.gov A & A Specialist - Issa Qubein",3/1/2025,,230859,0,230859
USAID,"Handling, Transportation and Storage of Office Furniture Services",3/1/2025,,230808,0,230808
USAID,Communications Support - USAID Security and Prosperity Campaign,3/1/2025,,229087,0,229087
USAID,SEED Textbooks Procurement,3/1/2025,,227544,0,227544
USAID,"This hybrid mid-term performance evaluation aims to inform decision-making regarding potential adjustments to the approach and its implementation for the remainder of the period of performance, recognizing that programming in both formal and informal education takes time to yield results in terms of behavioral and attitudinal change. The primary audience of the evaluation is USAID/North Macedonia and the implementing partners of the YouThink activity. In addition, it contributes to expanding the evaluation experiences in this sector as it is only a fraction of the entire pool of evaluations related to media literacy and resilience to disinformation, whereas the nation-wide, formal-curriculum based approach of the interventions is unique and not tested anywhere else in the world.",3/1/2025,,227382,0,227382
USAID,"Through this purchase order USAID will make an award to a specialized individual or local organization that will provide expert technical, capacity building, and IT platform services to the WH to fill gaps and implement and improve upon their existing fundraising strategy. The goal is to deepen and diversify the WH funding streams so that they can become more financially sustainable and better able to strategically plan longer-term programs and avoid funding cliffs that threaten core operations. While they will engage in fundraising with the WH team, the resulting contractor will focus on skills transfer, process and structure creation, and sustainability of assistance through a ‘learn-by-doing’ approach with the WH fundraising-focused team.",3/1/2025,,226156,0,226156
USAID,"Media and Communication Support Services for USAID/Ukraine, PRO/DOC team",3/1/2025,,226000,0,226000
USAID,"6-months Order under the Blanket Purchase Agreement (BPA) 72028021A00002 for a Senior Engineering Advisor under the Middle East and North Africa Institutional Support Services (MENA-ISS) implemented by Vistant, LLC.",3/1/2025,,223097,0,223097
USAID,PO for the services of a CARPE Senior Social Advisor,3/1/2025,,221766,0,221766
USAID,Purpose/Description: Request for BPA Call Order to provide support under the Human Resources Management Support Services.,3/1/2025,,220141,0,220141
USAID,"Request for BPA Call Order to provide support under the International Development Programs, Humanitarian Assistance, and Technical Advisory Services",3/1/2025,,211096,0,211096
USAID,"To hire Mia Chin as Education Technical Advisor (as detailed in the Order Requirements Form). The total amount is $210,743.82. Prompt Payment: Bills are to be paid within 30 days after receipt and acceptance of materials and/or services - or - after receipt of a proper invoice whichever is later. Performance period: The performance period of this purchase order is from December 08, 2024 to December 07, 2025. A & A Specialist - Issa Qubein",3/1/2025,,210744,0,210744
USAID,Procurement of Co-Creation Workshop requirements for seven (7) new activities under the Office of Health portfolio,3/1/2025,,210074,0,210074
USAID,USAID/SA - Supply and Delivery of IT Equipment.,3/1/2025,,209910,0,209910
USAID,THIS IS A FIRM FIXED PRICE PURCHASE ORDER FOR REPAIR AND MAINTENANCE WORK AT 19 ACRES AS OUTLINED ON THE STATEMENT WORK (SOW).,3/1/2025,,207815,0,207815
USAID,M Procurement Review 2024/2025,3/1/2025,,206343,0,206343
USAID,Annual Cybersecure Renewal,3/1/2025,,202071,0,202071
USAID,Request for funding for Executive Coaching,3/1/2025,,201650,0,201650
USAID,USAID/South Sudan - To renovate and repaint prefabricated townhouses at the US Embassy Residential Compound (RC),3/1/2025,,200222,0,200222
USAID,The contractor to provide Third-Party Monitoring (TPM) services to USAID/Rwanda’s Transforming Rwanda Medical Supply Chain (TRMS) Indefinite Deliverable Indefinite Quantity (IDIQ) and all Task Orders (TOs) under implementation in FY2025 and FY 2026.,3/1/2025,,200147,0,200147
USAID,Social Media Content Management-DOC Procurement,3/1/2025,,200000,0,200000
USAID,Drama Serial Airing_DOC Procurement_USAID funded,3/1/2025,,200000,0,200000
USAID,Publicity and Press Management Services,3/1/2025,,200000,0,200000
USAID,The purpose of this contract is to obtain the services of an event management entity to support the organization of events in a smooth manner,3/1/2025,,197759,0,197759
USAID,"E-learning training modules for travel, transportation, and its ancillary services.",3/1/2025,,197640,0,197640
USAID,7 Habits and Speed of Trust Training for the Mission.,3/1/2025,,196778,0,196778
USAID,Pillar 1: Women Empowerment Campaign,3/1/2025,,195450,0,195450
USAID,USAID/Kenya and East Africa Yetu Initiative endline evaluation,3/1/2025,,195087,0,195087
USAID,ESRI GIS - 2024 Software License Renewal,3/1/2025,,194424,0,194424
USAID,"To develop and provide a security, safety, awareness, and preparedness training to support the programming and assistance efforts of USAID Guatemala IPs and US government staff.",3/1/2025,,191428,0,191428
USAID,"Procurement of a contractor to conduct a forensic audit as a follow-up to fraud incidents reported under the completed USAID Boresha Afya Award, which was implemented by Deloitte Consulting Limited.",3/1/2025,,190747,0,190747
USAID,Middle East and North Africa Institutional Support Services (MENA-ISS),3/1/2025,,189843,0,189843
USAID,External Evaluation of the Gender Intermediate Result (IR) under the Kyrgyz Republic Country Development Cooperation Strategy (CDCS),3/1/2025,,188780,0,188780
USAID,PO for the services of a CARPE Senior Strategy Advisor,3/1/2025,,187576,0,187576
USAID,Request for Market and Diet Influences of Food Production and Consumption in Timor-Leste Study.,3/1/2025,,185668,0,185668
USAID,Annual Skybox Security Renewal,3/1/2025,,184728,0,184728
USAID,"Third Party Monitoring Services for KP Activities (MAGP, LFSA and FERP).",3/1/2025,,176063,0,176063
USAID,Communication and Outreach Support Services - BPA Call 2025,3/1/2025,,175150,0,175150
USAID,"Monitoring services in the South American region. The funds are IDA, with no earmarks or restrictions",3/1/2025,,175000,0,175000
USAID,USAID SEE-AM Translation and Interpretation Services,3/1/2025,,173085,26344,146741
USAID,"The purpose of this BPA Call Order, under Blanket Purchase Agreement (BPA) number 72028021A00002, is to procure Economic Growth Office Support Services for USAID/Egypt.",3/1/2025,,172652,0,172652
USAID,USAID/Ukraine Communication Support Activity,3/1/2025,,169980,0,169980
USAID,EG/Health: This action is to rehabilitate two county depots in Grand Gedeh and River Gee,3/1/2025,,167719,0,167719
USAID,Communication Support Blanket Purchase Agreement Call Order 02,3/1/2025,,167082,0,167082
USAID,Automatic Car Wash Bay in USAID/SA Annex,3/1/2025,,166599,0,166599
USAID,"To purchase 100 IPhone 15 Pro Mac (6.7"") 256 GB with Screen Protector and Case Kit (Physical SIM - pSIM) for USAID/Jordan office from intellectechs. Price per IPhone = 1,554.89 USD, total price per 100 IPhones = 155,489.00 USD Delivery price = 4,000.00 USD Total value of the contract = 159,489.00 USD (Inclusive), equivalent to 112,918.21 JOD (Inclusive). Delivery location: U.S. Embassy Amman Abdoun, Al-Umawyeen St. Amman – Jordan Att: Tariq M. Al-Jahmi Prompt Payment: Bills are to be paid within 30 days after receipt and acceptance of materials and/or services - or - after receipt of a proper invoice whichever is later. Invoices should be sent to accountspayablejordan@usaid.gov (electronic copy). Performance period: From July 29th, 2024 to December 31st, 2024. A & A Specialist - Tariq M. Al-Jahmi",3/1/2025,,159489,0,159489
USAID,To commit OE funds to procure PNG IT equipment and supplies. PNG-24-286,3/1/2025,,157965,0,157965
USAID,EXO Admin Assistant _ Support to USAID Ukraine under the BPA MENA contract,3/1/2025,,157608,150935,6673
USAID,"To hire Mayada Shakkour as Education Technical Advisor (as detailed in the Order Requirements Form). The total amount is $152,805.37. Prompt Payment: Bills are to be paid within 30 days after receipt and acceptance of materials and/or services - or - after receipt of a proper invoice whichever is later. Performance period: The performance period of this purchase order is from December 08, 2024 to December 07, 2025. A & A Specialist - Issa Qubein",3/1/2025,,152805,0,152805
USAID,ISC position (Mid Level Budgeting and Accounting Specialist) to provide services to USAID Ukraine under the BPA MENA contract.,3/1/2025,,152173,0,152173
USAID,The purpose of this contract is to design and build Perimeter wall security upgrade at the U.S. Embassy Residential Compound.,3/1/2025,,151990,0,151990
USAID,"Request for BPA Call Order to provide support under the International Development Programs, Humanitarian Assistance, and Technical Advisory Services BPA Number: 72028021A00002 Vendor: Maria Busquets",3/1/2025,,151618,0,151618
USAID,"Services include all pre-award, award, and post-award duties including, but not limited to, cost analysis evaluations, technical evaluation memoranda review and preparation, source selection document generation and review, solicitation, and award preparation, and other related subjects.",3/1/2025,,150000,0,150000
USAID,BPA Call Order for Bureau for Asia Change Management Retreat,3/1/2025,,150000,0,150000
USAID,Third Party Monitoring Services for following KP Activities: 1- Land Registration in Merged Areas (LRMA) 2- Human Development Activity (HDA),3/1/2025,,148243,0,148243
USAID,To procure Technical Support Services,3/1/2025,,146209,0,146209
USAID,Third Party Ex Post Evaluation Services for Punjab Youth Workforce Development (PYWD) Program,3/1/2025,,144720,0,144720
USAID,Request for BPA Call Order to provide support under the Computer Management Support Service Category.,3/1/2025,,144587,61339,83248
USAID,BPA call order under the Morocco Locally Led Learning (ML3) BPAs.,3/1/2025,,142958,0,142958
USAID,Employee Assistance Program,3/1/2025,,138500,0,138500
USAID,Procurement of two (2) vehicles for the Tamale Satellite Office (TSO).,3/1/2025,,137661,0,137661
USAID,To Purchase iPhone 15 for USAID/Cambodia,3/1/2025,,137461,0,137461
USAID,"To hire Ibrahim Mahfouz as Education Technical Advisor from December 29, 2024 to December 28, 2025 (as detailed in the Order Requirements Form). The total amount is $136,549.25. Prompt Payment: Bills are to be paid within 30 days after receipt and acceptance of materials and/or services - or - after receipt of a proper invoice whichever is later. Performance period: The performance period of this purchase order is from December 29, 2024 to December 28, 2025. A & A Specialist - Issa Qubein",3/1/2025,,136549,0,136549
USAID,WISE Workshops and Internships for Underprivileged Youth In Zimbabwe,3/1/2025,,135001,0,135001
USAID,Provision of Administrative Support to USAID/Colombia.,3/1/2025,,134115,74115,60000
USAID,"IDIQ CONTRACTOR. Staffing assessments of the USAID Middle East Regional Platform in Frankfurt, Germany. Performance period between October 12 through November 18, 2021 Total number of hours 512 - Hourly rate $167.66 - Total of $85,839.59 for a Team Leader and Regional Service Provision Expert. Travel cost that includes Airfare cost, Lodging, M&IE,Travel Insurance,DBA and Misc $19,070.33 per traveler/Trip - Total Expenses $38,140.67 for 2 travelers The grand total of this Purchase is $123,980.26 based on the attached expenses sheet provided. A & A Specialist Suheil Ghattas.",3/1/2025,,132028,0,132028
USAID,iPhones - Incident INC3501687 - USAID/Kosovo,3/1/2025,,130365,0,130365
USAID,Communications Specialist to support USAID Ukraine Program Office,3/1/2025,,126739,0,126739
USAID,"This is an annual Firm Fixed Price Purchase Order with Greenleaf to provide Professional development through coaching for USAID Jordan staff. * Objectives of the Coaching Program: Provide individual and team coaching to support USAID/Jordan staff to achieve the following: 1. Capitalize on Mission strengths to empower leadership to further the USAID assistance in alignment with US assistance objectives; 2. Supporting staff in coping with situational uncertainty that includes but are limited to work-life balance, stress management, time management, professional skills, supervision skills, leadership skills, communication, resilience, coaching between supervisor and employee to resolve issues or between co-workers, and problem-solving * Purpose and Nature of Coaching: Coaching is an ongoing, confidential, one-on-one partnership between an individual referred to as “Client” and a coach to identify, prioritize, and achieve the individual’s desired goals. The purpose of the coaching engagement is to help maximize individuals' potential and enhance their personal and professional effectiveness. Coaching is not psychological counseling, mentoring, therapy, or specialist advice, and the coach doesn't tell the client what to do. Instead, the coach asks the questions and uses exercises that enable the client to find answers. The client is responsible for any actions taken by the client/coach. Therefore, the client enters coaching with the complete understanding that they are accountable for their progress. * Confidentiality: Because coaching is developmental, information shared in the coach/client relationship must not be used for performance-based actions; therefore, the client is not assigned a coach within their reporting chain. A formal coaching agreement between the coach and client documenting the client’s desired outcomes is required. The agreement will only be shared between the coach and the client. All conversations between the coach and client are confidential, except in the following instances: - Information is provided to the coach by the client with the explicit purpose of the discussion with others; - Information shared by the client indicates a law or policy has been or is about to be broken; or - The client’s safety, or that of another, is in danger. * Frequency & Duration: The structure of sessions is centered around the client’s content, goals, and commitment to a coaching relationship. In general, extended programs should meet less frequently (1 to 2 times/month) than short programs (3 to 6 times/month). * Delivery Method: Coaching is done through VoIP-based audio or video calls. * Coaching Structure: 1. An initial discovery session is required between the coach and the client to discuss the client’s goals and to ensure that the pairing of client and coach is suitable. 2. If the discovery session is not a good match, for any reason, the client might ask for the services of another coach. Before the session begins, there should be a complimentary discovery session to establish the coaching relationship. 3. Once the coach is assigned, finalize the coaching agreement to include frequency, duration, delivery method, and confidentiality is required. 4. A coaching package is 3 sessions (1 session = 1 hour). Additional packages may be requested if needed. 5. A closing session is recommended once the coaching relationship is finalized. At the end of the coaching relationship, the coach is required t",3/1/2025,,125000,0,125000
USAID,The purpose of this REQ is to procure ADP equipments and supplies for Guinea,3/1/2025,,124375,0,124375
USAID,"This action is undertaken to procure the services of a financial expert, a BPA holder, for the provision of financial support services.",3/1/2025,,124000,0,124000
USAID,FSN Leadership Coaching Program,3/1/2025,,119940,0,119940
USAID,"The purpose of this Task Order is to train Local implementing partners (LIPs), CPA firms & USAID staff on compliance with USAID rules and regulations",3/1/2025,,119912,119911,1
USAID,USAID Communications Contract - pre-contracted basis.,3/1/2025,,114745,0,114745
USAID,BHA funding of a purchase order for a new Senior Humanitarian Response Learning consultant to support after-action learning of technically-focused aspects of BHA humanitarian responses,3/1/2025,,112200,0,112200
USAID,DIV DataSeed,3/1/2025,,111154,0,111154
USAID,"The Public Opinion Poll Activity will be conducted over the period of five years and will include five public opinion polls and associated focus group discussion, which will be conducted on an annual basis.",3/1/2025,,110000,0,110000
USAID,To purchase Communication and Presentation Skills Training,3/1/2025,,104863,0,104863
USAID,Mission IT Supplies (Toners & Cartridges),3/1/2025,,103525,0,103525
USAID,Opinion Polling and Focus Groups Activity in Serbia,3/1/2025,,103100,0,103100
USAID,"2024 TOYOTA LC -300 VX 3.3L TWIN TURBO, AUTO TRANSMISSION and shipping cost.",3/1/2025,,102400,0,102400
USAID,"To hire Mukunda Prasad Sitaula as Human Resources / Travel Specialist (as detailed in the Order Requirements Form). The total amount is $101,638.88. Prompt Payment: Bills are to be paid within 30 days after receipt and acceptance of materials and/or services - or - after receipt of a proper invoice whichever is later. Performance period: The performance period of this purchase order is from November 03, 2024 to May 02, 2025. A & A Specialist - Issa Qubein",3/1/2025,,101639,0,101639
USAID,"(AF20241338) 14,800 unbranded Buckets (7,400 buckets w/ lids and taps, 7,400 buckets w/ lids), 23,000 branded Buckets (14,000 buckets w/ lids and taps, 9,000 buckets w/ lids).",3/1/2025,,101570,0,101570
USAID,To procure Network color printer and shipping cost,3/1/2025,,100645,0,100645
USAID,he purpose of this requisition is to procure French language program for FY 2021,3/1/2025,,100607,0,100607
USAID,Leadership training for staff.,3/1/2025,,100000,50000,50000
USAID,"The REQ action will allow the Mission to obtain professional services to analyze Rwanda’s ongoing policy and regulatory reforms against international comparative laws and best practices to identify opportunities for empowerment of, or threats to, basic democratic freedoms and good governance in Rwanda and to make appropriate recommendations for engagement by the U.S. Government (USG) with international and Rwandan stakeholders.",3/1/2025,,100000,0,100000
USAID,Logistics services from NJ to Dakar,3/1/2025,,100000,0,100000
USAID,"Support to the Malawi Donor Committee for Environment, Resilience, and Climate Change (DCERCC)",3/1/2025,,100000,0,100000
USAID,"For provision of external vehicle maintenance and repairs services for the entire US Mission fleet in Juba, South Sudan.",3/1/2025,,100000,0,100000
USAID,To award a BPA BPA Call Order to to KPMG Auditores e Consultores SA to conduct an agreed upon procedures audit of the AMOSTRA and CHEGAR contracts under partner AGL.,3/1/2025,,99909,99908,1
USAID,BPA Call Order to provide support under the Outreach and Communications Support Services.,3/1/2025,,99736,0,99736
USAID,USAID/Nepal requires the services of a qualified consulting firm to support USAID's Mission Action Plan for Local Staff (FSN) Empowerment.,3/1/2025,,99420,0,99420
USAID,iPhone purchasing for the Mission,3/1/2025,,97390,0,97390
USAID,"The purpose of this order is to purchase and install new carpets for both offices in Jerusalem and Tel Aviv. The total amount of this purchase order includes 1400 M carpets, 1400 M panels, remove of old carpets & panels and the labor for installing the new ones. Grand total amount is NIS 340,200 + VAT. Prompt Payment: Bills are to be paid within 30 days after receipt and acceptance of material and/or services - or - after receipt of a proper invoice whichever is later. Payment will be done on actual quantities and labor provided by the contractor and approve by CTO. Note: VAT is not included under this Purchase Order. 17% VAT will be paid through MOD.",3/1/2025,,97142,0,97142
USAID,ClassNet Red Phone,3/1/2025,,96284,12540,83744
USAID,"Request for BPA Call Order to provide support under the International Development Programs, Humanitarian Assistance and Technical Advisory Services.",3/1/2025,,96039,0,96039
USAID,iPhones for USAID/Armenia,3/1/2025,,95786,0,95786
USAID,Communications Support Services - as-needed basis,3/1/2025,,95255,0,95255
USAID,Purchase of iPhone 15 Pro (Physical SIM card) and iPad Pros,3/1/2025,,94935,0,94935
USAID,"Award for CCM Secretary Consultant SOW for Health Office Consultant to Oversee Global Fund to Fight AIDS, Tuberculosis, and Malaria",3/1/2025,,94270,0,94270
USAID,"BPA Call Order to provide consultant services under the following category: International Development Programs, Humanitarian Assistance, and Technical Advisory Services.",3/1/2025,,93951,0,93951
USAID,"To acquire consultancy services to facilitate mission retreats, workshops and other staff development activities",3/1/2025,,93833,0,93833
USAID,The purpose of this activity is to procure the services of a qualified contractor to provide professional services. The contractor will support the technical offices in design and development of new projects as well as to ensure that USAID/Niger is in compliance with the reporting requirements to USAID/ Washington. Support will be provided remotely.,3/1/2025,,93253,0,93253
USAID,USAID/SA - Supply of Printer Cartridges for HP M880 and HP MFP 776Z Printers.,3/1/2025,,92942,0,92942
USAID,Spirion Sensitive Data Manager,3/1/2025,,92848,0,92848
USAID,The purpose of this purchase order is to acquare for Legal Services contract with qualified vendor for 12 months.,3/1/2025,,92000,0,92000
USAID,"Service request to hire Jogra Tech Limited company to conduct the house restoration project for house no. 443 Mahando (Ref. SOL-72062124Q0001 HOUSE NO. 443 Mahando ROOF REPLACEMENT, 2024). The contractor (Jogra Tech Limited company) should successfully deliver all tasks and items mentioned in the attached solicitation document (SOL-72062124Q0001 - SOW House 443 Mahando Roof Replacement-2024), the contractor’s technical proposal attached TECHNICAL PROPOSAL SOL 72062124Q0001 HOUSE NO 443 MAHANDO ROOF REPLACEMENT), the contractor’s financial offer attached (Financial Proposal - SOL-72062124Q0001 HOUSE NO. 443 MAHANDO ROOF REPLACEMENT, 2024), and the email communication between the USAID procurement agent and the contractor attached (USAID Mail - Questions_ SOL-72062124Q0001 HOUSE NO. 443 Mahando ROOF REPLACEMENT, 2024). Payment terms for this contract are as follows: · First payment: Mobilization. (10% of the total value of the contract to be paid once the contractor arrives to the work site with all the needed tools and staff to perform the needed tasks) – 23,521,530 TZS + DBA Insurance 13,505,000 TZS = 37,026,530 TZS · Second payment: Material for work. (50% of the total material cost to perform the work, 50% of 132,496,300 TZS) - 66,248,150 TZS · Third payment: Material for work. (50% of the remaining total material cost to perform the work, 50% of 132,496,300 TZS) - 66,248,150 TZS · Fourth payment: Completion of the contract. (Upon completion of work, completing all payments related to this contract, Less mobilization 23,521,530). = 79,197,470 TZS Total value of the contract = 248,720,300 TZS, not to exceed 65,351.20 USD. The contractor should successfully complete all the work within 2.5 calendar months upon signing this contract. All attachments to this contract are considered part of the contract. Prompt Payment: Bills are to be paid upon completing each milestone mentioned above -Payment terms- within 30 days after receipt and acceptance of materials and/or services - or - after receipt of a proper invoice whichever is later. All vouchers, request for payment should be addressed as per below physical address and sent by mail or electronically via email in PDF format to USAID Controller’s Office at accountspayabletz@usaid.gov, and the original physical invoice should be sent to the USAID Contracting Officer: AMERICAN EMBASSY 686 OLD BAGAMOYO ROAD P.O. Box 9130 MSASANI KINONDONI, DAR ES SALAAM, TANZANIA TIN# 103-262-755 Performance period: From September 26th, 2024, to March 31st, 2025. A & A Specialist - Tariq M. Al-Jahmi",3/1/2025,,91441,0,91441
USAID,"Extend the contract of Consultant Alirio Chirindza for a new two year contract with one option year, to provide support on TAX issues to Mozambique's Ministry of Health.",3/1/2025,,91333,0,91333
USAID,Support consultations to Office of Economic Growth,3/1/2025,,91255,0,91255
USAID,Communications Support Contract for nine (9) promotional videos and four-hundred (400) high-resolution photographs,3/1/2025,,90000,0,90000
USAID,"Request for BPA Call Order to provide support under the International Development Programs, Humanitarian Assistance, and Technical Advisory Services",3/1/2025,,89081,25467,63614
USAID,Pillar 2: Youth and Media Outreach Support Services,3/1/2025,,89048,0,89048
USAID,EntryPoint Renewal,3/1/2025,,88200,0,88200
USAID,"The USAID Sri Lanka-Maldives Outreach and Media Services Support Activity will strengthen the Missions strategic communications and outreach to achieve our development objectives for Sri Lanka and Maldives. USAID requests the professional services of a full-service public relations/marketing firm to provide a wide range of high-quality communications and outreach services to the Mission, including but not limited to, photography, videography, infographics, event planning and staging, social media content, publications, translations as needed, and media outreach and analysis.",3/1/2025,,88000,0,88000
USAID,To hire a photographer-videographer services to promote and raise awareness on the impact of USAID Peru activities.,3/1/2025,,88000,0,88000
USAID,Congressional Liaison Advisor Services in LPA's Office of the Administrator,3/1/2025,,88000,0,88000
USAID,"To sub commit fund for a full video production service to capture, produce, and deliver four high-quality, high-resolution [3-4 minute] videos in the Pacific Islands (Fiji, Tuvalu or Tonga, Micronesia and summarized for Pacific Islands regional).",3/1/2025,,87035,0,87035
USAID,Gemini Enterprise for Google Workspace,3/1/2025,,86400,0,86400
USAID,"Renewal of TDY Suite/apartment at Notre-Dame hotel in Jerusalem for the use of mission employees. A rental fee of $3883 per month. Total of the rent per year is $ 37000. Additional 30 nights @ a price of $200 per night total of $6000. Payment of the additional night will be paid monthly on actual use. Performance period: The performance period of this purchase order is from Oct 1, 2023 through Sept 30,2024 with an option period of an additional one year through Sept 30, 2025 subject to the availability of funds appropriated annually by the Congress of the United States of America. The contract for the convenience of the government may be terminated in full or in part at any time with an advance notice of two weeks. Payment Method: Annual payment will be paid in advance to cover the cost of the annual rent of the apartment only. The additional $ 6000 will be paid on actual use approved by Travel office. No VAT is needed under this Purchase Order. A & A Specialist – Suheil Ghattas",3/1/2025,,86000,0,86000
USAID,"INC3448031 Dated 06/28/2024 - The contractor will provide the following: Hardware C920E HD 1080P MIC-ENABLED WEBCAM TAA COMPLIANT QTY 50.00 Rate $72.38 Total $3,619.00 Hardware Logitech 3.5 mm Analog Stereo Headset H151 with Boom Microphone QTY 40.00 Rate $23.13 Total $925.20 Hardware Logitech PTZ camera QTY 1.00 Rate $472.81 Total $472.81 Hardware 0001: iPad Pro (12.9"" 6th Gen) 256GB Wi-Fi & Cellular w/ Screen Protector and Smart Keyboard/Pencil Kit (A2764) QTY 6.00 Rate $1,962.06 Total $11,772.36 Hardware 0001: iPhone 15 Pro Max (6.7"") 256GB w/ Screen Protector and Case Kit (A2849) (eSIM ONLY) QTY 40.00 Rate $1,554.89 Total $62,195.60 Hardware LOGITECH - COMPUTER ACCESSORIES MK370 COMBO FOR BUSINESS QTY 70.00 Rate $43.50 Total $3,045.00 Hardware Logitech High-performance USB Headset H540 QTY 30.00 Rate $38.125 Total $1,143.75 Delivery C... Delivery Charge 1.00 $2,500.00 Ship To Address: USAID\Attn. Suheil Ghattas / GSO US Embassy Branch Office 71 Hayarkon Street Tel Aviv 6343229 Israel",3/1/2025,,85674,0,85674
USAID,"To purchase Data Visualization Training, December 17-20, 2024",3/1/2025,,85000,0,85000
USAID,"To renew the DevResults Hosting Software subscription for one year (October 01, 2024 to September 30, 2025). The total amount is 84,500.00 USD, equivalent to 59,826.00 JOD . Prompt Payment: Bills are to be paid in advance of the service within 30 days after receipt and acceptance of a proper invoice. Invoices should be sent to Amman.FMO.AP@usaid.gov (electronic copy). Performance period: From October 01, 2024 to September 30, 2025. A & A Specialist - Tariq M. Al-Jahmi",3/1/2025,,84500,0,84500
USAID,The purpose of this Order is to issue a BPA call on a cost reimbursement basis for a period of 202 days starting August 12 2024 to March 1 2025 to conduct a procedural audit of OCSIDAs procurement processes and verify the legitimacy of preferred vendors established in Maputo and Gaza Provinces,3/1/2025,,83971,57000,26971
USAID,GIS Specialist to USAID Moldova under the BPA MENA contract,3/1/2025,,83221,0,83221
USAID,Transport of NFIs from China to Dubai and Miami,3/1/2025,,81898,0,81898
USAID,"Transport of of NFIS from Pakistan to Miami, Dubai to Subang, Brisbane, Port Morseby",3/1/2025,,81764,0,81764
USAID,Request for BPA Call Order to provide support under the following categories: 1) Procurement and Contract Management Support Services; 2) Human Resources Management Support Services,3/1/2025,,81045,0,81045
USAID,Procurement of iPhones,3/1/2025,,80505,0,80505
USAID,Purchase of Printer Maintenance Contract - EOY2022,3/1/2025,,80436,0,80436
USAID,Acquisition of services of two short terms Technical Assistance Consultants for USAID to monitor Mali's Transition period.,3/1/2025,,80115,0,80115
USAID,USAID Regional Mission for Central Asia NGOs Landscape Analysis,3/1/2025,,80000,0,80000
USAID,Communications and Outreach to Celebrate 25 years of USAID-Kosovo Partnership.,3/1/2025,,79990,0,79990
USAID,Mission Director's Residence new Furniture,3/1/2025,,79960,0,79960
USAID,close out specialist.,3/1/2025,,79887,0,79887
USAID,The purpose of this BPA call is to request the authorized Agent to obligated funding for purchase of Printers.,3/1/2025,,79784,0,79784
USAID,"Request for BPA Call Order to provide support under the International Development Programs, Humanitarian Assistance, and Technical Advisory Services",3/1/2025,,78037,26012,52025
USAID,"USAID Armored Vehicles Maintenance: Preventive and corrective maintenance, and cleaning services for a fleet of three (3) USAID-owned Armored Vehicles (AV) in Bogota D.C., Colombia, as follows: One Chevrolet Suburban (2017) - Silver One Toyota L200 (2014) - White One Toyota L200 (2021) - Black",3/1/2025,,76764,50431,26333
USAID,"Annual Mobile Communication Services for cell phone connectivity (Voice and Data communication services) plans for USDH, USPSC and FSN Staff.",3/1/2025,,76105,0,76105
USAID,Tajikistan is in need of hiring CDCS Consultant. The selected consultant helps the Mission in drafting and finalizing the CDCS document by referring to the mandatory assessment and sector analysis including other resources,3/1/2025,,76070,0,76070
USAID,Purchase of 60 iPhone 13 for DRC Mission (May 2024).,3/1/2025,,75853,0,75853
USAID,"Advertisements to run on the KYIV POST Web in the course of 2023 _with ""Business Group"" vendor",3/1/2025,,74869,0,74869
USAID,Buy-in DataSeed BPA for Africa Bureau for Tableau Licenses and Training,3/1/2025,,74330,51297,23033
USAID,Senior Advisor to the Mission Director's Office_ Support to USAID Moldova under the BPA MENA contract,3/1/2025,,74141,0,74141
USAID,A new two year contract with one option year with EUNICE BAUHOFER to provide support to Mozambique s Ministry of Health MISAU,3/1/2025,,73700,0,73700
USAID,Coaching Creative Speech Writing & Enhancement of Skill-Sets,3/1/2025,,73200,0,73200
USAID,Architect and engineering services.,3/1/2025,,71667,0,71667
USAID,HEA - Consultant Fee for a HIV/AIDS Project Management Consultant for 12 months,3/1/2025,,70345,0,70345
USAID,"To issue a call order to conduct a procedural audit of an agreed upon procedures audit of the USAID/Mozambique Uholo Project, implemented by Pathfinder International",3/1/2025,,69716,69716,0
USAID,"Award for CCM oversight and compliance officer Consultant SOW for Health Office Consultant to Oversee Global Fund to Fight AIDS, Tuberculosis, and Malaria",3/1/2025,,69310,0,69310
USAID,IT supplies and equipment,3/1/2025,,68935,0,68935
USAID,Internet service at Mission Director's residence ($34000),3/1/2025,,68840,0,68840
USAID,USAID/SA - Facilitation Services for the REXO Follow-Up Retreat,3/1/2025,,68092,0,68092
USAID,"INC3653571 Purchase order for iPhones and IT accessories from CIO. Price Quote dated 12/26/2024. Hardware: Keyboard Wireless kit, MK370 COMBO with wireless mouse QTY 60.00 unit Rate $43.44 Total price $2,606.40 Hardware 0001: iPhone 16 Pro Max (6.9"") 256GB w/ Screen Protector and Case Kit (eSIM ONLY) QTY 40.00 Rate $1,554.89 Total price $62,195.60 Hardware USB-C to USB-A converter QTY 12 Rate $11.25 Total Price $135.00 Hardware Anker Braided USB-C to USB-C Cable (3 ft, 60W) QTY 12 Rate $4.00 Total Price $48.00 Hardware Eaton Tripp Lite Series USB-C Extension Cable (M/F) 6ft QTY 12 Rate $18.75 Total Price $225.00 Hardware Logitech laser presentation remote (R800 LASER) QTY 6.00 Rate $54.38 Total amount $326.28 Delivery C... Delivery Charge 1.00 $2,300.00 Grand total $67,836.28 Shipping to 71 Hayarkon street, Tel Aviv Prompt Payment: Bills are to be paid within 30 days after receipt and acceptance of material and/or services - or - after receipt of a proper invoice whichever is later.",3/1/2025,,67836,0,67836
USAID,Third Party Assessment of the Education Management Organization Reform initiated through the Sindh Basic Education Program (SBEP),3/1/2025,,67288,0,67288
USAID,Procurement of New 7-Seater SUV for Facilities.,3/1/2025,,67124,0,67124
USAID,Sports club membership program for FSNs,3/1/2025,,66700,0,66700
USAID,"To conduct in-person training 202: Acquisition & Assistance (A&A) for A/COR Supervisors and USAID 203: Advanced Acquisition and Assistance Skills for Practitioners to staff in Juba, South Sudan",3/1/2025,,66539,0,66539
USAID,Request for BPA Call Order to provide support under the Human Resources Management and Travel Administration Support Service Category.,3/1/2025,,65364,0,65364
USAID,"Service request to hire CONSTAN COMPANY LIMITED to conduct the house restoration project for house no. 443 Mahando (SOL72062124Q00010 HOUSE NO. 443 MAHANDO RESTORATION 2024). The contractor (CONSTAN COMPANY LIMITED) should successfully deliver all tasks and items mentioned in the attached solicitation document (SOL72062124Q00010 -SOW 443 MAHANDO REFURBISHMENT-2024), the contractor’s technical and financial proposal attached (SOL72062124Q00010 - Technical and financial proposal - MAHANDO MAIN HOUSE RESTORATIONS, and the email communication between the USAID procurement agent and the contractor attached (USAID Mail - Questions_ SOL72062124Q00010 HOUSE NO. 443 MAHANDO RESTORATION 2024). Payment terms for this contract are as follows: · First payment: Mobilization. (10% of the total value of the contract to be paid once the contractor arrives to the work site with all the needed tools and staff to perform the needed tasks) = 17,775,514 TZS · Second payment: Material for work. (50% of the total material cost to perform the work, 50% of 142,204,111 TZS) - 71,102,055 TZS · Third payment: Material for work. (50% of the remaining total material cost to perform the work, 50% of 142,204,111 TZS) - 71,102,056 TZS · Fourth payment: Completion of the contract. (Upon completion of work, completing all payments related to this contract, Less mobilization 17,775,514). = 17,775,516 TZS Total value of the contract = 177,755,141 TZS, equivalent to 65,351.20 USD. The contractor should successfully complete all the work within 2.5 calendar months upon signing this contract. All attachments to this contract are considered part of the contract. Prompt Payment: Bills are to be paid upon completing each milestone mentioned above -Payment terms- within 30 days after receipt and acceptance of materials and/or services - or - after receipt of a proper invoice whichever is later. All vouchers, request for payment should be addressed as per below physical address and sent by mail or electronically via email in PDF format to USAID Controller’s Office at accountspayabletz@usaid.gov, and the original physical invoice should be sent to the USAID Contracting Officer: AMERICAN EMBASSY 686 OLD BAGAMOYO ROAD P.O. Box 9130 MSASANI KINONDONI, DAR ES SALAAM, TANZANIA TIN# 103-262-755 Performance period: From September 26th, 2024, to March 31st, 2025. A & A Specialist - Tariq M. Al-Jahmi",3/1/2025,,65351,0,65351
USAID,To acquire services from local law firm to provide legal and strategy advice.,3/1/2025,,65069,0,65069
USAID,"Service request to hire Jogra Tech Limited company to conduct the house restoration project for house no. 44 Laibon (Ref. SOL 72062124Q00008 HOUSE NO. 44 LAIBON RESTORATION, 2024). The contractor (Jogra Tech Limited company) should successfully deliver all tasks and items mentioned in the attached solicitation document (SOL 72062124Q00008 HOUSE NO. 44 LAIBON RESTORATION, 2024), the contractor’s technical proposal attached (TECHNICAL PROPOSAL FOR SOL- 72062124Q00008 HOUSE NO. 44 LAIBON RESTORATION, 2024), the contractor’s financial offer attached (PRICE QUOTATION NO 350-2024), and the email communication between the USAID procurement agent and the contractor attached (Questions: SOL 72062124Q00008, House No. 44 Laibon Restoration). Payment terms for this contract are as follows: - First payment: Mobilization. (10% of the total value of the contract to be paid once the contractor arrives to the work site with all the needed tools and staff to perform the needed tasks) – 17,596,750.00 TZS + DBA Insurance 9,292,500 TZS = 26,889,250 TZS - Second payment: Material for interior work. (50% of the total material cost to perform the interior work, 50% of 84,960,000 TZS) - 42,480,000 TZS - Third payment: Interior work. (Upon completion of interior work, the contractor will get paid the remaining amount for “material for interior work” (42,480,000 TZS) and will get paid the full labor cost related to the interior work (22,420,000 TZS) Less mobilization given 17,596,750.00 TZS – Total of third payment = 47,303,250 TZS - Fourth payment: Material for exterior work. (50% of the total material cost to perform the exterior work 50% of 47,200,000 TZS) - 23,600,000 TZS - Fifth payment: Exterior work and completion of the contract. (Upon completion of exterior work, the contractor will get paid the remaining amount for “material for exterior work” (23,600,000 TZS) and will get paid the full labor cost related to the exterior work (12,095,000 TZS), thus completing all payments related to this contract. – Total of fifth payment = 35,695,000 TZS Total value of the contract = 175,967,500.00 TZS, not to exceed 65,053.00 USD. The contractor should successfully complete all the work with 2.5 calendar months upon signing this contract. All attachments to this contract are considered part of the contract. Prompt Payment: Bills are to be paid on upon completing each milestone mentioned above -Payment terms- within 30 days after receipt and acceptance of materials and/or services - or - after receipt of a proper invoice whichever is later. All vouchers, request for payment should be addressed as per below physical address and sent by mail or electronically via email in PDF format to USAID Controller’s Office at accountspayabletz@usaid.gov, and the original physical invoice should be sent to the USAID Contracting Officer: AMERICAN EMBASSY 686 OLD BAGAMOYO ROAD P.O. Box 9130 MSASANI KINONDONI, DAR ES SALAAM, TANZANIA TIN# 103-262-755 Performance period: From September 12th, 2024 to February 28th, 2025. A & A Specialist - Tariq M. Al-Jahmi",3/1/2025,,65053,0,65053
USAID,"The purpose of this request is to renew Magnet Forensics. Accept quote #GS240612B7DAE dated 6/12/24 and add funding in the amount of $64,425.55.",3/1/2025,,64426,0,64426
USAID,Staff House Management Services for 5 Years,3/1/2025,,63718,0,63718
USAID,Apple Mobility Mobile Device IDIQ,3/1/2025,,63424,0,63424
USAID,Curved monitor - to procure 80 units for USAID/Nepal,3/1/2025,,63359,0,63359
USAID,Procurement of 250 course seats under the eCornell platform. GSA Contract No. GS-02F-170AA.,3/1/2025,,62973,0,62973
USAID,Residential construction work needed to solicit to renovate the TDY house at 19 Shortheath.,3/1/2025,,61321,0,61321
USAID,Purchase of Vehicle for the Office,3/1/2025,,61082,0,61082
USAID,Request for BPA Call Order to provide support under the Human Resources Management Support Services,3/1/2025,,60783,20261,40522
USAID,"CLARO MISSION CELLPHONE SERVICE 2024-2025 Funds distribution: Subtotal - COP$223,624,188.00 / US$60,438.97 (Amount obligated in this PO). Taxes - COP$40,946,880.00 / US$11,066.72 distributed as follows: LO/514-MO-25-OE-VAT - COP$16,378,752.00 / US$4,426.69 SO/514-MO-25-PROG-VAT - COP$24,568,128.00 / US$6,640.03 Total approved (service + taxes) - COP$264,571,068.00 / US$71,505.69",3/1/2025,,60439,0,60439
USAID,"The contractor shall support the U.S. Agency for International Development, Bureau of Legislative and Public Affairs with information documentation, video/audio editing and transcription services.",3/1/2025,,60000,52500,7500
USAID,To commit OE funds to procure 60 curve monitors for Fiji staff. SUV-24-290,3/1/2025,,60000,0,60000
USAID,To provide Passenger Van Services for USAID/Sudan in Nairobi/Kenya,3/1/2025,,60000,0,60000
USAID,English & Spanish Lang Prg 2nd OpYr under BPA 72052022A00001,3/1/2025,,59866,0,59866
USAID,Acquisition of Security Upgrades for R12 (L387) Mugumo Crescent- USAID/Sudan MD residence. CCTV cameras from is vendor Compass Technologies.,3/1/2025,,58000,0,58000
USAID,Assistance 201 Course,3/1/2025,,57690,0,57690
USAID,Apple Mobility Mobile Device IDIQ,3/1/2025,,57501,0,57501
USAID,Purchase 2 X Utility Vehicles for Operation Management,3/1/2025,,57199,0,57199
USAID,Apple Mobility Mobile Device IDIQ,3/1/2025,,56777,0,56777
USAID,Intellechtechs - OCONUS Mobility - USAID Missions,3/1/2025,,56749,0,56749
USAID,50 qty - iPhone 14 128GB w/Screen Protector and case kit,3/1/2025,,56629,0,56629
USAID,Light truck for REXO Operations team_OE funding.,3/1/2025,,56090,0,56090
USAID,"- 15 photo collections of minimum 30 photographs each - 15 ""long videos"" (two to three minutes each) - 30 reels (of 15 to 30 seconds each)",3/1/2025,,55100,0,55100
USAID,"ENV: Request to hire an Agriculture Consultant to provide technical support, advisory services and activity management for the Mission’s agriculture and agroforestry investment from July 15, 2024 through July 14, 2025",3/1/2025,,55069,0,55069
USAID,Gardening Services from 1 October 2023 through 30 of September 2024.,3/1/2025,,55030,0,55030
USAID,Local Works Hygiene Promotion Activity,3/1/2025,,55000,5000,50000
USAID,"While USAID’s Regional Mission in Ukraine (USAID/Ukraine) relies on its own translation team to handle its routine translation and interpretation needs, the volume of these assignments varies greatly from day to day, and may not always be expeditiously addressed due to both time and capacity constraints. With these considerations in mind, USAID/Ukraine plans to continue using services of external vendors to tackle this “overflow” of translation and interpretation work at a level of quality that should meet the expectations of its internal customers. The two vendors that USAID/Ukraine has used for that purpose in the recent years have been: Mr. Dmytro Shkryoba, a freelance interpreter/translator; and TRIS translation agency. Having monitored their performance during that time (also using feedback from internal Mission customers), our conclusion is that both vendors have performed their assignments successfully. In the last two weeks, together with the Senior Procurement Agent here at the Mission, we have done market research using quotes from several local providers of translation/interpretation services to see if the rates that the current vendors are offering to continue their work for USAID/Ukraine are competitive on the local market. Based on the analysis, and on the knowledge of their past performance, it appears that the two current vendors are offering the best value for the money that the Mission is willing to expend on these services. Therefore, I would recommend that the contracts with both Mr. Shkryoba and TRIS be renewed or extended, as the case may be, using the rates they are offering for the new/extended contract period.",3/1/2025,,54713,6520,48193
USAID,The purpose of this REQ is to procure ADP equipments and supplies for Sierra Leone,3/1/2025,,54341,0,54341
USAID,Purchase order for SI Advisor individual consultancy for Abdulmalik Abubakar for 3 months from January 1 2025 to March 31 2025.,3/1/2025,,54095,0,54095
USAID,Forrester Decisions Leader Subscription,3/1/2025,,53924,0,53924
USAID,Renewal of GIS annual subscription Licenses for USAID Malawi staff,3/1/2025,,53915,0,53915
USAID,35 iPhones OE(14) PRG (21) + shipping,3/1/2025,,52441,0,52441
USAID,"Conduct a forensic audit of USAID resources managed by UWESO, under the USAID Uganda Orphans and Vulnerable Children North-East (OVC-NE) activity, cooperative agreement No. 72061722CA00004 for the period September 30, 2022 to September 30, 2024.",3/1/2025,,51574,0,51574
USAID,40 units of iPhone 13 (256 GB) & accessories & delivery charge for USAID/RDMA & ARTC,3/1/2025,,51100,0,51100
USAID,Purchase for REXO Retreat for FY2024,3/1/2025,,51057,0,51057
USAID,"To hire Nour Emam as a Technical Advisor (Lawyer) as detailed in the Order Requirements Form. The total amount is $50,401.94. Prompt Payment: Bills are to be paid within 30 days after receipt and acceptance of materials and/or services - or - after receipt of a proper invoice whichever is later. Performance period: The performance period of this purchase order is December 01, 2024 to March 13, 2025. A & A Specialist - Issa Qubein",3/1/2025,,50402,0,50402
USAID,"Production of 16 videos (4-5 minutes) under the supervision of USAID's Development Outreach and Communications Team (DOC), including development of scripts/concepts for the 16 videos in collaboration with DOC. Production of the videos will require the vendor to travel at its own expense to USAID's activities/projects in all 15 counties.",3/1/2025,,50100,0,50100
USAID,USAID participation in Regeneron International Science and Engineering Fair (ISEF) 2025 as a Special Award Organization.,3/1/2025,,50098,0,50098
USAID,"Pillar 3, Part 2: Videography and Film Production",3/1/2025,,49667,0,49667
USAID,"The recommended instrument for this assessment is a Task Order that will be procured under the Central Asia Regional Platform for Monitoring, Evaluation and Learning (RP-MEL) Indefinite Delivery/Indefinite Quantity (IDIQ) contract. The Task Order for the assessment will be managed by the Program Office in the Tajikistan Mission. The selected instrument allows for the purchase of services best suited for the nature of this assessment.",3/1/2025,,49000,0,49000
USAID,Purchase of Maintenance Service for Liebert RDU-A G2 and CRAC for RDMA Server Room,3/1/2025,,48237,0,48237
USAID,Internet services and dedicated leased line channels and circuitry for USAID/Haiti for twelve (12) months.,3/1/2025,,48000,0,48000
USAID,Purchase of IT Equipment - USAID/Zimbabwe,3/1/2025,,47993,0,47993
USAID,"This is an annual Firm Fixed Price Purchase Order with AMIDEAST to test applicants for Test of English for International Communication (TOEIC) as a hiring requirement for USAID Jordan, SRP and Yemen. The total amount for this order is 33,750.00 JOD, equivalent to 47,669.50 USD distributed as follows: - SRP OE Funds: 1,350.00 JOD, equivalent to 1,906.78 USD - SRP PRG Funds: 5,400.00 JOD, equivalent to 7,627.12 USD - Jordan OE Funds: 13,500.00 JOD, equivalent to 19,067.80 USD - Jordan PRG Funds: 13,500.00 JOD, equivalent to 19,067.80 USD -Cost per test per participant = 27.00 JOD, equivalent to 38.14 USD Prompt Payment: Bills are to be paid within 30 days after receipt and acceptance of materials and/or services - or - after receipt of a proper invoice whichever is later. Performance period: From April 03rd, 2024 to April 02nd, 2025. A & A Specialist - Tariq M. Al-Jahmi",3/1/2025,,47670,0,47670
USAID,Vehicle for USAID/EXO/C&R,3/1/2025,,47521,0,47521
USAID,"BPA Call Order to provide support under the International Development Programs, Humanitarian Assistance, and Technical Advisory Services",3/1/2025,,46941,0,46941
USAID,Procure auto parts and supplies for Vehicles maintenance.,3/1/2025,,46892,0,46892
USAID,"The purpose of this Delivery Order is to purchase Starlink high performance kits and subscriptions per quote B-501665 in the amount of $33,902.40. South Africa and Zimbabwe contribute $10,170.72 each and M/CIO contributes $13,560.96.",3/1/2025,,46789,0,46789
USAID,Waterproofing the Ubunye building balconies.,3/1/2025,,46391,0,46391
USAID,"Renewal of renting TDY Suite/apartment at Notre-Dame hotel in Jerusalem for the use of mission employees. A rental fee of $3167 per month. Total of the rent per year is $ 38000. Additional 40 nights @ a price of $200 per night total of $8000. Payment of the additional night will be paid monthly on actual use. Performance period: The performance period of this purchase order is from Oct 1, 2025 through Sept 30,2026 with an option period of an additional two years through Sept 30, 2028 subject to the availability of funds appropriated annually by the Congress of the United States of America. The contract for the convenience of the government may be terminated in full or in part at any time with an advance notice of two weeks. Payment Method: Annual payment will be paid in advance to cover the cost of the annual rent of the apartment only. The additional $ 8000 will be paid on actual use approved by Travel office. No VAT is needed under this Purchase Order. A & A Specialist – Suheil Ghattas",3/1/2025,,46000,0,46000
USAID,"15 0001: iPhone 15 Pro (6.1"") 256GB w/ Screen Protector and Case Kit (pSIM ONLY) 15 0001: iPhone 15 Pro Max (6.7"") 256GB w/ Screen Protector and Case Kit (pSIM ONLY) Delivery Charge",3/1/2025,,45743,0,45743
USAID,"Audit of the schedule of expenditures of the USAID award managed by Frankfurt Zoological Society of Zambia (FZS Zambia) under Luangwa Livelihood and Conservation Activity 72061122CA00001 for the period from January 5, 2022, to May 31, 2024.",3/1/2025,,45215,0,45215
USAID,FSN Alumni - Provision of financial management support,3/1/2025,,45178,0,45178
USAID,"The purpose of this requisition is to provide funding in an estimated amount of $45,000.00 for a call order with one of the BPA holders. The purpose of the call order is to perform an Agency Contracted Audit of the JHPIEGO Voluntary Medical Male Circumcision (VMMC) activity.",3/1/2025,,45000,0,45000
USAID,Purchase of IT Hardware (M/CIO) for Ghana and West Africa.,3/1/2025,,44571,0,44571
USAID,Procurement for Leased Line Internet for USAID/Thailand,3/1/2025,,44154,0,44154
USAID,BPA Call for the Purchase of IT Equipment for USAID/ESC.,3/1/2025,,44036,0,44036
USAID,"BPA call for Supplemental Language Program for eligible candidates with the Arabic Language tutor Al Baher . The total amount of this BPA call for one year is $44,000.00, equivalent to 31,152.00 JOD. - The price per hour is 18.00 JOD per student, equivalent to $25.42 (as per offer). - Class duration: 1 – 2 hours - Class location: Virtual or in person (Embassy/as per agreed with the student) - Class cancelation notice: 10 hours in advance - A free trial class will be offered to each potential student Prompt Payment: Bills are to be paid on monthly basis within 30 days after receipt and acceptance of materials and/or services - or - after receipt of a proper invoice whichever is later. Invoices should be sent to Amman.FMO.AP@usaid.gov (electronic copy). Performance period: From December 04th, 2024 to November 30th, 2025. A & A Specialist - Tariq M. Al-Jahmi",3/1/2025,,44000,0,44000
USAID,"The purpose of the GID learning series 2024 - 2025 is to help USAID implementing partners to improve programming to the most marginalized groups in Nepal and increase local participation during design, implementation, and monitoring, evaluation, and learning (MEL).",3/1/2025,,43425,0,43425
USAID,3122: Request for office chairs and Ashtrays,3/1/2025,,43413,0,43413
USAID,"This is a no cost action for the creation of a $0 REQ for the purchase of Chromebooks per email from Andrea Miskin dated April 26, 2024. Total Estimated Cost is approx $50k and CO will be going through NASA SEWP for the procurement.",3/1/2025,,43400,0,43400
USAID,"Service Support for trilateral laboratory Nov 11-15, 2024 - RDMA/PRO",3/1/2025,,43242,0,43242
USAID,Telephone line for the USAID/RDMA Direct Inward Dialing (DID) 500 lines,3/1/2025,,43139,0,43139
USAID,"Purchase iPhone 15 PRO MAX, cases, Screen protectors, charger adapter",3/1/2025,,43047,0,43047
USAID,SOL-72049224Q00011 - Chesa Desano Garcia- Supply Chain Team Lead,3/1/2025,,42996,0,42996
USAID,It equipment,3/1/2025,,42816,0,42816
USAID,"Team and Individual Coaching/Facilitation Services Selected Vendor : Bean Group PLC Purpose To provide tailored coaching and facilitation services to a team of nine (9) members, including individual coaching, team coaching, and specific leadership coaching for the Office Director (OD) and two Deputy ODs. Deliverables ¿ Individual coaching sessions for each team member (45-60 minutes each). ¿ Daily team coaching sessions (1-2 hours or as recommended by the offeror). ¿ Customized training materials and tools. ¿ A specialized coaching plan for the OD and Deputy ODs. ¿ Monthly virtual follow-up coaching sessions for six months. ¿ Regular progress reports to the FO and EXO, including a final report summarizing initial findings from the assessment, ways in which the team has achieved gradual progress in their action plans, key insights, and long-term recommendations. Duration: One week (5 consecutive working days) to be delivered in October 2024, followed by six months of virtual follow-up coaching. Location: On-site in Colombo, Sri Lanka for the initial one-week period and virtual sessions for follow-up Coaching Payment Terms: Firm Fixed Price Contract - payment upon receipt of deliverables and invoice ¿ Initial Assessment and Development of one-week team coaching agenda - 25% ¿ Delivery of one-week team coaching kick-off - 30% ¿ Monthly coaching sessions (6 months) - 5% per month (30% for all six months) ¿ Final Assessment and Reporting - 15%",3/1/2025,,42811,0,42811
USAID,71 Dell P3424WE 34 Curved USB-C Hub Monitor 10 Aegis 60GB Secure Drive: ASK3-60GB,3/1/2025,,42638,0,42638
USAID,IT equipment from Countertrade for USAID/Ukraine,3/1/2025,,42068,0,42068
USAID,"Purchase of 55 ACER Chromebooks Spin 714 - unbranded, for the Mission in Nicaragua",3/1/2025,,41728,0,41728
USAID,Procurement of 4 X Formax FD 8806CC Cross-Cut Shredding machines.,3/1/2025,,41696,0,41696
USAID,"An AI-based chatbot that supports the INVIAS CCPT Program seeks to bring to scale the Program's impact across Colombia. By deploying an AI-driven solution, INVIAS can enhance its outreach and operational efficiency, enabling JACs to access vital information regarding technical and legal requirements quickly through the chatbot solution.",3/1/2025,,41680,0,41680
USAID,USAID Moldova - iPhone order (stock replenishment),3/1/2025,,41072,0,41072
USAID,Purchase of iPhone/iPad & accessories - USAID/Zimbabwe,3/1/2025,,40993,0,40993
USAID,"The purpose of this request is for a three-day ""Seven Habits"" training program for 13 Djibouti staff",3/1/2025,,40696,0,40696
USAID,USAID Colombia Mission HP LaserJet Enterprise Printers - COUNTERTRADE BPA Mission Printers - Six (6) 3WT91A#201 CLIN 0011E HP LaserJet enterprise 700 color MFP M776z (110V) Six (6) IT-AID-A,3/1/2025,,40182,0,40182
USAID,Request for Project Management training services,3/1/2025,,40051,0,40051
USAID,Expanding Opportunities in International Development and Affairs Careers Procurement,3/1/2025,,40000,0,40000
USAID,The purpose of this is to fund a BPA Call Order for the M/MS Retreat facilitation planned for FY24.,3/1/2025,,39887,0,39887
USAID,"This award will provide services that enable the United States Agency for International Development (USAID) to temporarily store, retrieve, maintain automated inventory access, and dispose of up to 2,110 cubic feet of inactive USAID records.",3/1/2025,,39657,0,39657
USAID,"2652: PURCHASE OF MISCELLANEOUS GENERATOR SPARE PARTS for (G/SET 800KVA ,G/SET 650KVA ,G/SET 410KVA , G/SET 150KVA, G/SET 165KVA )",3/1/2025,,39195,0,39195
USAID,Pillar #4 - Production of Print and Promotional Materials,3/1/2025,,39073,0,39073
USAID,The authorized agent is requested to sign a Purchase Order with Orange for purchase of annual Cell Phone Services in amount of USD 4620.00 for a period of one (1) year and in the total amount of USD 23100.00 for a period of five (5) years.,3/1/2025,,38250,2724,35526
USAID,"Annual Line connection, Internet connections and Wi-Fi (HOT) for 2 lines in Tel Aviv and Jerusalem offices. The monthly chargers of each line is NIS 1400. Qty 2 lines - Total NIS 2800 + VAT per month. Grand total NIS 33,600.00 per year. Prompt Payment: Bills are to be paid within 30 days after receipt and acceptance of material and/or services - or - after receipt of a proper invoice whichever is later. Note: VAT is not included under this Purchase Order. 17% VAT will be paid through MOD. Performance period: The performance period of this purchase order is from Oct 1, 2023 through Sept 30, 2024 with an option of an additional Two years through Sept 30, 2026 subject to the availability of funds appropriated annual by the Congress of the United States of America. The contract for the convenience of the government may be terminated in full or in part at any time with an advance notice of two weeks. A & A Specialist - Suheil Ghattas",3/1/2025,,38224,0,38224
USAID,"Additional Razor Wire at SAE, HLZ and Substantial Doors at RC Project",3/1/2025,,37990,0,37990
USAID,Kosovo and Western Balkans Area Studies Course for USAID Foreign Service Officers.,3/1/2025,,37894,0,37894
USAID,25x iphones for Frankfurt,3/1/2025,,37407,0,37407
USAID,OPENAI-CHATGPT - RENEWAL - 1 YEAR,3/1/2025,,36450,0,36450
USAID,"Admin Support svcs to manage PLSO security data base, and reports security information to the PLSO and IPs",3/1/2025,,36328,0,36328
USAID,2622 - Office supplies Replenishment,3/1/2025,,36193,0,36193
USAID,Townhouses Renovation on USAID Compounds (Houses No. 14B and 33B),3/1/2025,,35716,0,35716
USAID,Procurement of Monitors keyboards mouse and smart card readers through CIO BPA Countertrade BPA,3/1/2025,,35137,0,35137
USAID,"The purpose of this order to purchase 32 desk office chairs for Agron office and Mamilla office. The cost of each chair is NIS 3273.37. QTY 32 - Total NIS 104,747.84 Shipping fees NIS 15,300 & Installation charges NIS 2500 Grand total of this purchase order is NIS 122,547.84 + VAT. Prompt Payment: Bills are to be paid within 30 days after receipt and acceptance of material and/or services - or - after receipt of a proper invoice whichever is later. Note: VAT is not included under this Purchase Order. 17% VAT will be paid through MOD.",3/1/2025,,35014,0,35014
USAID,USAID/RDMA : 30 QTY of iPhone 16 with physical sim slot & accessories & delivery charge,3/1/2025,,34787,0,34787
USAID,Procure license for AutoCAD with special toolsets,3/1/2025,,34649,0,34649
USAID,"The contractor will provide IT hardware, racks, cabling and wiring for Agron new office per the attached price quote dated Sept 12, 2024. Total price is NIS 105,000 + VAT. An amount of NIS 15000 is added to the Purchase order in case other items needed to be purchase through the implemtation of the project. All additional goods or labor need to be approved by COR Sari Tahhan in advance before process. Grand total amount of this purchase order is NIS 120,000 + VAT. Prompt Payment: Bills are to be paid within 30 days after receipt and acceptance of material and/or services - or - after receipt of a proper invoice whichever is later. Note: VAT is not included under this Purchase Order. 17% VAT will be paid through MOD.",3/1/2025,,34286,0,34286
USAID,"The duration of the Purchase Order will initially be for six months and may be extended in additional six-month increments, up to a maximum of five years, subject to the availability of funds.",3/1/2025,,34280,0,34280
USAID,USAID Sri Lanka-Maldives Outreach Support Activity,3/1/2025,,33550,0,33550
USAID,Internet service USAID Peru Wire 120 mbps (1:1)/Wifi: 80 mbps (1:1),3/1/2025,,33537,0,33537
USAID,"Internal duct cleaning, sealing, decontamination and deodorization of the HVAC at USAID Compound (Sisonke & Ubunye buildings, including Basement parking).",3/1/2025,,33341,0,33341
USAID,"Procurement of 110 course seats as part of the Regional Training Program, under the eCornell platform (GSA Contract No. GS-02F-170AA).",3/1/2025,,33250,0,33250
USAID,Red Hat Ansible Tower Renewal,3/1/2025,,33148,11049,22099
USAID,The purpose of this contract is for the Contractor to serve as a Primary Retiree Senior Foreign Service Officer Board Member on the 2024 Senior Foreign Service Consolidated Performance Board.,3/1/2025,,33102,0,33102
USAID,The purpose of this purchase order is for the Contractor to serve as an ALTERNATE Retired Senior Foreign Service (SFS) Officer for the 2024 Consolidated SFS Performance Board,3/1/2025,,33102,0,33102
USAID,To procure 20 units of OE funded iPhones to replace the old phones,3/1/2025,,33098,0,33098
USAID,Purchase Of Assorted IT items,3/1/2025,,32820,0,32820
USAID,Network Multipurpose Printers,3/1/2025,,32687,0,32687
USAID,INDONESIA-Goods and Services at Tsunami Anniversary Exhibitions and Commemorative Events in Aceh,3/1/2025,,32600,0,32600
USAID,"The purpose of this order is to reserve up to 100 rooms at the Legacy hotel in Nazareth for the mission wide retreat. The cost includes meeting rooms, lodging and meals for mission overnight. Estimated performance period is Nov 20 to Nov 21, 2024 and can be change. Notice will be given to the vendor asap or based on the below cancelation policy. Estimated amount obligated under this purchase order is $32,000 + VAT. Prompt Payment: Bills are to be paid within 30 days after receipt and acceptance of material and/or services - or - after receipt of a proper invoice whichever is later. Payment will be made on actual rooms used and number of attendees. Note: VAT is not included under this Purchase Order. 17% VAT will be paid through MOD. Cancelation Policy: Cancelation due to 07.11.2024 without cancelation fees. Cancelation after 07.11.2024 will be treated as follows: 10% of the total amount of the offer to be paid. OR re-scheduling another dates for the same offer, to be held before 31.12.2024. In case of emergency, or as per the political situation, cancelation will be confirmed, free of charge. A & A Specialist - Suheil Ghattas",3/1/2025,,32000,0,32000
USAID,"Description: PO for language classes for Mission staff (English & Spanish). Cost per hour COP $75,500",3/1/2025,,31581,0,31581
USAID,"Annual Line connection, Internet connections and services (Partner) for 3 lines in Tel Aviv and Jerusalem offices. The vendor will provide three ISP internet lines through Partner Company including IP telephones. The cost is as follows: Line code # 30-9024311 - 100MB - monthly cost NIS 1100.00 Line code # 30-9024312 - 100MB - monthly cost NIS 1100.00 Line code # 30-9012524 - 200MB - monthly cost NIS 1840.00 Grand total monthly cost for the above 3 lines is NIS 4040 + VAT - Grand yearly cost for the above 3 lines is NIS 48,480.00 + VAT Performance period: The performance period of this purchase order is from Oct 1, 2023 through Sept 30, 2024 with an option of an additional Two years through Sept 30, 2026 subject to the availability of funds appropriated annual by the Congress of the United States of America. The contract for the convenience of the government may be terminated in full or in part at any time with an advance notice of two weeks. Prompt Payment: Bills are to be paid within 30 days after receipt and acceptance of material and/or services - or - after receipt of a proper invoice whichever is later. Note: VAT is not included under this Purchase Order. 17% VAT will be paid through MOD. A & A Specialist - Suheil Ghattas",3/1/2025,,31104,0,31104
USAID,"New Monitors per QUOTE#: B-513086 Details Manufacturer Mfg# Description Quantity Price Total Dell210-BBCL Dell P2725H 27in Monitor [47QTCA18D008H] USAIDSTANDARD CONFIGURATION 20 $305.00 $6,100.00 Dell Inc.210-BKHY Dell P3424WE 34 Curved USB-C Hub Monitor[47QTCA18D008H] 33 $564.00 $18,612.00 IT-AID-A-DELL Asset Tagging and Inventory Update Only 53 $13.90 $736.70 40155 CEW-FREIGHT 1 $5,377.28 $5,377.28",3/1/2025,,30826,0,30826
USAID,To procure Silversky Event items,3/1/2025,,30752,0,30752
USAID,Tableau and SmartSheet licenses,3/1/2025,,30675,24540,6135
USAID,Packing security equipment to be shipped back to US. Estimated amount $1600 + VAT. Prompt Payment: Bills are to be paid within 30 days after receipt and acceptance of material and/or services - or - after receipt of a proper invoice whichever is later. Note: VAT is not included under this Purchase Order. 17% VAT will be paid through MOD.,3/1/2025,,30506,0,30506
USAID,To support the facilitation of the 2024 Worldwide Executive Office (EXO) Conference. To be held at the Marriott located at Tysons Corner.,3/1/2025,,30101,0,30101
USAID,This REQ will facilitate a preparation of a PO for vehicle maintenance and repairs by Global Links Auto CO LTD. Global Links Auto CO LTD is one of the three vehicle maintenance vendors for mission vehicles from FY2024 with four optional years.,3/1/2025,,30000,0,30000
USAID,Procurement of a Geographic Information System (GIS) consultant to establish GIS platform for the Mission,3/1/2025,,30000,0,30000
USAID,HP Printers LaserJet Enterprise MFP M776z,3/1/2025,,30000,0,30000
USAID,CCTV and Delta Barrier Maintenance. The purpose of this requisition is to pay for CCTV and Delta Barrier Maintenance at a Embassy Residential Compound (Miramar).,3/1/2025,,30000,0,30000
USAID,"Public relations services include Event/Outreach logistics, Communications/material production/representation materials",3/1/2025,,29999,0,29999
USAID,The purpose of this Requisition is to request the authorized Agent to obligate funding for Purchases of 20 iPhone 15 Pro,3/1/2025,,29926,0,29926
USAID,IT Hardware and supplies from Intellectechs,3/1/2025,,29799,0,29799
USAID,The purchase of Maintenance Service Agreement APC UPS system,3/1/2025,,29639,0,29639
USAID,SOL-72049224Q00009 Short term eLMIS Senior Technical Advisor for Supply Chain.,3/1/2025,,29557,0,29557
USAID,Purchase of 20 iPhones and 2 iPads for Mission Paraguay,3/1/2025,,29546,0,29546
USAID,Procurement of supplemental cleaning services from an external contractor at the Mission Building,3/1/2025,,29520,0,29520
USAID,McAfee Internet Security for PC and MAC Renewal,3/1/2025,,29040,0,29040
USAID,"To initiate the requests for: 1.2 units of Iridum Satellite phones for MD's vehicle and residence @usd 750.00 with total USD.1,500 2.1 lot of Annual Extensive Language Training with total USD.10,000",3/1/2025,,28800,0,28800
USAID,Pest Control Action,3/1/2025,,28800,0,28800
USAID,to process two BPA call orders per Scope of work,3/1/2025,,28687,0,28687
USAID,"This is a Blanket Purchase Agreement for the Provision of Temporary, Specialized Professional and Technical Support Services to USAID as and when required.",3/1/2025,,28687,0,28687
USAID,"Request for Sole Source Award to the National Organization for Victim Advocacy (NOVA) BACKGROUND: USAID seeks to complete this non-competitive action in support of its stated goals of advancing respectful, inclusive, and safe workplaces by advancing trauma-informed investigations and support services for members of USAID’s workforce who have been impacted by sexual misconduct within or in connection to USAID’s workplace or facilities. Services include the development of a customized trauma-informed investigations training program for USAID personnel as well as training and credentialing support for USAID personnel providing support to individuals impacted by sexual misconduct. This action will support goals outlined in the USAID’s Three-Year Plan for Preventing and Responding to Sexual Misconduct and Workplace Violence, as well as new requirements included in Automated Directives System 113, Preventing and Addressing Sexual Misconduct, which states: USAID staff responsible for conducting inquiries or investigations into sexual misconduct will complete mandatory training related to empathic and/or trauma-informed investigative practices on a recurring basis, not to exceed 3 years between successive trainings, to ensure that personnel remain well-prepared and up-to-date in addressing the complexities of sexual misconduct cases while placing importance on the well-being of all involved parties, with a particular focus on reducing potential harm or re-traumatization for impacted persons while maintaining the integrity of the investigation. Such training may include content related to concepts such as: informed consent and empowerment, psychological safety, privacy and confidentiality, empathy, self-awareness, personal self-care, and resilience. SPECIFIC TO THE REQUIREMENT: USAID intends to procure support services to advance efforts to prevent and effectively respond to sexual misconduct while providing trauma-informed investigations and support to individuals impacted by such issues. Services will first and foremost consist of the development and delivery of a virtual 12-hour customized trauma-informed investigations training for USAID personnel who conduct inquiries and investigations into sexual misconduct incidents. At a secondary level, the services will support the enrollment and participation in NOVA’s Victim Assistance Academy (NVAA) for select USAID personnel, as well as additional support to secure related credentials for those personnel through the National Advocate Credentialing Program (NACP). These services will strategically augment efforts under USAID’s Impacted Person Support pilot program to expand the availability of victim/survivor/impacted person-centered and trauma-informed investigations and support services as a means of better empowering and supporting impacted persons in the wake of harmful incidents, reducing the potential for secondary harm or trauma as a result of engaging with Agency systems and processes, and decreasing potential organizational and reputational risks to the agency as a result of failing to fulfill its basic responsibilities and/or duty of care of individuals impacted by such issues. Specific objectives included under this award include: The development of a customized training for USAID that will be delivered virtually and then recorded for future use. This process will include: Subject Matter Expert recruitment. Background research, emerging trends, and best practices o",3/1/2025,,28600,0,28600
USAID,"Requisition for SSMT750IC APC 750VA Tower, 230V UPS",3/1/2025,,28425,0,28425
USAID,iPads Order from rom CounterTrade,3/1/2025,,28270,0,28270
USAID,To procure/prepare or rise funds for five USAID Drivers for Armored Vehicle Training Summit Point in the USA.,3/1/2025,,28230,0,28230
USAID,SATTRANS Airtime Renewal x 61. Transitioning to lower cost MEA-500 (Africa) Plan.,3/1/2025,,28060,0,28060
USAID,Translation Services,3/1/2025,,28000,0,28000
USAID,Translation Services,3/1/2025,,28000,0,28000
USAID,"To hire Jogra Tech Limited Company to conduct the house restoration for House No. 1700 Msasani (SOL 72062124Q00009 HOUSE NO 1700 MSASANI RESTORATION 2024). The contractor should successfully deliver all tasks and items mentioned in the solicitation, technical offer, financial offer, and email communication between USAID Procurement Agent and Contractor. Payment terms for this contract are as follows: - First payment: Mobilization. (20% of the total value of the contract to be paid once the contractor arrives to the work site with all the needed tools and staff to perform the needed tasks) – 14,956,500 TZS + DBA Insurance 9,292,500 TZS = 24,249,000 TZS - Second payment: Material for work. (50% of the total material cost to perform the work, 50% of 48,380,000 TZS) - 24,190,000 TZS - Third payment: Completion of the contract. (Upon completion of work, completing all payments related to this contract, Less mobilization 14,956,500 ). = 26,343,500 TZS Total value of the contract = 74,782,500 TZS, equivalent to $27,493.57. The contractor should successfully complete all the work within 2.5 calendar months upon signing this contract. All the attachments are considered part of the contract. The performance period of this purchase order is from September 23, 2024 to February 28,2025.",3/1/2025,,27494,0,27494
USAID,Video production for USAID/Namibia,3/1/2025,,27069,0,27069
USAID,"Legal services - from July 1, 2023, to June 30, 2025 amounting $4,500.00",3/1/2025,,27000,0,27000
USAID,Hiring Gardner services for USAID India Mission for a period of 4 years.,3/1/2025,,26750,0,26750
USAID,New Foldable Tables for the Mission.,3/1/2025,,26700,0,26700
USAID,Construction of Pergola at 325 Aries mission Directors Residence.,3/1/2025,,26619,0,26619
USAID,The purpose of this requisition is to procure Portuguese Language Training for Robert Drapcho at Lynden Language Solutions.,3/1/2025,,26400,0,26400
USAID,The purpose of this purchase order is to obligate funds for Intensive Kiswahili Language Training Program for American Staff.,3/1/2025,,26399,0,26399
USAID,"Contract renewal with HBK with the period of performance from April 1, 2024 to March 31, 2025.",3/1/2025,,26170,0,26170
USAID,1 year Tableau Creator (Server) Tableau Software licenses for 29 USAID staff,3/1/2025,,26159,0,26159
USAID,"Quote Number: B-520686 dated 12/16/2024 Purchase of Network Printer & Monitors as below: HP T3U56A#AAZ CLIN 0011F 220V HP Color LaserJet Enterprise Flow MFP M776zs (220v) [47QTCA18D008H] QTY 1 Unit price $6,334.35 ? DELL 210-BBCE Dell P2425H 24in Monitor [47QTCA18D008H] QTY 40 Unit price $268.00 Total price $10,720.00 4 IT-AID-A-DELL Asset Tagging and Inventory Update Only QTY 41 $13.90 total price $569.90 5 40155 CEW-FREIGHT QTY 1 total price $8,454.23 Subtotal:$26,078.48 Quote Number: B-520686 dated 12/16/2024 Purchase of Network Printer & Monitors Prompt Payment: Bills are to be paid within 30 days after receipt and acceptance of material and/or services - or - after receipt of a proper invoice whichever is later.",3/1/2025,,26078,0,26078
USAID,TO handle various works at USAID HLZ and RC,3/1/2025,,25830,0,25830
USAID,"Annual Software License Renewal STATA, TABLEUA, ARCGIS PRO",3/1/2025,,25739,0,25739
USAID,To purchase 20 iPhones and 3 iPads for Mission USAID/ Dominican Republic.,3/1/2025,,25016,0,25016
USAID,Request for BPA Call Order to provide support under the Acquisition & Assistance Management Support Services,3/1/2025,,25000,0,25000
USAID,To purchase training for Bureau personnel at FSI,3/1/2025,,25000,0,25000
USAID,"This is a Firm Fixed Price Purchase Order to hire Samman & Co Public Accountants and Business to perform the Host Country Contracting (HCC) Assessment of the Ministry of Public Works and Housing Procurement Capability (as detailed in the attached SOW and Samman & Co Public Accountants and Business offer dated: July 18, 2024). Timelines USAID/Jordan should receive the final assessment report per the following timeline: Entrance meeting and start date for fieldwork within 10 working days after USAID signs the purchase order. Start date for fieldwork within 8 working days of Entrance meeting. Field work should be completed within 20 working days. The draft report shall be submitted to USAID within 10 working days after concluding fieldwork. Provide the final report no later than 10 working days after receiving comments from USAID/Jordan. Payment Terms 30% upon beginning of fieldwork 30% upon delivery of draft report 40% upon acceptance and issuance of final report All payments are via EFT. Total Amount: $24,915 Performance Period: From September 01, 2024 to December 31, 2024. USAID reserves the right to ask for any revision or modification if the submitted deliverables do not match the established criteria and the SOW. In addition, USAID reserves the right to cancel this award in part or full for the best interest of the USG if there is a need to. A & A Specialist - Issa Qubein",3/1/2025,,24915,0,24915
USAID,To Purchase Monitor - Keyboard - Printer,3/1/2025,,24788,0,24788
USAID,"Request for BPA Call Order to provide support under the General Administrative, Clerical, and Secretarial Support Services",3/1/2025,,24614,0,24614
USAID,USAID Moldova - iPhone order (stock replenishment),3/1/2025,,24523,0,24523
USAID,Software license purchases via the M/CIO–BPA award,3/1/2025,,24483,0,24483
USAID,Professional photojournalism services to support SRO communication and outreach activities,3/1/2025,,24000,0,24000
USAID,Professional photojournalism services to support SRO communication and outreach activities,3/1/2025,,24000,0,24000
USAID,To procure local legal counsel services,3/1/2025,,24000,0,24000
USAID,Purchase of 30 curved monitors as included in EXO/Q1 spend plan.,3/1/2025,,23903,0,23903
USAID,Legal advisor to procure legal services on questions or problems under Haitian law to USAID/Haiti Mission for one (1) year.,3/1/2025,,23600,0,23600
USAID,Shipment of Pretoria's Riverbeds and new CloudEdge equipment from USAID Warehouse to USAID/South Africa,3/1/2025,,22894,0,22894
USAID,Pilot mental health program for Ukraine FSNs,3/1/2025,,22840,0,22840
USAID,Procurement of workshop tools and implements for the FY 2024.,3/1/2025,,22655,0,22655
USAID,SPA FSN Alumni,3/1/2025,,22526,0,22526
USAID,ISP For DR Site At MD's Residence With MTN Year 1,3/1/2025,,22443,0,22443
USAID,To procure Project Management Professional (PMP) Certification Training,3/1/2025,,22403,0,22403
USAID,"Tableau-creator (Server) QTY 24, Tableau -Training -eLearning (Creator) QTY 1, and Cana for Teams QTY 12",3/1/2025,,22401,0,22401
USAID,To sub commit funds to procure USAID promotional items. PRM-25-020,3/1/2025,,22359,0,22359
USAID,"Reception Desk (Illuminated Curved Reception desk, Counter Jaws round) 1, Wooden Credenza 2, Phone locker 1, Guest waiting Bench 3, Office Chairs 25 and Standing Mats (Antifatigue) 15",3/1/2025,,22149,0,22149
USAID,The purpose of this requisition is to procure Portuguese Language Training for Michelle Shirley at Lynden Language Solutions.,3/1/2025,,22000,0,22000
USAID,IT Hardware and supplies from Countertrade,3/1/2025,,21776,0,21776
USAID,SOL-72049224Q00010 - Technical Officer - eLMIS,3/1/2025,,21690,0,21690
USAID,TestGorilla subscription,3/1/2025,,21570,0,21570
USAID,Photographer and videographer Services for DAA visit,3/1/2025,,21466,0,21466
USAID,Thomson Reuters Invoice - West LegalEdcenter (CeriFi Agency),3/1/2025,,21374,0,21374
USAID,The purpose of this requisition is to serve as a Primary Public Board Member on the Senior Foreign Service/Foreign Service Performance and Promotion Boards.,3/1/2025,,21373,0,21373
USAID,The purpose of this requisition is to serve as a Primary Public Board Member on the Senior Foreign Service/Foreign Service Performance and Promotion Boards.,3/1/2025,,21373,0,21373
USAID,The purpose of this requisition is to serve as a Primary Public Board Member on the Senior Foreign Service/Foreign Service Performance and Promotion Boards.,3/1/2025,,21373,0,21373
USAID,The purpose of this requisition is to serve as a Primary Public Board Member on the Senior Foreign Service/Foreign Service Performance and Promotion Boards.,3/1/2025,,21373,0,21373
USAID,The purpose of this purchase order is for the contractor to serve as a Primary Public Board Member on the 2024 Senior Foreign Service/Foreign Service Performance and Promotion Boards,3/1/2025,,21373,0,21373
USAID,The purpose of this purchase order is for the contractor to serve as a Primary Public Board Member on the 2024 Senior Foreign Service/Foreign Service Performance and Promotion Boards,3/1/2025,,21373,0,21373
USAID,The purpose of this purchase order is for the contractor to serve as a Primary Public Board Member on the 2024 Senior Foreign Service/Foreign Service Performance and Promotion Boards,3/1/2025,,21373,0,21373
USAID,The purpose of this purchase order is for the contractor to serve as a Primary Public Board Member on the 2024 Senior Foreign Service/Foreign Service Performance and Promotion Boards,3/1/2025,,21373,0,21373
USAID,Google Meet Kit,3/1/2025,,21300,0,21300
USAID,"The purpose of this action is to renew the SonarQube license for the period from 5/27/2024 to 5/26/2025 in the amount of $21,281.40.",3/1/2025,,21281,0,21281
USAID,The purpose of this requisition is to order branded materials for the Guinea and Sierra Leone Missions,3/1/2025,,21085,0,21085
USAID,The purpose of this BPA Call Order is to provide consultant services under the following service category: Human Resources Management Support Services,3/1/2025,,20861,0,20861
USAID,"50 DELL 27""monitors list is attached",3/1/2025,,20804,0,20804
USAID,EXO-HR Procure Technical and Language Proficiency Tests. 2023-2024,3/1/2025,,20615,0,20615
USAID,"Procurement of iPhones 001: iPhone 15 (6.1"") 128GB w/ Screen Protector and Case Kit (A2846) (eSIM ONLY)",3/1/2025,,20342,0,20342
USAID,Online Business English Writing Skills Training,3/1/2025,,20250,0,20250
USAID,Purchase order for Transportation Services with Cabify (Executive Vehicles).,3/1/2025,,20108,0,20108
USAID,Purchasing new network printers to the mission,3/1/2025,,20054,0,20054
USAID,Data Packages for MiFi Devices - USAID/Zimbabwe,3/1/2025,,20000,0,20000
USAID,"To sub commit funds to procure laptops, IT and office supplies for PRM DOC team. PRM-25-015 and PRM-25-016",3/1/2025,,20000,0,20000
USAID,"ArcGIS Desktop perpetual license, Tableau, ArcGIS and STATA",3/1/2025,,19923,0,19923
USAID,"The US Agency for International Development is looking to upgrade existing USPS IBI- meter mailing equipment. The existing IBI-meter mail metering equipment and software are outdated and do not meet the USPS latest Intelligent-Mail-Indicia (IMI) standards as of June 30,2024. USAID Support Services Specialist has requested a quote from the GSA approved vendor Pitney Bowes who has all the historical mailing knowledge for USAID standards, With the purchase of the SendPro MailCenter 2000 will keep USAID compliant with the federal mailing guidelines and provide proper mailing service for the Agency at Ronald Reagan Building. Requestor: M/MS/HMD, Christopher O. Thompson Support Service Specialist",3/1/2025,,19876,0,19876
USAID,Tableau licenses for Health and PROGRAM Office,3/1/2025,,19845,0,19845
USAID,Tableau - Creator (Server) Tableau Software LLC - TS-00220 22 licenses renewal from Start date: 03/01/2024 to End Date: 03/02/2025,3/1/2025,,19845,0,19845
USAID,"Pest control for Mirarmar housing complex, USAID Guest House, USAID Mission Directors House from 1 October 2023 through 30 of September 2024.",3/1/2025,,19683,0,19683
USAID,FAC - OFFICE STATIONERY - 2024,3/1/2025,,19668,0,19668
USAID,SOL-72049224Q00008 - Technical Officer - Supply Chain Capacity Building,3/1/2025,,19600,0,19600
USAID,Large Monitors,3/1/2025,,19309,0,19309
USAID,FSI LANGUAGE PROGRAM FOR FSO ON WAIVER - DONALD LANGHORNE,3/1/2025,,19234,0,19234
USAID,Expendable IT Supplies 2024. List attached + shipping,3/1/2025,,19180,0,19180
USAID,IP TRAINIG,3/1/2025,,19000,0,19000
USAID,FCR 201 & Assistance 201 Training Services,3/1/2025,,19000,0,19000
USAID,"To provide Zika disease assistance to the Caribbean Public Health Agency (CARPHA) in the amount of $19,167.45.",3/1/2025,,18964,0,18964
USAID,"To procure annual maintenance services for MFPs, large format printer and shredders",3/1/2025,,18880,0,18880
USAID,2699: F400PA - PARTICLE FILTER FOR BLUEAIR 400 SERIES and Water Purification Filters,3/1/2025,,18875,0,18875
USAID,3 HP COLOR PRINTERS USAID/PERU CLIN 0011E HP LaserJet Enterprise 700 color MFP M776z (110V),3/1/2025,,18806,0,18806
USAID,Request for Power BI and Excel Training services,3/1/2025,,18587,0,18587
USAID,"40 Monitors 27 inches (Dell). TEC increase $7,180.00 for DELL monitors",3/1/2025,,18487,0,18487
USAID,Maintenance of three official vehicles. The pupose of this requisition is to pay for maintenance of three official vehicles. (USAID Toyota Land Cruisers - 1. CD-027-M259 / 2. CD-027-M08 / 3. CD-027-M88).,3/1/2025,,18486,0,18486
USAID,WBG-PSO: FY 2024 Mission Audit Plan (New Audit Firms includes 6 engagements),3/1/2025,,18455,0,18455
USAID,Replacement and inspection of water pipelines at ARTC,3/1/2025,,18335,0,18335
USAID,"REXO Workshop for January 15 to 17, 2025",3/1/2025,,18300,0,18300
USAID,Purchase of IT equipment for EXO/IT department.,3/1/2025,,18257,0,18257
USAID,"To request for 25 pre-employment, 50 pre-travel medical exams and 50 EKG for FY2024-2025.",3/1/2025,,18250,0,18250
USAID,Primary Internet Service Provider Network and Wi-Fi Services for the USAID Honduras Offices,3/1/2025,,18000,0,18000
USAID,SOL-72049224Q00007 Supply Chain (SC) Capacity Building Senior Technical Advisor,3/1/2025,,17881,0,17881
USAID,"The training workshops will focus on providing IPs with the knowledge and skills on Collaborative Learning and Adapting CLA, Risk Management, Business development/resource mobilization/Sustainability planning and partnership cultivation and Cyber security to improve their organizational performance and deliver quality programme results.",3/1/2025,,17820,0,17820
USAID,20 pcs of APC UPS for Mission Staff with full batteries,3/1/2025,,17500,0,17500
USAID,"Purchase of office chairs to replace the exisitng ones due to wear and tear. Two Herman Miller models mineral color were presented and selected by mission staff (PA, Front Office and Newely arrived staff) as follows: Option 1_ Embody Task Chair, Size C, Mineral Color and Option 1_ Aeron Task Chair, Size B, Standard Height, Grey/Mineral Color.",3/1/2025,,17483,0,17483
USAID,C-Bus lighting maintenance for USAID/THAILAND ( RDMA & ARTC ),3/1/2025,,17225,0,17225
USAID,To procure 25 units of Samsung curved monitors (34 inch) using OE funds,3/1/2025,,17191,0,17191
USAID,USAID COLOMBIA MISSION PRIMARY INTERNET AND WIFI SERVICES,3/1/2025,,17081,0,17081
USAID,Interpretation services,3/1/2025,,17033,0,17033
USAID,"Purchase of meeting space for 'Essential Elements in Assistance' training, with a total cost of $112,196",3/1/2025,,17000,0,17000
USAID,"Procurement of Curved USB-C Monitors, MacBook Pro, iPhone and Other IT Supplies",3/1/2025,,16983,0,16983
USAID,To sub commit funds for the procurement of IT Equipment for RPRMO DOC Team - RPRMO-25-057,3/1/2025,,16915,0,16915
USAID,conduct three financial audit engagements for three of the Mission's awards.,3/1/2025,,16795,0,16795
USAID,To procure UPS for users and networking devices at Demarc room,3/1/2025,,16791,0,16791
USAID,Venue for Mission approved G2G Training,3/1/2025,,16515,0,16515
USAID,Artwork for USAID Office Suite,3/1/2025,,16500,0,16500
USAID,Call order under the ML3 BPA to provide facilitation services during co-creation sessions.,3/1/2025,,16430,0,16430
USAID,Travel Management Services for USAID Honduras January to December 2025,3/1/2025,,16425,0,16425
USAID,"Acquisition of preventive maintenance services to include the waterproofing of walls at MIRAMAR houses No. 4, 5, 6 and 7 to prevent rainwater from infiltrating through the walls and foundation. Work include the digging of trenches and removal of soils to expose the foundation and rain drains, intallation of new pipes to re-direct the water, the application of neuce paint and asphalt membrane to waterproof the walls and foundations.",3/1/2025,,16315,0,16315
USAID,The TDYer will be attached to OEGI Office as communication specialist for a period of three months.,3/1/2025,,16200,0,16200
USAID,This is a BPA Call to Countertrade Products Inc. to procure 20 Dell P3424WE 34 Curved USB-C Hub Monitors as per QUOTE#: B-511806,3/1/2025,,16198,0,16198
USAID,1. Cisco Systems C300 and accessories 2. Dell Docking Station (Dell Dock - WD19S 130W) 3. Adjustable Laptop Stand with 360 Rotating Base 4. Blue light Blocking Screen Protector Panel for 27 inch Monitors 5 Blue light Blocking Screen Protector Panel for 24 inch Monitors,3/1/2025,,16180,0,16180
USAID,"Printer supply procurement for BH, Prosp Afr, PA",3/1/2025,,16119,0,16119
USAID,Renew MBTI subscription and purchase codes for training.,3/1/2025,,15975,0,15975
USAID,IT items for USAID KZ,3/1/2025,,15780,0,15780
USAID,IT hardware from Countertrade,3/1/2025,,15577,0,15577
USAID,Purchasing of a contractor for the maintenance of Printers for Cameroon - EOY 2021,3/1/2025,,15500,0,15500
USAID,House No 1- to 4 Security Upgrade on Doors and windows,3/1/2025,,15431,0,15431
USAID,40 units of Dell monitor for USAID/RDMA & ARTC as per attached quote.,3/1/2025,,15400,0,15400
USAID,To hire an Expenditure Reporting Consultant to provide technical assistance to our local implementing partners in meeting the annual expenditure reporting requirements for PEPFAR programs.,3/1/2025,,15375,0,15375
USAID,In House Refreshment for the MD's meeting with different stakeholders for a total cost of $5000,3/1/2025,,15333,0,15333
USAID,"Monthly alternate internet services for the USAID/Colombia building from 12/01/2024 to 11/30/2025, 350MBs.",3/1/2025,,15308,0,15308
USAID,Annual TOAD FOR ORACLE PER SEAT MAINTENANCE RENEWAL,3/1/2025,,15293,0,15293
USAID,"Local legal services to advise on whether specified Government of Colombia ministries, institutions and units have law enforcement authority. Advise on local staff pension and retirement issues and potential, related legal vulnerabilities.",3/1/2025,,15000,0,15000
USAID,"Ten animated video production services for USAID/Mexico during the period of performance from October 1 2024 to September 30, 2025.",3/1/2025,,15000,0,15000
USAID,PO for IC Conference Rooms,3/1/2025,,15000,0,15000
USAID,"To provide the USAID/Tanzania Mission with Legal Services for one year. The total amount is $15,000. The performance period of this purchase order is from October 01, 2024 to September 30, 2025.",3/1/2025,,15000,0,15000
USAID,Recyclable Canteen and Event Supplies,3/1/2025,,14706,0,14706
USAID,"Annual Cannon Capsule, Deep cleaning ) service for RDMA and ARTC",3/1/2025,,14700,0,14700
USAID,Stationery - Office Supplies for 2025 Calendar Year.,3/1/2025,,14663,0,14663
USAID,Sat Phones Subscription Renewal and New SIM Cards & Subscription,3/1/2025,,14600,0,14600
USAID,Pre-employment & pre-travel medical clearance of FSN's,3/1/2025,,14526,3550,10976
USAID,"Venue for USAID IP meeting, Jan 30, 2025",3/1/2025,,14412,0,14412
USAID,To add $586.00 for preventive and corrective maintenance for 18 photocopy machines,3/1/2025,,14359,0,14359
USAID,Researcher will assist the USAID Gender Team Lead in researching,3/1/2025,,14320,0,14320
USAID,Purchase of IT accessories and supplies,3/1/2025,,14093,0,14093
USAID,R24-473 [EXO0092641] Dell Monitors for USAID/BURMA,3/1/2025,,14089,0,14089
USAID,General Moving Services.,3/1/2025,,13889,0,13889
USAID,To Procure basic annual EPT package for the 2022-2023 year with total cost of $4600,3/1/2025,,13800,0,13800
USAID,Purchase of Mobile Devices for USAID/Yemen,3/1/2025,,13780,0,13780
USAID,SAMIFIN procurement of software and spare parts for hardware,3/1/2025,,13687,0,13687
USAID,17 units of SAT phone renewal Service for a year,3/1/2025,,13583,0,13583
USAID,DMND0005666 Procure Tableau Creator Server 15 Users,3/1/2025,,13530,0,13530
USAID,"Duolingo English Language Proficiency Testing services (Quantity: 150 Coupons, Price: $45 Each). The total amount is $6,750. The performance period of this purchase order is from October 01, 2024 to September 30, 2025.",3/1/2025,,13500,0,13500
USAID,Conference room rental and logistics services for the PRO - External eight (8) Breakfast Meetings with Private Sector 2024 ATTEDANCE CONFIRMATION: Number of participants will be informed (48) hours prior to each event. The number of meals must be the same in concordance and up to (20) per event. CANCELACION POLICY: USAID Colombia has (48) hours prior to the event date to cancel without charge. USAID/Colombia can reschedule the total of the events or cancel according to request from the technical office.,3/1/2025,,13435,0,13435
USAID,"CIO VC equipment for Tel Aviv And Jerusalem per the attached price quote dated 09/12/2024 - total amount is $13,300 -INC3525791 - Large Google Meet Kit, Rally Mic, Rally Hub, and Rally Cords for USAID",3/1/2025,,13300,0,13300
USAID,oseout Audit of Stitching Agriterra- GROW Coop,3/1/2025,,13251,0,13251
USAID,"Purchase order for equipment: Dell P2722H 27in Monitor [47QTCA18D008H] USAID STANDARD CONFIGURATION, 30 pcs, in amount of USD 13,164 including Asset Tagging and freight.",3/1/2025,,13117,0,13117
USAID,"Financial audit services by a BPA holder to perform a financial audit for the U.S. Agency for International Development (USAID) resources managed by the African Network for the Care of Children Affected by HIV/AIDS (ANECCA) under USAID Local Partner Health Services (LPHS) – Karamoja Activity under Cooperative Agreement No. 72061722CA00001, and any USAID funded sub awards for the period from October 1, 2021 to September 30, 2022.",3/1/2025,,13112,0,13112
USAID,OIG - IT Supplies.,3/1/2025,,13093,0,13093
USAID,BPA Call for the purchase of Hardware (UPSs) and cost for delivery.,3/1/2025,,13014,0,13014
USAID,To commit OE funds to procure 20 units of standing desks for Fiji staff. SUV-24-292,3/1/2025,,13000,0,13000
USAID,BFG ANNUAL DUES,3/1/2025,,13000,0,13000
USAID,To Procure HR Staff Team License,3/1/2025,,13000,0,13000
USAID,ChatGPT,3/1/2025,,12977,0,12977
USAID,"USAID/Ethiopia will be holding an IP meeting on/around August 29, 2023 to introduce the incoming Mission Director.",3/1/2025,,12819,0,12819
USAID,"PRESS CLUB SERVICES, Administrator's visit",3/1/2025,,12778,0,12778
USAID,Purchase Order for Medical Services for Pre-travel and Pre-employment medical check ups for CCNPSCs,3/1/2025,,12694,0,12694
USAID,USAID Laos: iPhone 13 for USAID/LAOS Staffs (10 Units),3/1/2025,,12666,0,12666
USAID,"El Salvador Purchase of 10 iPhone 13 (6.1"") 256GB (Midnight) w/ Screen Protector and Case Kit (A2482)",3/1/2025,,12566,0,12566
USAID,To procure networking cables (CAT-6) and other accessories which we need for upcoming project to restructure cubicles.,3/1/2025,,12454,0,12454
USAID,25 Monitors for USAID Tajikistan,3/1/2025,,12294,0,12294
USAID,Renew ArcGIS and Tableau Licenses for USAID/Guatemala staff,3/1/2025,,12262,0,12262
USAID,FINANCIAL AUDITING SERVICES OF THE LOCAL CURRENCY TRUST FUND RESOURCES MANAGED BY USAID/HONDURAS.,3/1/2025,,12225,0,12225
USAID,30 x Dell 24-in Monitors for Burma _For :R23-373 [EXO0060271],3/1/2025,,12219,0,12219
USAID,"To provide the USAID/Tanzania Mission with preventive maintenance services for the multifunction printers and photocopiers for one year. The total amount is $12,200. The performance period of this purchase order is from October 01, 2024 to September 30, 2025.",3/1/2025,,12200,0,12200
USAID,Mission OE-SP FUNDS - IT Equipment - OE-SP,3/1/2025,,12160,0,12160
USAID,"M/OAA/PDT to purchase four class sessions from Public Contracting Institute (PCI) which comprise of one Contract Changes Clause Training classes, one Contract Changes Clause Training class, and two Cost Principles and FAR Part 31 class totaling $12000.",3/1/2025,,12000,0,12000
USAID,"4 Additional Class sessions to be purchased from PCI: two sessions of Contract Changes Clause class, one session of Intellectual Property and Data Rights class and one session of Cost and FAR 31 class.",3/1/2025,,12000,0,12000
USAID,"To procure annual subscription of recruitment assessment services via annual subscription to TestGorilla for year 2025, covering December 29, 2024 to December 28, 2025",3/1/2025,,12000,0,12000
USAID,"Interpretation Services for Young Professionals visit Washington D.C., May 09-15, 2024",3/1/2025,,11989,0,11989
USAID,Botswana - Supply of 1x Color Laser Jet Enterprise Flow MFP M776Zs (220V) Printer for Botswana,3/1/2025,,11978,0,11978
USAID,Smart-UPS - Computer Center,3/1/2025,,11928,0,11928
USAID,JB Traducoes - Translation Services. The purpose of this requisition is to pay for JB Traducoes - Translation Services.,3/1/2025,,11902,0,11902
USAID,4th of July Event Supplies,3/1/2025,,11848,0,11848
USAID,To procure 4 units of 2.2 KVA UPS for the networking devices.,3/1/2025,,11592,0,11592
USAID,Curved Dell monitors for MERP,3/1/2025,,11560,0,11560
USAID,"PRO/ OAA - PT MNC Land Tbk/ Park Hyatt Hotel Jakarta - Venue and meeting packages for USAID Implementing Partners Meeting in Jakarta on December 5, 2024 for up to 170 pax",3/1/2025,,11500,0,11500
USAID,"Purchase of iPhones for the mission users - iPhone 15 (6.1"") 128GB w/ Screen Protector and Case Kit - physical SIM",3/1/2025,,11496,0,11496
USAID,Purchase of iPhones 15,3/1/2025,,11446,0,11446
USAID,IT equipment for USAID/Belarus from CounterTrade,3/1/2025,,11381,0,11381
USAID,USAID/RMCA Almaty Office redesign services,3/1/2025,,11290,0,11290
USAID,Renewal of 15 Iridium prepaid Satellite phone subscriptions,3/1/2025,,11235,0,11235
USAID,Industrial Cleaning Equipment in the Ubunye Building,3/1/2025,,11194,899,10295
USAID,"The purpose of this requisition is to rent a venue for the local organization learning forum which is going to be conducted on December 13, 2023. Meeting participants will be 250 people with the total cost of $13,000.00.",3/1/2025,,11068,0,11068
USAID,"Request to purchase: 24 inch monitor, 30 qty for RDMA",3/1/2025,,11004,0,11004
USAID,Legal Services for USAID/Namibia,3/1/2025,,10912,0,10912
USAID,IT Supplies procurement request,3/1/2025,,10895,0,10895
USAID,Counseling services under BPA,3/1/2025,,10874,0,10874
USAID,ChatGPT Enterprise,3/1/2025,,10857,0,10857
USAID,12 licenses of Tableau-Creator (Server) 12 months period for USAID/Mexico staff.,3/1/2025,,10824,0,10824
USAID,"To procure IT accessories like keyboard, mouse, laptop locks and laptop adapters",3/1/2025,,10818,0,10818
USAID,Servicing of all USAID Mission Monrovia printers/photocopiers on an annual basis with the possibility of exercising a Four year option,3/1/2025,,10800,0,10800
USAID,To Purchase Monitors and Printer,3/1/2025,,10659,0,10659
USAID,Data Seed buy in and licenses,3/1/2025,,10638,0,10638
USAID,Specialized French FSI Preparation Lessons with Live Lingua,3/1/2025,,10530,0,10530
USAID,PURCHASE OF GENERATOR SERVICE PARTS FOR 800 KVA,3/1/2025,,10505,0,10505
USAID,"To hire legal firm for period one year Oct. 21, 2022 - Oct. 20, 2023",3/1/2025,,10500,0,10500
USAID,The GH/ID Emerging Threats Division will be purchasing a FCR 201 course for their direct hires in order to properly train their workforce to complete their official duties.,3/1/2025,,10452,0,10452
USAID,Google - Hangout Meet Hardware Kits - HMD,3/1/2025,,10420,0,10420
USAID,For :R24-277 [EXO0082246] Various IT supplies for USAID/BURMA,3/1/2025,,10403,0,10403
USAID,To procure legal service for the Djibouti Mission.,3/1/2025,,10395,0,10395
USAID,Apple Mobility Mobile Device IDIQ,3/1/2025,,10369,0,10369
USAID,"Purchase of 250 Logitech High-performance USB Headset H540 for Windows and Mac, Skype Certified, Black for USAID/Malawi",3/1/2025,,10350,0,10350
USAID,USAID BUILDING INERIOR PAINTING,3/1/2025,,10263,0,10263
USAID,Task Order for the purchase of iPhones and accessories for the USAID/Jamaica Mission.,3/1/2025,,10233,0,10233
USAID,USAID/SA - 09 x Adobe Monthly Renewal Subscription and 1 x New Adobe License for Angola.,3/1/2025,,10200,0,10200
USAID,To upgrade memories for Dell laptops mission wide,3/1/2025,,10136,0,10136
USAID,Printer for USAID/Almaty,3/1/2025,,10067,0,10067
USAID,"iPads, Airpods and keyboard for USAID/Astana",3/1/2025,,10062,0,10062
USAID,To procure Kenyan Sign Language Training for Mission Staff,3/1/2025,,10060,0,10060
USAID,Pillar 5 Media Monitoring Services,3/1/2025,,10059,0,10059
USAID,Network cable (CAT-6) - to procure networking cable for restructuring of cubicles.,3/1/2025,,10050,0,10050
USAID,3141 Air Purifiers,3/1/2025,,10050,0,10050
USAID,20 Monitors for USAID/KR,3/1/2025,,10009,0,10009
USAID,Color printers for the 6th floor - USAID Moldova,3/1/2025,,9647,0,9647
USAID,Ornamental plants for USAID/THAILAND RDMA & ARTC,3/1/2025,,9492,0,9492
USAID,This is a Firm-Fixed-Price Commercial Item Purchase Order to Bell communication limited to provide Virtual Private Network Service to the mission for a base year 2023/2024. Based on the Vendor's performance USAID/Tanzania may exercise option year one (2024/2025) after base year option year two(2025/2026)after option year one option year three(2026/2027)after option year two option year four(2027/2028)after option year three,3/1/2025,,9339,0,9339
USAID,The purpose of this BPA Call is to purchase Data Analysis Tools And Software for Enhanced Evidence and Decisions (DATASEED),3/1/2025,,8831,0,8831
USAID,The authorized agent is requested to issue a Purchase Order for a performance period of five years (60 months) with the purpose to extend the existing mobile services from Orange service Provider via current Sim Cards for 15 mission iPads.,3/1/2025,,7065,0,7065
USAID,PRINTING SERVICES FOR USAID PAKISTAN,3/1/2025,,3950,0,3950
USAID,Retain the Gardener at Temple house during the transition of the Mission Directors who will maintain the garden and premises.,3/1/2025,,3919,0,3919
USAID,Safe Water Activity,3/1/2025,,18440127,2000000,16440127
USAID,USAID/SA - 2024-2025 ArcGIS licenses renewal through CIO DataSeed program,3/1/2025,,15378,0,15378
USAID,Mission Coaching Program.,3/1/2025,,55255,0,55255
USAID,The purpose of this requisition is RAAO retreat,3/1/2025,,12000,0,12000
USAID,"This pre-obligation checklist serves to issue an unfunded requisition. The Authorized Agent is requested to issue a Request for Proposals (RFP) for a Local Indefinite Delivery/Indefinite Quantity (IDIQ) Contract in the amount of $5 million to procure qualified engineering firms to provide all kinds of Architecture and Engineering (A&E) services, ranging from quick response to short and long-term services for the various infrastructure projects implemented by USAID/Mozambique. For more details refer to the attached documentation. 1) HSS PAD Amendment; 2) Selection of Instrument Memo; 3) SOW; 4)IGCE; 5) IAP; 6) IEE; 7) Construction Risk Assessment; 8) Climate Risk Management Tool.",3/1/2025,,5000000,4995000,5000
USAID,"This pre-obligation checklist serves to issue an unfunded requisition. The Authorized Agent is requested to issue a Request for Proposals (RFP) for a Local Indefinite Delivery/Indefinite Quantity (IDIQ) Contract in the amount of $5 million to procure qualified engineering firms to provide all kinds of Architecture and Engineering (A&E) services, ranging from quick response to short and long-term services for the various infrastructure projects implemented by USAID/Mozambique. For more details refer to the attached documentation. 1) HSS PAD Amendment; 2) Selection of Instrument Memo; 3) SOW; 4)IGCE; 5) IAP; 6) IEE; 7) Construction Risk Assessment; 8) Climate Risk Management Tool.",3/1/2025,,5000000,4995000,5000
USAID,"This pre-obligation checklist serves to issue an unfunded requisition. The Authorized Agent is requested to issue a Request for Proposals (RFP) for a Local Indefinite Delivery/Indefinite Quantity (IDIQ) Contract in the amount of $5 million to procure qualified engineering firms to provide all kinds of Architecture and Engineering (A&E) services, ranging from quick response to short and long-term services for the various infrastructure projects implemented by USAID/Mozambique. For more details refer to the attached documentation. 1) HSS PAD Amendment; 2) Selection of Instrument Memo; 3) SOW; 4)IGCE; 5) IAP; 6) IEE; 7) Construction Risk Assessment; 8) Climate Risk Management Tool.",3/1/2025,,5000000,4995000,5000
USAID,"This pre-obligation checklist serves to issue an unfunded requisition. The Authorized Agent is requested to issue a Request for Proposals (RFP) for a Local Indefinite Delivery/Indefinite Quantity (IDIQ) Contract in the amount of $5 million to procure qualified engineering firms to provide all kinds of Architecture and Engineering (A&E) services, ranging from quick response to short and long-term services for the various infrastructure projects implemented by USAID/Mozambique. For more details refer to the attached documentation. 1) HSS PAD Amendment; 2) Selection of Instrument Memo; 3) SOW; 4)IGCE; 5) IAP; 6) IEE; 7) Construction Risk Assessment; 8) Climate Risk Management Tool.",3/1/2025,,5850000,5845000,5000
USAID,Procurement of iPhones for USAID/Liberia Mission,3/1/2025,,71092,0,71092
USAID,Renewal of 13 x Tableau licenses,3/1/2025,,11726,0,11726
USAID,99999_E3LTRM_The Strengthening Tenure and Resource Rights (STARR) II IDIQ,3/1/2025,,25000,0,25000
USAID,Strengthening Tenure and Resource Rights (STARR ) II,3/1/2025,,25000,0,25000
USAID,Strengthening Tenure and Resource Rights (STARR ) II,3/1/2025,,25000,0,25000
USAID,Strengthening Tenure and Resource Rights (STARR ) II,3/1/2025,,25000,0,25000
USAID,Strengthening Tenure and Resource Rights (STARR ) II,3/1/2025,,25000,0,25000
USAID,Strengthening Tenure and Resource Rights (STARR ) II,3/1/2025,,25000,0,25000
USAID,Strengthening Tenure and Resource Rights (STARR ) II,3/1/2025,,25000,0,25000
USAID,Public Finance Management-PFM II IDIQ,3/1/2025,,25000,0,25000
USAID,Public Finance Management-PFM II IDIQ,3/1/2025,,25000,0,25000
USAID,Public Finance Management-PFM II IDIQ,3/1/2025,,25000,0,25000
USAID,Public Finance Management-PFM II IDIQ,3/1/2025,,25000,0,25000
USAID,Public Finance Management-PFM II IDIQ,3/1/2025,,25000,0,25000
USAID,Public Finance Management-PFM II IDIQ,3/1/2025,,25000,0,25000
USAID,Public Finance Management-PFM II IDIQ,3/1/2025,,25000,0,25000
USAID,Public Finance Management-PFM II IDIQ,3/1/2025,,25000,0,25000
USAID,Public Finance Management-PFM II IDIQ,3/1/2025,,25000,0,25000
USAID,Public Finance Management-PFM II IDIQ,3/1/2025,,25000,0,25000
USAID,USAID/RDMA Regional Communications Support Platform,3/1/2025,,2000000,2000000,0
USAID,IGF::OT::IGF Community Support Program in Lebanon.,3/1/2025,,50000,0,50000
USAID,21 user STATA Renewal through DATASEED,3/1/2025,,12918,0,12918
USAID,USAID Integrated Health Systems (IHS) IDIQ,3/1/2025,,25000,0,25000
USAID,USAID Integrated Health Systems (IHS) IDIQ,3/1/2025,,25000,0,25000
USAID,USAID Integrated Health Systems (IHS) IDIQ,3/1/2025,,25000,0,25000
USAID,New PPL/LER Evaluation IDIQs,3/1/2025,,10000,0,10000
USAID,New PPL/LER Evaluation IDIQs,3/1/2025,,10000,0,10000
USAID,"Libya Monitoring, Evaluation and Learning Activity",3/1/2025,,5534676,31027,5503649
USAID,"Namibia - Supply of Monitors, Printers, Docking Stations and Toners.",3/1/2025,,32620,0,32620
USAID,8 x HP MFP (Printers) to replace End Of Life models M880,3/1/2025,,59469,0,59469
USAID,"USAID/SA - Supply and Delivery of 8 x HP MHP 776Z Printers and 15 x Dell 35"" Monitors.",3/1/2025,,72164,0,72164
USAID,7 x HP MFP 776 printers,3/1/2025,,52128,0,52128
USAID,USAID/SA - Supply and Delivery of 30 x Dell Curve Monitor and 10 x Secure Flash Drives.,3/1/2025,,24355,0,24355
USAID,USAID/SA - Supply and Delivery of 30 x Dell Curve Monitors.,3/1/2025,,21575,0,21575
USAID,USAID/SA - Supply and Delivery of 60 x Dell Monitors.,3/1/2025,,23141,0,23141
USAID,Assistance 201 course (in person) for USAID Niger,3/1/2025,,54359,0,54359
USAID,"This action is to procure various IT equipment per attached quotes from Counter Trade Products: B436618, B436621, and B436623, under the IT Device Refresh Project, in the amount of $125,548.81.",3/1/2025,,53197210,17303311,35893899
USAID,"Provision of Consultant and advisory services: Evaluations, assessments and analyses, Workshops, conferences and events, logistics and supply chain services.",3/1/2025,,19000000,19000000,0
USAID,Institutional Support,3/1/2025,,3104306,211122,2893184
USAID,Dell monitors and accessories for USAID/Niger,3/1/2025,,20734,0,20734
USAID,20 Monitors 34inches and 10 Dell dock station,3/1/2025,,20512,0,20512
USAID,Architect Engineer Services Indefinite Delivery Indefinite Quantity contract,3/1/2025,,10000,0,10000
USAID,Architect Engineer Services Indefinite Delivery Indefinite Quantity contract,3/1/2025,,10000,0,10000
USAID,Architect Engineer Services Indefinite Delivery Indefinite Quantity contract,3/1/2025,,10000,0,10000
USAID,Architect Engineer Services Indefinite Delivery Indefinite Quantity contract,3/1/2025,,10000,0,10000
USAID,Architect Engineer Services Indefinite Delivery Indefinite Quantity contract,3/1/2025,,10000,0,10000
USAID,Architect Engineer Services Indefinite Delivery Indefinite Quantity contract,3/1/2025,,10000,0,10000
USAID,Architect Engineer Services Indefinite Delivery Indefinite Quantity contract,3/1/2025,,10000,0,10000
USAID,LGEE - Local Governance Enabling Environment Activity,3/1/2025,,38500000,38500000,0
USAID,USAID Local Governance Strengthening Program (LOGOS),3/1/2025,,27658888,27658888,0
USAID,USAID KEA Warehousing & Distribution of Family Planning Commodities,3/1/2025,,2688377,900000,1788377
USAID,"Analytical Services IV (ASIV) IDIQ - The purpose of this Indefinite Delivery Indefinite Quantity (IDIQ) contract is to provide the Bureau for Democracy, Conflict and Humanitarian Assistances Center of Excellence on Democracy, Human Rights, and Governance (DCHA/DRG) with the analytic means and resources to inform mission, bureau, and agency strategies, policies, program design, planning, and decision making; and secondarily, to provide USAID missions and other operating units the means to source rapid response analytic, and expert advisory/programmatic support during periods of rapidly evolving political change (typified in crisis, post conflict, and transitioning countries). Analytic services under this IDIQ will improve USAIDs ability to promote resilient, democratic societies, and to support U.S foreign policy objectives. Support for Democracy, Human Rights, and Governance (DRG) is vital to the pursuit of freedom and national security, and is essential to achieve the agencys and the United States Governments broader social and economic development goals.",3/1/2025,,25000,0,25000
USAID,"Analytical Services IV (ASIV) IDIQ - The purpose of this Indefinite Delivery Indefinite Quantity (IDIQ) contract is to provide the Bureau for Democracy, Conflict and Humanitarian Assistances Center of Excellence on Democracy, Human Rights, and Governance (DCHA/DRG) with the analytic means and resources to inform mission, bureau, and agency strategies, policies, program design, planning, and decision making; and secondarily, to provide USAID missions and other operating units the means to source rapid response analytic, and expert advisory/programmatic support during periods of rapidly evolving political change (typified in crisis, post conflict, and transitioning countries). Analytic services under this IDIQ will improve USAIDs ability to promote resilient, democratic societies, and to support U.S foreign policy objectives. Support for Democracy, Human Rights, and Governance (DRG) is vital to the pursuit of freedom and national security, and is essential to achieve the agencys and the United States Governments broader social and economic development goals.",3/1/2025,,25000,0,25000
USAID,"Analytical Services IV (ASIV) IDIQ - The purpose of this Indefinite Delivery Indefinite Quantity (IDIQ) contract is to provide the Bureau for Democracy, Conflict and Humanitarian Assistances Center of Excellence on Democracy, Human Rights, and Governance (DCHA/DRG) with the analytic means and resources to inform mission, bureau, and agency strategies, policies, program design, planning, and decision making; and secondarily, to provide USAID missions and other operating units the means to source rapid response analytic, and expert advisory/programmatic support during periods of rapidly evolving political change (typified in crisis, post conflict, and transitioning countries). Analytic services under this IDIQ will improve USAIDs ability to promote resilient, democratic societies, and to support U.S foreign policy objectives. Support for Democracy, Human Rights, and Governance (DRG) is vital to the pursuit of freedom and national security, and is essential to achieve the agencys and the United States Governments broader social and economic development goals.",3/1/2025,,25000,0,25000
USAID,"Analytical Services IV (ASIV) IDIQ - The purpose of this Indefinite Delivery Indefinite Quantity (IDIQ) contract is to provide the Bureau for Democracy, Conflict and Humanitarian Assistances Center of Excellence on Democracy, Human Rights, and Governance (DCHA/DRG) with the analytic means and resources to inform mission, bureau, and agency strategies, policies, program design, planning, and decision making; and secondarily, to provide USAID missions and other operating units the means to source rapid response analytic, and expert advisory/programmatic support during periods of rapidly evolving political change (typified in crisis, post conflict, and transitioning countries). Analytic services under this IDIQ will improve USAIDs ability to promote resilient, democratic societies, and to support U.S foreign policy objectives. Support for Democracy, Human Rights, and Governance (DRG) is vital to the pursuit of freedom and national security, and is essential to achieve the agencys and the United States Governments broader social and economic development goals.",3/1/2025,,25000,0,25000
USAID,"The Female Empowerment Activity (FEMPOW), also called Mujeres Poderosas in Spanish, aims to empower women and girls. It will do this by engaging the private sector to reduce gender-based violence, positively transform gender norms and attitudes, and create economic opportunities for women. FEMPOW will also seek to support the U.S. Agency for International Development in Colombia’s (USAID/Colombia) programming in Rural Development Plan with Territorial Approach (PDET) municipalities.",3/1/2025,,36940507,8685700,28254807
USAID,The goal of Famine Early Warning Systems Network (FEWS NET) 7 is to sustainably prevent food insecurity and famine.,3/1/2025,,25000,0,25000
USAID,The goal of Famine Early Warning Systems Network (FEWS NET) 7 is to sustainably prevent food insecurity and famine.,3/1/2025,,25000,0,25000
USAID,The goal of Famine Early Warning Systems Network (FEWS NET) 7 is to sustainably prevent food insecurity and famine.,3/1/2025,,25000,0,25000
USAID,The FEWS NET 7 restricted solicitation and award to be processed.,3/1/2025,,25000,0,25000
USAID,"The purpose of the Visit Tunisia activity is to capitalize on Tunisia's natural, cultural, heritage and historical sites to develop a more diversified and high quality sector that contributes to broad based economic growth.",3/1/2025,,49287901,26787905,22499996
USAID,"In response to Colombia recent surge in deforestation and biodiversity loss, the purpose of the Amazon Alive Activity is to (1) improve the effectiveness of the environmental crime prevention and prosecution and (2) improve the effectiveness of forest conservation and management. This is an integrated activity to contribute to Colombian development by strengthening social cohesion, responsive governance an environmentally sustainable economic development.",3/1/2025,,35858308,9178339,26679969
USAID,Initial obligation for individual IDIQ awards under SWIFT 5.,3/1/2025,,25000,0,25000
USAID,Initial obligation for individual IDIQ awards under SWIFT 5.,3/1/2025,,25000,0,25000
USAID,Initial obligation for individual IDIQ awards under SWIFT 5.,3/1/2025,,25000,0,25000
USAID,Initial obligation for individual IDIQ awards under SWIFT 5.,3/1/2025,,25000,0,25000
USAID,Initial obligation for individual IDIQ awards under SWIFT 5.,3/1/2025,,25000,0,25000
USAID,Initial obligation for individual IDIQ awards under SWIFT 5.,3/1/2025,,25000,0,25000
USAID,Initial obligation for individual IDIQ awards under SWIFT 5.,3/1/2025,,25000,0,25000
USAID,Initial obligation for individual IDIQ awards under SWIFT 5.,3/1/2025,,25000,0,25000
USAID,Initial obligation for individual IDIQ awards under SWIFT 5 Support.,3/1/2025,,25000,0,25000
USAID,Initial obligation for individual IDIQ awards under SWIFT 5 Support.,3/1/2025,,25000,0,25000
USAID,Initial obligation for individual IDIQ awards under SWIFT 5 Support.,3/1/2025,,25000,0,25000
USAID,Iraq Durable Communities and Economic Opportunities Solicitation,3/1/2025,,125000000,103900000,21100000
USAID,"The purpose of this activity is to provide Architecture and Engineering services (A&E) to USAID/Lebanon through an A&E firm. The firm will provide an independent Quality Assurance (QA) oversight over all engineering and construction activities undertaken by the Mission’s Implementing Partners (IPs) under other separate awards, and will advise USAID/Lebanon on all engineering and construction related matters.",3/1/2025,,19000000,18985000,15000
USAID,Building Resilience and Inclusive Communities in Conflict (BRICC),3/1/2025,,50000,0,50000
USAID,Building Resilience and Inclusive Communities in Conflict (BRICC),3/1/2025,,50000,0,50000
USAID,Building Resilience and Inclusive Communities in Conflict (BRICC),3/1/2025,,50000,0,50000
USAID,Building Resilience and Inclusive Communities in Conflict (BRICC),3/1/2025,,50000,0,50000
USAID,Building Resilience and Inclusive Communities in Conflict (BRICC),3/1/2025,,50000,0,50000
USAID,Building Resilience and Inclusive Communities in Conflict (BRICC),3/1/2025,,50000,0,50000
USAID,The Inclusive Justice activity's principal purpose is to acquire and direct Agency-specified services to strengthen the capacity of Colombian government institutions and actors responsible for providing justice services to citizens in conflict-affected regions.,3/1/2025,,74457013,29832608,44624405
USAID,Justicia Efectiva Activity (also referred to as Effective Justice to Combat Criminality and Corruption and JECCC Activity),3/1/2025,,47837287,20779987,27057300
USAID,IDIQ # 1 - Northern Region Teixeira Duarte Engenharia e Construcoes Mocambique,3/1/2025,,28000000,28000000,0
USAID,IDIQ # 1: Northern Region - CADG,3/1/2025,,28000000,28000000,0
USAID,USAID Mission Construction Services - IDIQ # 2: Central Region - DFSMO,3/1/2025,,28000000,28000000,0
USAID,USAID Mission Construction Services - SS Construcoes,3/1/2025,,28000000,28000000,0
USAID,"USAID Mission Construction Services - C.M.C Africa Austral, Lda",3/1/2025,,28000000,28000000,0
USAID,"USAID Mission Construction Services - C.M.C Africa Austral, Lda",3/1/2025,,14000000,14000000,0
USAID,USAID Mission Construction Services - DFSMO,3/1/2025,,14000000,14000000,0
USAID,"USAID Mission Construction Services - SS Construcoes Mocambique, Lda",3/1/2025,,14000000,14000000,0
USAID,"Contrat the following trainings: Supervisory Certification Course, Introduction to the Program Cycle, and Assistance 201.",3/1/2025,,163281,0,163281
USAID,EVAL ME II Monitoring Evaluation Learning Services,3/1/2025,,10000,0,10000
USAID,New PPL/LER Evaluation IDIQs,3/1/2025,,10000,0,10000
USAID,New PPL/LER Evaluation IDIQs,3/1/2025,,10000,0,10000
USAID,PPL/LER New Evaluation IDIQs,3/1/2025,,10000,0,10000
USAID,PPL/LER New Evaluation IDIQs,3/1/2025,,10000,0,10000
USAID,PPL/LER New Evaluation IDIQs,3/1/2025,,10000,0,10000
USAID,PPL/LER New Evaluation IDIQs,3/1/2025,,10000,0,10000
USAID,PPL/LER New Evaluation IDIQs,3/1/2025,,10000,0,10000
USAID,New PPL/LER IDIQs,3/1/2025,,10000,0,10000
USAID,New PPL/LER IDIQs,3/1/2025,,10000,0,10000
USAID,New PPL/LER IDIQs,3/1/2025,,10000,0,10000
USAID,New PPL/LER Evaluation IDIQs,3/1/2025,,10000,0,10000
USAID,PPL/LER EVAL-ME II IDIQ,3/1/2025,,10000,0,10000
USAID,USAID West Bank & Gaza Architect & Engineering Services Activity,3/1/2025,,1000000,0,1000000
USAID,Financial Management Services Activity,3/1/2025,,250000,155000,95000
USAID,Financial Management Support Services to the Mission,3/1/2025,,250000,155000,95000
USAID,Financial Management Services Activity,3/1/2025,,250000,80000,170000
USAID,"The purpose of the EF activity is to acquire and direct Agency-specified services to improve the supply and demand of formal financial services in rural, underserved and conflict regions, and mobilize long-term capital needed to leverage financial sector resources for USAID/Colombia’s programming as outlined in the Country Development Cooperation Strategy (CDCS).",3/1/2025,,28247575,9845818,18401757
USAID,"The purpose of the Activity is to build sustainable business models for Colombia's nature tourism sector that support community development, conserve the country's rich biodiversity, and reduce major drivers of land use and land use change that contribute to greenhouse gas in Colombia. Building on successful models of previous nature tourism programs developed in Colombia, including approaches under various USAID activities, and how it will scale them and work in concert with other USAID/Colombia programs to address the root causes of environmental degradation, deforestation, and climate change in Colombia.",3/1/2025,,39389806,17596498,21793308
USAID,IDIQ Moldova Effective Justice,3/1/2025,,19500000,19500000,0
USAID,USAID|Kenya and East Africa Reading for East African's Development (READ) IDIQ.,3/1/2025,,10000,0,10000
USAID,USAID|Kenya and East Africa Reading for East African's Development (READ) IDIQ.,3/1/2025,,10000,0,10000
USAID,USAID|Kenya and East Africa/ Reading for East African's Development (READ) IDIQ.,3/1/2025,,10000,0,10000
USAID,USAID|Kenya and East Africa Reading for East African's Development (READ) IDIQ.,3/1/2025,,10000,0,10000
USAID,USAID|Kenya and East Africa Reading for East African's Development (READ) IDIQ.,3/1/2025,,10000,0,10000
USAID,USAID|Kenya and East Africa Reading for East African's Development (READ) IDIQ.,3/1/2025,,10000,0,10000
USAID,USAID|Kenya and East Africa Reading for East African's Development (READ) IDIQ.,3/1/2025,,10000,0,10000
USAID,"The objective of this contract is to provide services to expand licit, profitable and climate-smart agri-business models for Colombia rural producers and value chain actors in conflict- affected regions with high prevalence of illicit crops.",3/1/2025,,51580353,28967287,22613066
USAID,Request for new activity under education portfolio: Esho Shikhi (Come and Learn),3/1/2025,,38500000,38500000,0
USAID,"USAID Urban WASH Activity. The purpose of this contract is to procure technical assistance and construction services for the implementation of the USAID Urban Water, Sanitation and Hygiene (WASH) activities to strengthen urban WASH service delivery in Ethiopia.",3/1/2025,,44950000,22450000,22500000
USAID,"The purpose of the Productive Ecosystems Activity (PEA) is to improve human well-being and biodiversity conservation by engaging key stakeholders, particularly the private sector, in the implementation of nature-based solutions that preserve ecosystems and ecosystem services.",3/1/2025,,47033111,30546252,16486859
USAID,Economic Foundations for a Resilient Armenia activity,3/1/2025,,24495000,6440000,18055000
USAID,"The purpose of this contract is to provide services that fall within the Scope of Work (SOW) specified in Section C for infrastructure services, including infrastructure planning, engineering design, construction supervision, and related support; ranging from quick response to short and long-term services in the areas of water resources (surface water and groundwater), water supply, wastewater, environmental, on-shore and off-shore facilities, land and air transportation, geotechnical and underground resources, solid waste and hazardous materials handling and disposal, energy, telecommunications, vertical structures, seismic resilience of structures, and master planning of urban, industrial and commercial zones. USAID Task Order Contracting Officers (TOCO) will request the work through the issuance of task orders during the ordering period as specified in Section F of the contract.",3/1/2025,,10000,0,10000
USAID,"The purpose of this contract is to provide services that fall within the Scope of Work (SOW) specified in Section C for infrastructure services, including infrastructure planning, engineering design, construction supervision, and related support; ranging from quick response to short and long-term services in the areas of water resources (surface water and groundwater), water supply, wastewater, environmental, on-shore and off-shore facilities, land and air transportation, geotechnical and underground resources, solid waste and hazardous materials handling and disposal, energy, telecommunications, vertical structures, seismic resilience of structures, and master planning of urban, industrial and commercial zones. USAID Task Order Contracting Officers (TOCO) will request the work through the issuance of task orders during the ordering period as specified in Section F of the contract.",3/1/2025,,10000,0,10000
USAID,"The purpose of this contract is to provide services that fall within the Scope of Work (SOW) specified in Section C for infrastructure services, including infrastructure planning, engineering design, construction supervision, and related support; ranging from quick response to short and long-term services in the areas of water resources (surface water and groundwater), water supply, wastewater, environmental, on-shore and off-shore facilities, land and air transportation, geotechnical and underground resources, solid waste and hazardous materials handling and disposal, energy, telecommunications, vertical structures, seismic resilience of structures, and master planning of urban, industrial and commercial zones. USAID Task Order Contracting Officers (TOCO) will request the work through the issuance of task orders during the ordering period as specified in Section F of the contract.",3/1/2025,,10000,0,10000
USAID,"The purpose of this contract is to provide services that fall within the Scope of Work (SOW) specified in Section C for infrastructure services, including infrastructure planning, engineering design, construction supervision, and related support; ranging from quick response to short and long-term services in the areas of water resources (surface water and groundwater), water supply, wastewater, environmental, on-shore and off-shore facilities, land and air transportation, geotechnical and underground resources, solid waste and hazardous materials handling and disposal, energy, telecommunications, vertical structures, seismic resilience of structures, and master planning of urban, industrial and commercial zones. USAID Task Order Contracting Officers (TOCO) will request the work through the issuance of task orders during the ordering period as specified in Section F of the contract.",3/1/2025,,10000,0,10000
USAID,"The purpose of this contract is to provide services that fall within the Scope of Work (SOW) specified in Section C for infrastructure services, including infrastructure planning, engineering design, construction supervision, and related support; ranging from quick response to short and long-term services in the areas of water resources (surface water and groundwater), water supply, wastewater, environmental, on-shore and off-shore facilities, land and air transportation, geotechnical and underground resources, solid waste and hazardous materials handling and disposal, energy, telecommunications, vertical structures, seismic resilience of structures, and master planning of urban, industrial and commercial zones. USAID Task Order Contracting Officers (TOCO) will request the work through the issuance of task orders during the ordering period as specified in Section F of the contract.",3/1/2025,,10000,0,10000
USAID,"The purpose of this contract is to provide services that fall within the Scope of Work (SOW) specified in Section C for infrastructure services, including infrastructure planning, engineering design, construction supervision, and related support; ranging from quick response to short and long-term services in the areas of water resources (surface water and groundwater), water supply, wastewater, environmental, on-shore and off-shore facilities, land and air transportation, geotechnical and underground resources, solid waste and hazardous materials handling and disposal, energy, telecommunications, vertical structures, seismic resilience of structures, and master planning of urban, industrial and commercial zones. USAID Task Order Contracting Officers (TOCO) will request the work through the issuance of task orders during the ordering period as specified in Section F of the contract.",3/1/2025,,10000,0,10000
USAID,"The purpose of this contract is to provide services that fall within the Scope of Work (SOW) specified in Section C for infrastructure services, including infrastructure planning, engineering design, construction supervision, and related support; ranging from quick response to short and long-term services in the areas of water resources (surface water and groundwater), water supply, wastewater, environmental, on-shore and off-shore facilities, land and air transportation, geotechnical and underground resources, solid waste and hazardous materials handling and disposal, energy, telecommunications, vertical structures, seismic resilience of structures, and master planning of urban, industrial and commercial zones. USAID Task Order Contracting Officers (TOCO) will request the work through the issuance of task orders during the ordering period as specified in Section F of the contract",3/1/2025,,10000,0,10000
USAID,"DDI/EEI: Global architect-Engineer Services III Indefinite-Delivery, Indefinite-Quantity (A&E III IDIQ). Funding will be added to cover the minimum guarantee for one of the IDIQ holders, once contract is awarded. The objective of the A&E III IDIQ is to procure infrastructure services, including infrastructure planning, engineering design, construction supervision, and related support; ranging from quick response to short and long-term services.",3/1/2025,,10000,0,10000
USAID,"The purpose of this contract is to provide services that fall within the Scope of Work (SOW) specified in Section C for infrastructure services, including infrastructure planning, engineering design, construction supervision, and related support; ranging from quick response to short and long-term services in the areas of water resources (surface water and groundwater), water supply, wastewater, environmental, on-shore and off-shore facilities, land and air transportation, geotechnical and underground resources, solid waste and hazardous materials handling and disposal, energy, telecommunications, vertical structures, seismic resilience of structures, and master planning of urban, industrial and commercial zones. USAID Task Order Contracting Officers (TOCO) will request the work through the issuance of task orders during the ordering period as specified in Section F of the contract.",3/1/2025,,10000,0,10000
USAID,"The purpose of this contract is to provide services that fall within the Scope of Work (SOW) specified in Section C for infrastructure services, including infrastructure planning, engineering design, construction supervision, and related support; ranging from quick response to short and long-term services in the areas of water resources (surface water and groundwater), water supply, wastewater, environmental, on-shore and off-shore facilities, land and air transportation, geotechnical and underground resources, solid waste and hazardous materials handling and disposal, energy, telecommunications, vertical structures, seismic resilience of structures, and master planning of urban, industrial and commercial zones. USAID Task Order Contracting Officers (TOCO) will request the work through the issuance of task orders during the ordering period as specified in Section F of the contract.",3/1/2025,,10000,0,10000
USAID,"The purpose of this contract is to provide services that fall within the Scope of Work (SOW) specified in Section C for infrastructure services, including infrastructure planning, engineering design, construction supervision, and related support; ranging from quick response to short and long-term services in the areas of water resources (surface water and groundwater), water supply, wastewater, environmental, on-shore and off-shore facilities, land and air transportation, geotechnical and underground resources, solid waste and hazardous materials handling and disposal, energy, telecommunications, vertical structures, seismic resilience of structures, and master planning of urban, industrial and commercial zones. USAID Task Order Contracting Officers (TOCO) will request the work through the issuance of task orders during the ordering period as specified in Section F of the contract.",3/1/2025,,10000,0,10000
USAID,"The purpose of this contract is to provide services that fall within the Scope of Work (SOW) specified in Section C for infrastructure services, including infrastructure planning, engineering design, construction supervision, and related support; ranging from quick response to short and long-term services in the areas of water resources (surface water and groundwater), water supply, wastewater, environmental, on-shore and off-shore facilities, land and air transportation, geotechnical and underground resources, solid waste and hazardous materials handling and disposal, energy, telecommunications, vertical structures, seismic resilience of structures, and master planning of urban, industrial and commercial zones. USAID Task Order Contracting Officers (TOCO) will request the work through the issuance of task orders during the ordering period as specified in Section F of the contract.",3/1/2025,,10000,0,10000
USAID,Eswatini Purchase of iPhones,3/1/2025,,23865,0,23865
USAID,Purchase iPhone and iPads from CIO,3/1/2025,,112306,0,112306
USAID,Energy IDIQ,3/1/2025,,10000,0,10000
USAID,Energy II IDIQ,3/1/2025,,10000,0,10000
USAID,Energy II IDIQ,3/1/2025,,10000,0,10000
USAID,EGEE/EI/E Energy II IDIQ,3/1/2025,,10000,0,10000
USAID,EGEE/EI/E Energy II IDIQ,3/1/2025,,10000,0,10000
USAID,EGEE/EI/E Energy II IDIQ,3/1/2025,,10000,0,10000
USAID,Energy IDIQ,3/1/2025,,10000,0,10000
USAID,Energy IDIQ,3/1/2025,,10000,0,10000
USAID,Energy IDIQ,3/1/2025,,10000,0,10000
USAID,Water and Development II IDIQ,3/1/2025,,25000,0,25000
USAID,"Provide support for program-related services to USAID Missions operating in five Western Balkans countries: Albania, Bosnia and Herzegovina, Kosovo, North Macedonia, and Serbia. The growth in the number of projects and activities being managed by each Western Balkans Mission (USAID/Albania, USAID/Bosnia and Herzegovina, USAID/Kosovo, USAID/North Macedonia, and USAID/Serbia) concerned has outstripped the human resources available at the Missions to effectively perform program-related services. The Regional Program Support IDIQ contract will serve as a vehicle to provide critical support to address these constraints, as well as new demands that will arise, in certain program-related services identified for delivery through external contracting. To further elaborate, this IDIQ contract will support teams in USAID Missions in the Western Balkans to: (1) meet information needs to make informed program management decisions, (2) continually improve quality and achieve development objectives by providing substantive support with qualitative, quantitative, and analytical, information tailored to assist in assessing and evaluating the efficacy of projects being implemented, and (3) coordinate, collaborate, and achieve strategic priorities and objectives tailored to each country’s requirements.",3/1/2025,,20000000,19950000,50000
USAID,"Provide support for program-related services to USAID Missions operating in five Western Balkans countries: Albania, Bosnia and Herzegovina, Kosovo, North Macedonia, and Serbia. The growth in the number of projects and activities being managed by each Western Balkans Mission (USAID/Albania, USAID/Bosnia and Herzegovina, USAID/Kosovo, USAID/North Macedonia, and USAID/Serbia) concerned has outstripped the human resources available at the Missions to effectively perform program-related services. The Regional Program Support IDIQ contract will serve as a vehicle to provide critical support to address these constraints, as well as new demands that will arise, in certain program-related services identified for delivery through external contracting. To further elaborate, this IDIQ contract will support teams in USAID Missions in the Western Balkans to: meet information needs to make informed program management decisions, continually improve quality and achieve development objectives by providing substantive support with qualitative, quantitative, and analytical, information tailored to assist in assessing and evaluating the efficacy of projects being implemented, and coordinate, collaborate, and achieve strategic priorities and objectives tailored to each country’s requirements.",3/1/2025,,50000,0,50000
USAID,"Provide support for program-related services to USAID Missions operating in five Western Balkans countries: Albania, Bosnia and Herzegovina, Kosovo, North Macedonia, and Serbia. The growth in the number of projects and activities being managed by each Western Balkans Mission (USAID/Albania, USAID/Bosnia and Herzegovina, USAID/Kosovo, USAID/North Macedonia, and USAID/Serbia) concerned has outstripped the human resources available at the Missions to effectively perform program-related services. The Regional Program Support IDIQ contract will serve as a vehicle to provide critical support to address these constraints, as well as new demands that will arise, in certain program-related services identified for delivery through external contracting. To further elaborate, this IDIQ contract will support teams in USAID Missions in the Western Balkans to: meet information needs to make informed program management decisions, continually improve quality and achieve development objectives by providing substantive support with qualitative, quantitative, and analytical, information tailored to assist in assessing and evaluating the efficacy of projects being implemented, and coordinate, collaborate, and achieve strategic priorities and objectives tailored to each country’s requirements.",3/1/2025,,50000,0,50000
USAID,"Provide support for program-related services to USAID Missions operating in five Western Balkans countries: Albania, Bosnia and Herzegovina, Kosovo, North Macedonia, and Serbia. The growth in the number of projects and activities being managed by each Western Balkans Mission (USAID/Albania, USAID/Bosnia and Herzegovina, USAID/Kosovo, USAID/North Macedonia, and USAID/Serbia) concerned has outstripped the human resources available at the Missions to effectively perform program-related services. The Regional Program Support IDIQ contract will serve as a vehicle to provide critical support to address these constraints, as well as new demands that will arise, in certain program-related services identified for delivery through external contracting. To further elaborate, this IDIQ contract will support teams in USAID Missions in the Western Balkans to: meet information needs to make informed program management decisions, continually improve quality and achieve development objectives by providing substantive support with qualitative, quantitative, and analytical, information tailored to assist in assessing and evaluating the efficacy of projects being implemented, and coordinate, collaborate, and achieve strategic priorities and objectives tailored to each country’s requirements.",3/1/2025,,20000000,19950000,50000
USAID,"Provide support for program-related services to USAID Missions operating in five Western Balkans countries: Albania, Bosnia and Herzegovina, Kosovo, North Macedonia, and Serbia. The growth in the number of projects and activities being managed by each Western Balkans Mission (USAID/Albania, USAID/Bosnia and Herzegovina, USAID/Kosovo, USAID/North Macedonia, and USAID/Serbia) concerned has outstripped the human resources available at the Missions to effectively perform program-related services. The Regional Program Support IDIQ contract will serve as a vehicle to provide critical support to address these constraints, as well as new demands that will arise, in certain program-related services identified for delivery through external contracting. To further elaborate, this IDIQ contract will support teams in USAID Missions in the Western Balkans to: meet information needs to make informed program management decisions, continually improve quality and achieve development objectives by providing substantive support with qualitative, quantitative, and analytical, information tailored to assist in assessing and evaluating the efficacy of projects being implemented, and coordinate, collaborate, and achieve strategic priorities and objectives tailored to each country’s requirements.",3/1/2025,,20000000,19950000,50000
USAID,DDI/LFT - Compliance and Capacity Support for Diverse Partnerships (CCSDP) - Incremental Funding - Initial Award Funding,3/1/2025,,25000,0,25000
USAID,DDI/LFT - Compliance and Capacity Support for Diverse Partnerships (CCSDP) - Incremental Funding - Initial Award Funding,3/1/2025,,25000,0,25000
USAID,DDI/LFT - Compliance and Capacity Support for Diverse Partnerships (CCSDP) - Incremental Funding - Initial Award Funding,3/1/2025,,25000,0,25000
USAID,DDI/LFT - Compliance and Capacity Support for Diverse Partnerships (CCSDP) - Incremental Funding - Initial Award Funding,3/1/2025,,25000,0,25000
USAID,DDI/LFT - Compliance and Capacity Support for Diverse Partnerships (CCSDP) - Incremental Funding - Initial Award Funding,3/1/2025,,25000,0,25000
USAID,DDI/LFT - Compliance and Capacity Support for Diverse Partnerships (CCSDP) - Incremental Funding - Initial Award Funding,3/1/2025,,25000,0,25000
USAID,IPI/LFT - Compliance and Capacity Support for Diverse Partnerships (CCSDP).,3/1/2025,,25000,0,25000
USAID,IPI/LFT - Compliance and Capacity Support for Diverse Partnerships (CCSDP).,3/1/2025,,25000,0,25000
USAID,IPI/LFT - Compliance and Capacity Support for Diverse Partnerships (CCSDP).,3/1/2025,,25000,0,25000
USAID,"The purpose of the Sustainable Economic Transformation (SET) Activity is to support sustainable economic opportunities and investment in a targeted geography to foster equitable and environmentally sustainable growth, development, and peace implementation, as outlined in the Country Development Cooperation Strategy (CDCS).",3/1/2025,,58338140,50076139,8262001
USAID,Initial obligation for individual IDIQ award under ACES,3/1/2025,,25000,0,25000
USAID,Initial obligation for individual IDIQ award under ACES.,3/1/2025,,25000,0,25000
USAID,Initial obligation for individual IDIQ award under ACES,3/1/2025,,25000,0,25000
USAID,Initial obligation for individual IDIQ award under ACES,3/1/2025,,25000,0,25000
USAID,Initial obligation for individual IDIQ award under ACES,3/1/2025,,25000,0,25000
USAID,Initial obligation for individual IDIQ award under ACES,3/1/2025,,25000,0,25000
USAID,Initial obligation for individual IDIQ award under ACES.,3/1/2025,,25000,0,25000
USAID,Initial Obligation for individual IDIQ award under ACES.,3/1/2025,,25000,0,25000
USAID,Initial obligation for Individual IDIQ award under ACES.,3/1/2025,,25000,0,25000
USAID,Initial obligation for individual IDIQ awards under ACES.,3/1/2025,,25000,0,25000
USAID,Initial obligation for individual IDIQ award under ACES,3/1/2025,,25000,0,25000
USAID,Initial obligation for individual IDIQ award under ACES,3/1/2025,,25000,0,25000
USAID,Initial obligation for individual IDIQ award under ACES,3/1/2025,,25000,0,25000
USAID,Initial obligation for individual IDIQ award under ACES,3/1/2025,,25000,0,25000
USAID,The purpose of the Activity is to leverage and mobilize public and private finance to support Colombia s climate adaptation and mitigation targets.,3/1/2025,,57836383,47001218,10835165
USAID,"EVALUATION, LEARNING, AND MONITORING INITIATIVE (ELMI) IDIQ FOR USAID/SOMALIA",3/1/2025,,24000000,23999999,1
USAID,Acquisition for Integrated Prevention of Violence and Migration in Honduras (Sembrando Esperanza Activity),3/1/2025,,37800000,37800000,0
USAID,Build 4 Tomorrow - Construction Services IDIQ,3/1/2025,,75000,0,75000
USAID,Build 4 Tomorrow - Construction Services IDIQ,3/1/2025,,75000,0,75000
USAID,Build 4 Tomorrow - Construction Services IDIQ,3/1/2025,,75000,0,75000
USAID,"USAID/RDMA Program Cycle Monitoring, Evaluation, and Learning (PCMEL) Support Activity will support USAID Missions/Operating Units (OUs) in Asia and their partners and stakeholders to be more efficient, effective, and transparent in achieving and reporting results through the use of empirical data, strategic collaboration, and adaptive management. By providing technical and support services to USAID Missions/OUs, their implementing partners (IPs), and key stakeholders throughout Asia, this Contract will assist USAID to strengthen development programming, improve monitoring and evaluation (M&E) quality and standards, and foster collaborating, learning, and adapting (CLA) and knowledge management (KM) through participatory processes to improve evidence-based decision making.",3/1/2025,,38000000,37975000,25000
USAID,"USAID/RDMA Program Cycle Monitoring, Evaluation, and Learning (PCMEL) Support Activity will support USAID Missions/Operating Units (OUs) in Asia and their partners and stakeholders to be more efficient, effective, and transparent in achieving and reporting results through the use of empirical data, strategic collaboration, and adaptive management. By providing technical and support services to USAID Missions/OUs, their implementing partners (IPs), and key stakeholders throughout Asia, this Contract will assist USAID to strengthen development programming, improve monitoring and evaluation (M&E) quality and standards, and foster collaborating, learning, and adapting (CLA) and knowledge management (KM) through participatory processes to improve evidence-based decision making.",3/1/2025,,38000000,37975000,25000
USAID,"USAID/RDMA Program Cycle Monitoring, Evaluation, and Learning (PCMEL) Support Activity will support USAID Missions/Operating Units (OUs) in Asia and their partners and stakeholders to be more efficient, effective, and transparent in achieving and reporting results through the use of empirical data, strategic collaboration, and adaptive management. By providing technical and support services to USAID Missions/OUs, their implementing partners (IPs), and key stakeholders throughout Asia, this Contract will assist USAID to strengthen development programming, improve monitoring and evaluation (M&E) quality and standards, and foster collaborating, learning, and adapting (CLA) and knowledge management (KM) through participatory processes to improve evidence-based decision making.",3/1/2025,,38000000,37975000,25000
USAID,"USAID/RDMA Program Cycle Monitoring, Evaluation, and Learning (PCMEL) Support Activity will support USAID Missions/Operating Units (OUs) in Asia and their partners and stakeholders to be more efficient, effective, and transparent in achieving and reporting results through the use of empirical data, strategic collaboration, and adaptive management. By providing technical and support services to USAID Missions/OUs, their implementing partners (IPs), and key stakeholders throughout Asia, this Contract will assist USAID to strengthen development programming, improve monitoring and evaluation (M&E) quality and standards, and foster collaborating, learning, and adapting (CLA) and knowledge management (KM) through participatory processes to improve evidence-based decision making.",3/1/2025,,38000000,37975000,25000
USAID,P4P2 Base IDIQ CPS/CVP,3/1/2025,,25000,0,25000
USAID,P4P2 Base IDIQ CPS/CVP,3/1/2025,,25000,0,25000
USAID,P4P2 Base IDIQ CPS/CVP,3/1/2025,,25000,0,25000
USAID,P4P2 Base IDIQ CPS/CVP,3/1/2025,,25000,0,25000
USAID,P4P2 Base IDIQ CPS/CVP,3/1/2025,,25000,0,25000
USAID,P4P2 Base IDIQ CPS/CVP,3/1/2025,,25000,0,25000
USAID,P4P2 Base IDIQ CPS/CVP,3/1/2025,,25000,0,25000
USAID,P4P2 Base IDIQ CPS/CVP,3/1/2025,,25000,0,25000
USAID,"The purpose of this Contract is to provide the United States Agency for International Development (USAID) Central Asia regional and bilateral Missions with expert services to conduct independent evaluations, ad hoc assessments and analysis during program development and implementation, and support local capacity building and learning in the Monitoring, Evaluation and Learning (MEL) space. It is anticipated that this Contract will assist the Central Asia regional and bilateral Missions assess and develop programs, as well as foster learning and knowledge management in order to support stronger results and improve evidence-based programming. This, in turn, will promote more effective use of the Agency’s development assistance resources and provide greater transparency.",3/1/2025,,7000000,6975000,25000
USAID,USAID Central America Regional Support Services (CARSS) IDIQ,3/1/2025,,10000,0,10000
USAID,USAID Central America Regional Support Services (CARSS) IDIQ,3/1/2025,,10000,0,10000
USAID,USAID Central America Regional Support Services (CARSS) IDIQ,3/1/2025,,10000,0,10000
USAID,USAID Central America Regional Support Services (CARSS) IDIQ,3/1/2025,,10000,0,10000
USAID,USAID Central America Regional Support Services (CARSS) IDIQ,3/1/2025,,10000,0,10000
USAID,USAID Central America Regional Support Services (CARSS) IDIQ,3/1/2025,,10000,0,10000
USAID,USAID Central America Regional Support Services (CARSS) IDIQ,3/1/2025,,10000,0,10000
USAID,USAID Central America Regional Support Services (CARSS) IDIQ,3/1/2025,,10000,0,10000
USAID,USAID Central America Regional Support Services (CARSS) IDIQ,3/1/2025,,10000,0,10000
USAID,USAID Central America Regional Support Services (CARSS) IDIQ,3/1/2025,,10000,0,10000
USAID,USAID Central America Regional Support Services (CARSS) IDIQ,3/1/2025,,10000,0,10000
USAID,USAID Central America Regional Support Services (CARSS) IDIQ,3/1/2025,,10000,0,10000
USAID,USAID Central America Regional Support Services (CARSS) IDIQ,3/1/2025,,10000,0,10000
USAID,USAID Central America Regional Support Services (CARSS) IDIQ,3/1/2025,,10000,0,10000
USAID,USAID Central America Regional Support Services (CARSS) IDIQ,3/1/2025,,10000,0,10000
USAID,USAID Central America Regional Support Services (CARSS) IDIQ,3/1/2025,,10000,0,10000
USAID,USAID Central America Regional Support Services (CARSS) IDIQ,3/1/2025,,10000,0,10000
USAID,USAID Central America Regional Support Services (CARSS) IDIQ,3/1/2025,,10000,0,10000
USAID,"USAID Monitoring, Evaluation, Learning, and Strategic Information IDIQ - The purpose of the USAID MEL-SI IDIQ contract is to provide monitoring, evaluation, learning, and strategic information support services to USAID/Uganda’s technical offices and implementing partners.""",3/1/2025,,25000,0,25000
USAID,"Monitoring, evaluation, learning and strategic information activity to strengthening performance management at the strategic and implementing mechanism level to advance the CDCS development objectives.",3/1/2025,,25000,0,25000
USAID,"The purpose of the USAID MEL-SI IDIQ contract is to provide monitoring, evaluation, learning, and strategic information support services to USAID/Uganda’s technical offices and implementing partners",3/1/2025,,25000,0,25000
USAID,Water and Development II IDIQ,3/1/2025,,25000,0,25000
USAID,Water and Development II IDIQ,3/1/2025,,25000,0,25000
USAID,Water and Development II IDIQ,3/1/2025,,25000,0,25000
USAID,Water and Development II IDIQ,3/1/2025,,25000,0,25000
USAID,Water and Development II IDIQ,3/1/2025,,25000,0,25000
USAID,Water and Development II IDIQ,3/1/2025,,25000,0,25000
USAID,Water and Development II IDIQ,3/1/2025,,25000,0,25000
USAID,Water and Development II IDIQ,3/1/2025,,25000,0,25000
USAID,Water and Development II IDIQ,3/1/2025,,25000,0,25000
USAID,Water and Development II IDIQ,3/1/2025,,25000,0,25000
USAID,Build 4 Tomorrow - Construction Services IDIQ,3/1/2025,,75000,0,75000
USAID,For acquisition action for the Comprehensive Technical Assistance for Health Supply Chain and Pharmaceutical Management award also known as Comprehensive TA Award for short.,3/1/2025,,25000,0,25000
USAID,For acquisition action for the Comprehensive Technical Assistance for Health Supply Chain and Pharmaceutical Management award also known as Comprehensive TA Award (CompTA),3/1/2025,,25000,0,25000
USAID,Comprehensive Technical Assistance for Health Supply Chain and Pharmaceutical Management (Comprehensive TA) under the United States Agency for International Development (USAID) Bureau for Global Health (GH),3/1/2025,,25000,0,25000
USAID,For acquisition action for the Comprehensive Technical Assistance for Health Supply Chain and Pharmaceutical Management award also known as Comprehensive TA Award for short.,3/1/2025,,25000,0,25000
USAID,For acquisition action for the Comprehensive Technical Assistance for Health Supply Chain and Pharmaceutical Management award also known as Comprehensive TA Award for short.,3/1/2025,,25000,0,25000
USAID,For acquisition action for the Comprehensive Technical Assistance for Health Supply Chain and Pharmaceutical Management award also known as Comprehensive TA Award for short.,3/1/2025,,25000,0,25000
USAID,"The objective of this Indefinite Delivery Indefinite Quantity contract is to provide USAID's Office of Transition Initiatives with the means to support U.S. foreign policy objectives by catalyzing local initiatives to advance stability, peace and democracy in response to complex political crises.",3/1/2025,,50000,0,50000
USAID,"The objective of this Indefinite Delivery Indefinite Quantity contract is to provide USAID's Office of Transition Initiatives with the means to support U.S. foreign policy objectives by catalyzing local initiatives to advance stability, peace and democracy in response to complex political crises.",3/1/2025,,50000,0,50000
USAID,"The objective of this Indefinite Delivery Indefinite Quantity contract is to provide USAID's Office of Transition Initiatives with the means to support U.S. foreign policy objectives by catalyzing local initiatives to advance stability, peace and democracy in response to complex political crises.",3/1/2025,,50000,0,50000
USAID,"The objective of this Indefinite Delivery Indefinite Quantity contract is to provide USAID's Office of Transition Initiatives with the means to support U.S. foreign policy objectives by catalyzing local initiatives to advance stability, peace and democracy in response to complex political crises.",3/1/2025,,50000,0,50000
USAID,"The objective of this Indefinite Delivery Indefinite Quantity contract is to provide USAID's Office of Transition Initiatives with the means to support U.S. foreign policy objectives by catalyzing local initiatives to advance stability, peace and democracy in response to complex political crises.",3/1/2025,,50000,0,50000
USAID,"The objective of this Indefinite Delivery Indefinite Quantity contract is to provide USAID's Office of Transition Initiatives with the means to support U.S. foreign policy objectives by catalyzing local initiatives to advance stability, peace and democracy in response to complex political crises.",3/1/2025,,50000,0,50000
USAID,"The objective of this Indefinite Delivery Indefinite Quantity contract is to provide USAID's Office of Transition Initiatives with the means to support U.S. foreign policy objectives by catalyzing local initiatives to advance stability, peace and democracy in response to complex political crises.",3/1/2025,,50000,0,50000
USAID,"The objective of this Indefinite Delivery Indefinite Quantity contract is to provide USAID's Office of Transition Initiatives with the means to support U.S. foreign policy objectives by catalyzing local initiatives to advance stability, peace and democracy in response to complex political crises.",3/1/2025,,50000,0,50000
USAID,"The objective of this Indefinite Delivery Indefinite Quantity contract is to provide USAID's Office of Transition Initiatives with the means to support U.S. foreign policy objectives by catalyzing local initiatives to advance stability, peace and democracy in response to complex political crises.",3/1/2025,,50000,0,50000
USAID,"The objective of this Indefinite Delivery Indefinite Quantity contract is to provide USAID's Office of Transition Initiatives with the means to support U.S. foreign policy objectives by catalyzing local initiatives to advance stability, peace and democracy in response to complex political crises.",3/1/2025,,50000,0,50000
USAID,TASK ORDER 2 UNDER ECONOMIC REFORM ACTIVITY IDIQ-ENERGY SECTOR SUPPORT ACTIVITY TO PROVIDE TECHNICAL ASSISTANCE TO THE GOVERNMENT OF JORDAN TO IMPLEMENT THE KINGDOMS ECONOMIC REFORM PLANS TO IMPROVE THE SUSTAINABILITY AND SELF-RELIANCE OF THE ENERG,3/7/2025,,37111699,12309685,24802014
USAID,"The Contractor will provide expert technical support to low- and middle-income countries (LMICs) to strengthen the medicines component of their health systems to ensure sustainable access to and appropriate use of safe, effective, quality-assured, affordable essential medicines and medicines-related pharmaceutical services.",3/10/2025,,209705563,6758009,202947554
USAID,"US-SEGA will support Indo-Pacific economic growth through the use of two interconnected components that will support APEC with technical assistance, as well as USAID Missions with demand-driven assistance on emerging EG opportunities.",3/10/2025,,33999551,646776,33352775
USAID,"PRH/PEC -- DHS-8. The purpose of this contract is to improve the collection, analysis, and dissemination of population, health, and nutrition data and to facilitate use of these data for planning, policy-making, and program management.",3/10/2025,,214179751,49304177,164875574
USAID,"THE MSP ACTIVITY WOULD ADDRESS UNMET SERVICE NEEDS AND KNOWLEDGE GAPS IDENTIFIED BY USAID MISSIONS AND OUS NECESSARY TO: 1.) OPERATIONALIZE THE PRIVATE SECTOR ENGAGEMENT (PSE) POLICY IN RESILIENCE, FOOD SECURITY, AND NUTRITION PROGRAMMING; 2.) ADOPT",3/10/2025,,79985807,17261482,62724325
USAID,Reaching Every At-Risk Community and Household with Malaria Services (REACH),3/10/2025,,188000962,158924493,29076469
USAID,Provide reasonable accommodations for employment support services pursuant to the Rehabilitation Act of 1973,3/10/2025,,2917200,2745600,171600
USAID,To provide personal assistant services persuant to 29 C.F.R. 1614.203(d)(5) to USAID employees with disabilities.,3/10/2025,,2689342,2382915,306427
USAID,STrengthening Infectious Disease DEtection System (STRIDES) Activity,3/10/2025,,244967896,228341185,16626711
USAID,"QUALIFYING, TESTING, ISSUING PROJECT (QTI)",3/10/2025,,250000000,245311014,4688986
USAID,The goal of the Integrity project is to reduce opportunities for corruption and reinforce public demand for improved governance and accountability in Armenia.,3/10/2025,,9473852,0,9473852
USAID,"The purpose of the Healthy Mother, Healthy Baby Activity is to improve the nutritional status and prevent morbidity and mortality of mothers and children under two as well as improve the quality and availability of lifesaving, evidence-based health interventions for women and children in the Feed the Future Zone of Influence (FTF ZOI) in Khatlon province.",3/10/2025,,17927706,0,17927706
USAID,THE ACTIVITY PURPOSE IS TO CATALYZE THE SOCIAL AND ECONOMIC POTENTIAL OF BIH DIASPORA. MORE ACTIVE ENGAGEMENT OF DIASPORA INDIVIDUALS AND BUSINESS COMMUNITIES IS CRUCIAL FOR BIHS DEVELOPMENT.,3/10/2025,,15691347,5818509,9872838
USAID,THE PURPOSE OF THIS ACTIVITY IS TO ACCELERATE THE SUSTAINABLE DEVELOPMENT OF THE ENERGY SECTOR IN BOSNIA AND HERZEGOVINA (BIH). THIS WILL BE ACHIEVED BY ENABLING A SMOOTH TRANSITION TO CLEAN ENERGY AND ENSURING ENERGY SECURITY FOR BIH.,3/10/2025,,9949951,7949951,2000000
USAID,Performance Management and Evaluation Services,3/10/2025,,22848142,4163463,18684679
USAID,"To improve the existing management systems and procedures used by the GOJ (through the MPWH and MOE) for the planning, construction, and utilization of public schools in Jordan.",3/10/2025,,14105188,0,14105188
USAID,Pre-service Teacher Education in Jordan (PRESTIJ),3/10/2025,,20575632,0,20575632
USAID,Recycling in Jordan,3/10/2025,,17597407,0,17597407
USAID,"The United States Agency for International Development (USAID) is seeking proposals to implement the Public Financial Management and Administration (PFMA) activity, as described in the attached Request for Proposals (RFP). USAID invites all interested and responsible organizations to submit offers in accordance with the requirements of this solicitation. USAID will conduct this procurement as a full and open competition under which any type of organization may submit a proposal. The procedures set further in the Federal Acquisition Regulation (“FAR”) Part 15 will govern the procurement. The North America Industry Classification System (“NAICS”) Code is 541990.",3/10/2025,,47154843,4379061,42775782
USAID,"The goal of the Technical Assistance Program (TAP) activity is to transform the organizational culture and technical and institutional capacity within the Government of Jordan (GoJ) to successfully implement education and youth reforms supported by direct USAID investment, by providing complementary technical assistance to relevant stakeholders.",3/10/2025,,39999813,0,39999813
USAID,The overall goal of the USAID Public Accountability and Justice Strengthening Activity is to increase the accountability and effectiveness of public institutions in Jordan.,3/10/2025,,35854868,1,35854867
USAID,Water Efficiency and Conservation (WEC) Activity,3/10/2025,,34979784,14686366,20293418
USAID,"THE CONTRACT FOR THE USAID ACTIVE CITIZENRY ACTIVITY THE ACTIVITY AIMS TO INCREASE CITIZENS PARTICIPATION IN CIVIC LIFE AND SUPPORT THEIR EFFORTS TO ADVOCATE FOR POSITIVE CHANGES, FOSTER SOCIAL AND POLITICAL ADVANCEMENT, AND IMPROVE OVERALL LIVI",3/10/2025,,28784925,10784925,18000000
USAID,"The purpose of the Feed the Future Bangladesh Agricultural Infrastructure Development activity is to improve agricultural infrastructure in order to increase the availability of quality and safe agricultural produce for domestic, regional and international markets that will benefit agricultural value chain actors such as smallholder farmers, agro input dealers, processors and marketers within the Feed the Future Zone of Influence and USAID Bangladesh Zone of Resilience. This Activity aims to improve agricultural infrastructure within the FTF ZOI and USAID/Bangladesh Zone of Resilience (ZOR) through collaboration and coordination with the Government of Bangladesh’s (GoB’s) Local Government Engineering Department (LGED). With this effort, the Contractor will also build the capacity of LGED to better plan, tender, and implement infrastructure in a transparent and efficient manner that meets international standards through the following interventions: Site selection in coordination with other USAID FTF-funded activities to identify roads, market centers, collections centers, cold storage, and drainage/irrigation system improvements that best support the Activity goal; Design and construction of selected infrastructure improvements (construction or rehabilitation); Development of effective operation and maintenance arrangements for constructed and rehabilitated infrastructure; and, Facilitation of public-private partnerships and private sector engagement that will ensure the sustainability of the constructed and rehabilitated infrastructure after handover to beneficiaries.",3/10/2025,,12773934,5581163,7192771
USAID,Cambodia Malaria Elimination Project 2 (CMEP 2),3/10/2025,,19773713,1217866,18555847
USAID,HEA - TB Private Sector Activity (Indonesia),3/10/2025,,25000000,0,25000000
USAID,"TERRESTRIAL ACTIVITY WILL ADVANCE INDONESIA'S OWN DEVELOPMENT GOALS TO BECOME SELF-RELIANT IN PROTECTING NATURAL RESOURCES WHILE BALANCING BIODIVERSITY CONSERVATION, REDUCTION OF GREENHOUSE GAS EMISSIONS, AND SUSTAINABLE LAND USE WITH INCLUSIVE",3/10/2025,,33199806,5503492,27696314
USAID,New Supply Chain Management Strengthening (Technical Assistance to the Dominican Government).,3/10/2025,,2565928,813761,1752167
USAID,The purpose of this contract is to increase employment for youth at risk of irregular migration.,3/10/2025,,34943664,0,34943664
USAID,"To strengthen agricultural market systems to become more competitive, inclusive, and resilient to create sustainable economic opportunities in Honduras.",3/10/2025,,29211412,4367818,24843594
USAID,THE PURPOSE OF THE CARIBBEAN RESILIENT ECONOMIES AND SECTORS ACTIVITY IS TO REDUCE CONSTRAINTS TO CLIMATE AND DISASTER FINANCE AND INCREASE INVESTMENTS IN CLIMATE AND DISASTER RESILIENCE ACROSS ECONOMIC SECTORS.,3/10/2025,,19899302,16810617,3088685
USAID,THE CEERC ACTIVITY WILL HELP TO STEER ECONOMIC DEVELOPMENT IN ROC ON A GREEN PATH AND TO DEVELOP ENTERPRISES THAT REDUCE THREATS TO BIODIVERSITY AND FORESTS. CEERC WILL PLAY A KEY ROLE IN ENSURING THE LONG TERM SUCCESS OF FOREST AND BIODIVERSITY CONS,3/10/2025,,14989615,6576377,8413238
USAID,"The Scaling Up Nutrition Program is a cross-ministry and multi-donor program to reduce stunting in Zambia through implementation of the Government of the Republic of Zambia (GRZ) 1,000 Most Critical Days Program. The first phase, referred to as SUN 1.0. was funded by several donor organizations and significant lessons were learned regarding coordination and implementation. Annex 1 SUN 2.0 Design Report, September 2016 provides a comprehensive background on the lessons learned of SUN 1.0 and the overall direction of the SUN 2.0 program.",3/10/2025,,66602774,13939,66588835
USAID,"The e-SCMIS project is responsible for creating an efficient and reliable health supply chain, supported by a well-designed and functional logistics management information system. The next-generation electronic Logistics Management Information System (eLMIS) is used to capture the HIV & TB essential commodity requirements of facilities to ensure that distribution schedules by the central warehouse and provincial hubs can be developed to meet the needs of the facilities.",3/10/2025,,19296741,133326,19163415
USAID,"USAID/ZAMBIA DRG OFFICE PLANS TO IMPLEMENT ACTIVITIES THAT SUPPORT GOOD GOVERNANCE, SOUND DEMOCRATIC PRINCIPLES AND PROMOTE HUMAN RIGHTS THROUGH CITIZEN ENGAGEMENT AND GOVERNMENT RESPONSE AND ACCOUNTABILITY. ALL THE PLANNED ACTIVITIES ARE FOR CITIZEN",3/10/2025,,27605321,8492347,19112974
USAID,THE PURPOSE OF THE USAID ZAMBIA BUSINESS ENABLING PROJECT IS TO CATALYZE GREATER GENDER EQUALITY AND INCLUSIVE PRIVATE SECTOR INVESTMENT AND TRADE IN RURAL AREAS BY STRENGTHENING SELECT ZAMBIAN GOVERNMENT AND CIVIL SOCIETY ORGANIZATIONS TO IMPLEMENT,3/10/2025,,16198980,7670214,8528766
USAID,"PASCO is a commodity distribution program whose objective is to improve lifesaving commodity availability at SDPs through ZAMMSA. PASCO takes the current 3PL activity managed by the GHSC-PSM project a step further by including last mile distribution and strategic logistics management. Under the leadership of USAID, and in consultation with ZAMMSA, the activity will provide fourth party logistics (4PL) services which include, but are not limited to, distribution and transportation management. The purpose of PASCO is to create sustainable access to safe, effective, quality-assured, affordable lifesaving health commodities by strengthening capacity for transportation and distribution systems. The activity has the following overarching objectives: Objective 1: Improve the effectiveness and efficiency of the distribution and transportation system by responding to the needs of the GRZ through ZAMMSA to deliver commodities from the central medical stores warehouse to regional hubs and SDPs on a routine basis. Objective 2: PASCO will identify technical assistance and management components of the transportation and distribution system that can be transitioned and supported by other donors and GRZ by the end of the project for ownership by the host government.",3/10/2025,,19999999,8455779,11544220
USAID,"The purpose of USAID Zambia Integrated Health is to improve health outcomes of Zambians through equitable access to high-quality, client-centered HIV, TB/HIV, MNCH, and FP/RH services, products, and information, and to strengthen the integration of services when applicable. These services will reduce mortality, morbidity, and HIV transmission for focus subpopulations in Northwestern, Copperbelt, and Central provinces, contributing to long, healthy, and productive lives.",3/10/2025,,119929927,61101927,58828000
USAID,"THE LEADING ORGANIZATIONAL CAPACITY AND LOCALIZATION DEVELOPMENT (LOCAL) ACTIVITY IS TO SUPPORT THE ORGANIZATIONAL CAPACITY OF CURRENT USAID/ZAMBIA LOCAL IMPLEMENTING PARTNERS TO MANAGE, IMPLEMENT, AND MONITOR PROGRAMS.",3/10/2025,,10000000,6672019,3327981
USAID,"THE PURPOSE OF USAID'S STRENGTHENING SYSTEMS AND PUBLIC ACCOUNTABILITY (SSPA) ACTIVITY IS TO IMPROVE SERVICE DELIVERY THROUGH STRENGTHENED ACCOUNTABILITY, DEEPENED PUBLIC PARTICIPATION AND OVERSIGHT, TRANSPARENCY AND REDUCED CORRUPTION WITHIN UG",3/10/2025,,28860268,27520787,1339481
USAID,"Supervisory Executive Officer, EXO, Donald Brady. Contract period will be for six months, from March 14, 2025 to August 30, 2025.",3/10/2025,,122167,0,122167
USAID,Technical assistance services necessary for the successful implementation of the USAID Tanzania Client Centered Health Program HIV and Tuberculosis,3/10/2025,,103646421,14760357,88886064
USAID,"The activity will increase the demand for and use of quality integrated RMNCAH services in target regions, particularly women of reproductive age, youth and children, by improving access to quality RMNCAH services in both facilities and the surrounding communities, promoting positive health-seeking behaviors among Tanzania’s population, and enhancing the overall policy environment for RMNCAH service delivery.",3/10/2025,,79260556,12046774,67213782
USAID,THIS IS A REQUEST THE INCREMENTALLY FUND THE PANAGORA HO TECHNICAL SUPPORT TO THE HEALTH OFFICE TEAM FOR AN AMOUNT OF $1000000,3/10/2025,,60334102,19094100,41240002
USAID,ASPIRE Activity contract for the Eswatini HIV/AIDS Program.,3/10/2025,,29886645,6999486,22887159
USAID,Entrepreneurship Promotion and business investment activity will support USAID/Senegal across the Mission,3/10/2025,,14842623,3401701,11440922
USAID,FEED THE FUTURE SENEGAL AG VALUE CHAIN SERVICES,3/10/2025,,41992227,11634302,30357925
USAID,USAID WASH Services is a five-year activity aiming to increase sustainable access to and use of improved sanitation and water services in Senegal by 2030,3/10/2025,,28795264,17277158,11518106
USAID,Veracode Fedramp Bundle,3/10/2025,,898086,384945,513141
USAID,WHAT'S APP PILOT (TELEMESSAGING),3/10/2025,,13412672,13303322,109350
USAID,"This action provides funding in the amount of $244,534.50 for the purchase of 3,000 Logitech Webcams ($208,142.00) and 500 Headsets (36,392.50) per attached quote from Intellechtechs. Funding received from HMD, op def code to be used B.ITSD.PM.4.2.5.110.",3/10/2025,,2473759,1695911,777848
USAID,Initial obligation for individual IDIQ awards under SWIFT 5.,3/10/2025,,25000,0,25000
USAID,Economic Reform Activity in Jordan (ERA) IDIQ.,3/10/2025,,75000,0,75000
USAID,Economic Reform Activity in Jordan (ERA) IDIQ,3/10/2025,,75000,75000,0
USAID,Economic Reform Activity in Jordan (ERA) IDIQ,3/10/2025,,75000,0,75000
USAID,Economic Reform Activity in Jordan (ERA) IDIQ,3/10/2025,,75000,0,75000
USAID,Economic Reform Activity in Jordan (ERA) IDIQ,3/10/2025,,75000,0,75000
USAID,Economic Reform Activity in Jordan (ERA) IDIQ,3/10/2025,,75000,75000,0
USAID,Economic Reform Activity in Jordan (ERA) IDIQ,3/10/2025,,75000,0,75000
USAID,"Digital Health Activity contract to provide support services and technical assistance to the Government of Ethiopia in the Health Information system and data use to improve Health Outcomes. The TEC amount is $63,792,525 with initial obligation of $6,960,000 and estimated performance dates to be 10/11/2019 through 10/10/2024.",3/10/2025,,63792525,3644355,60148170
USAID,Achieving Sustainability through Local Health Systems,3/10/2025,,251772216,11595858,240176358
USAID,"THE CONTRACTOR IS TO PROVICE SUPPORT, UNDER THE SUPPORT WHICH IMPLEMENTS FAST TRANSITIONS (SWIFT) INDEFINITE DELIVERY INDEFINITE QUANTITY (IDIQ) MECHANISM.",3/10/2025,,78089436,18672398,59417038
USAID,Initial funding for OTI/Iraq,3/10/2025,,274824674,208824674,66000000
USAID,EO14042 - Chemonics TO under SWIFT 5-Programs,3/10/2025,,47541765,40041766,7499999
USAID,"THE PURPOSE OF THIS CONTRACT IS TO ESTABLISH AND MANAGE A FLEXIBLE, QUICK-RESPONSE MECHANISM SUPPORTING ACTIVITIES THAT WILL SUSTAIN THE PRO-DEMOCRACY MOVEMENT AND STRENGTHEN COMMUNITY RESILIENCE AMID ONGOING CONFLICTS IN BURMA.",3/10/2025,,30293812,25293812,5000000
USAID,"THE PURPOSE OF THE GLOBAL ACCOUNTABILITY PROGRAM (GAP) IS TO ENHANCE PARTNER COUNTRY SYSTEMS AND CAPACITY TO PREVENT, DETECT, INVESTIGATE AND DISRUPT TRANSNATIONAL CORRUPTION, GRAND CORRUPTION, AND KLEPTOCRACY- INCLUDING AS IT MANIFESTS ACROSS REGION",3/10/2025,,28985298,13035298,15950000
USAID,THE PURPOSE OF THE ACTIVITY IS TO STRENGTHEN THE PERFORMANCE OF SELECTED MUNICIPALITIES TO BETTER PLAN FOR AND MANAGE MUNICIPAL SERVICES AND DEVELOPMENT.,3/10/2025,,12860365,5636115,7224250
USAID,"THE PURPOSE OF THE ACTIVITY IS TO BUILD ON AND EXPAND FISCAL SECTOR REFORM TO INCREASE EFFICIENCY, REDUCE TAX COMPLIANCE COSTS, AND ALIGN THE REGULATORY FRAMEWORK IN BOSNIA-HERZEGOVINA.",3/10/2025,,11557562,8066653,3490909
USAID,"THE GOAL OF USAID COUNTERING CORRUPTION THROUGH JUSTICE ACTIVITY IS TO PROMOTE MORE EFFECTIVE, INDEPENDENT, AND ACCOUNTABLE JUSTICE SYSTEMS IN BOSNIA AND HERZEGOVINA.",3/10/2025,,7998872,6006556,1992316
USAID,"THE PURPOSE OF THIS ACTIVITY IS TO ELEVATE MISSION MONITORING, EVALUATION, AND LEARNING (MEL) SYSTEMS AND CAPACITY FOR ACCOUNTABILITY AND ADAPTATION ACROSS THE MISSION PORTFOLIO TO THE NEXT LEVEL AND THEREBY MAXIMIZE DEVELOPMENT IMPACT.",3/10/2025,,6999513,5699512,1300001
USAID,Create procurement for TO1 under AE IDIQ,3/10/2025,,1027035,0,1027035
USAID,The purpose of this task order is to obtain full architect-engineer planning and design services for 30 new public MOE schools. The anticipated duration of this Task Order is 5 years (2021-2026). Attached please find the following documents: 1. Section C: Statement of Work 2. Section F 3. Section L 4. Section M 5. IGCE,3/10/2025,,4650743,0,4650743
USAID,Procurement of Tableau and ArcGIS licenses via DataSeed,3/10/2025,,29163,0,29163
USAID,FEED THE FUTURE BANGLADESH QUALITY ASSURANCE SUPPORT (QA SUPPORT) ACTIVITY,3/10/2025,,3999888,2349888,1650000
USAID,Inclusive Federal Democracy Activity (IFDA),3/10/2025,,59993996,41507996,18486000
USAID,LGEE - LOCAL GOVERNANCE ENABLING ENVIRONMENT ACTIVITY TASK ORDER NO. 1,3/10/2025,,38490977,12936566,25554411
USAID,TMS task order 3,3/10/2025,,37600000,13136920,24463080
USAID,"ACQUIRE THE SERVICES OF A QUALIFIED ARCHITECT-ENGINEER FIRM (A&E CONSULTANT) UNDER THE GLOBAL A&E IDIQ 7200AA21D00011, TO PROVIDE CONSTRUCTION OVERSIGHT AS WELL AS FINANCIAL MANAGEMENT CONSULTING SERVICES IN SUPPORT OF NORTHERN UGANDA DEVELOP",3/10/2025,,3239149,239595,2999554
USAID,"procure and deliver a range of HIV commodities, including, Voluntary Medical Male Circumcision (VMMC); Sexually Transmitted Infections/Opportunistic Infections Commodities (STI/OI drugs); Sexually Transmitted Infections/Opportunistic Infections Laboratory Commodities (STI/OI Labs); Medication Assisted Therapy (MAT); Gender Based Violence (GBV) Evidence Collection Kits; Ready-To-Use-Therapeutic Foods; HIV STANDARD KITS (Abbott Determine™ HIV-1/2, 100 Tests; HIV 1/ 2 STAT-PAK® Assay, 20 Tests; SD Bioline HIV-1/2 v3.0, 25 Tests; HIV Self Testing Kits (ORAQUICK; INSTI; SURECHECK); Viral Load Reagents and Consumables (VL); Early Infant Diagnosis (EID) Reagents and Consumables; CD4; Pharmacovigilance – Chemistries; HIV Drug Resistance Testing Reagents; Tuberculosis LAM; Cervical Cancer Commodities; Syphilis 3.0, 100 Tests (e.g., SD Bioline ) and; Hepatitis B Rapid Diagnostic Test (RDT) HBsAg",3/10/2025,,117861581,35124495,82737086
USAID,"To implement a five year U.S. PMI for States (PMI-States) program in the states of Benue, Nasarawa, Plateau, and Zamfara.",3/10/2025,,40292746,7994415,32298331
USAID,To implement a five-year Health Workforce Management Activity in 4 States & FCT,3/10/2025,,18980050,3551093,15428957
USAID,Efficient Supply Chains Advance Patient Engagement (ESCAPE) Activity,3/10/2025,,19473679,18198679,1275000
USAID,"Latest version of eSIM iPhones, MacBook Pro, and iPad for Mission Monrovia",3/10/2025,,45717,0,45717
USAID,"TO CREATE A MEL PLATFORM TO COMPLEMENT AND AUGMENT USAID SENEGAL BILATERAL PERFORMANCE MANAGEMENT, AND MORE EFFECTIVELY DISSEMINATE LEARNING WITHIN THE MISSION AND TO A RANGE OF LOCAL STAKEHOLDERS",3/10/2025,,18724678,8212046,10512632
USAID,SAHEL REGIONAL OFFICE MONITORING REPORTING AND CAPACITY STRENGTHENING SUPPORT CONTRACT,3/10/2025,,27063371,16670108,10393263
USAID,"THE PURPOSE OF THE EVIDENCE MAPPING, SYSTEMATIC REVIEW, AND IMPACT EVALUATION (EMSRIE) ACTIVITY IS TO PROVIDE SUPPORT FOR SYSTEMATIC REVIEWS (SRS), EVIDENCE GAP MAPS (EGMS), AND IMPACT EVALUATIONS (IES). EFFECTIVE EVIDENCE-BASED DECISION MAKING IN SU",3/10/2025,,17197892,13907068,3290824
USAID,"THE PURPOSE OF DATA ECOSYSTEMS FOR DEVELOPMENT IN EDUCATION IS TO STRENGTHEN DATA AND EVIDENCE ECOSYSTEMS AT THE LOCAL AND NATIONAL, REGIONAL, AND GLOBAL LEVELS TO ACHIEVE IMPROVED ACCOUNTABILITY AND LEARNING TO CONTRIBUTE TO USAID CENTER FOR EDUCATI",3/10/2025,,39780012,31700012,8080000
USAID,Syria Humanitarian Monitoring Project III base award,3/10/2025,,5426224,0,5426224
USAID,THE PURPOSE OF THE YOUTH RESILIENCE TO CRIME & VIOLENCE IN THE CARIBBEAN ACTIVITY IS TO ENGAGE AND EMPOWER YOUTH AND OTHER KEY POPULATIONS TO BUILD RESILIENT COMMUNITIES IN THE CARIBBEAN.,3/10/2025,,29602775,11871722,17731053
USAID,GSA/OASIS TASK ORDER FOR INSTITUTIONAL SUPPORT SERVICES CONTRACT,3/10/2025,,26772069,8896575,17875494
USAID,"TO AWARD A NEW TASK ORDER UNDER OASIS UNRESTRICTED POOL 1 ""USAID END WILDLIFE CRIME ACTIVITY""",3/10/2025,,19889291,15789291,4100000
USAID,"THE PURPOSE OF THE USAID PARTNERSHIPS FOR GREEN INVESTMENT IS EMPLOYING NATURE-BASED SOLUTIONS ACROSS SOUTHEAST ASIA TO ACHIEVE GREATER EMISSIONS REDUCTION, CLIMATE RESILIENCE, BIODIVERSITY PROTECTION, INCLUSIVENESS, AND BENEFIT SHARING.",3/10/2025,,15948955,11948955,4000000
USAID,"USAID Indonesia Urban Resilient Water, Sanitation, and Hygiene (IUWASH) Tangguh Activity",3/10/2025,,46031108,14170541,31860567
USAID,"THE PURPOSE OF THIS AWARD IS TO SUPPORT THE IMPLEMENTATION OF OUTREACH, COMMUNICATION STRATEGIES, CORPORATE AND REGIONAL COMMUNICATIONS TO THE USAID/KENYA AND USAID/SOMALIA MISSIONS. THE OVERALL GOAL IS TO IMPROVE AND PROVIDE ENHANCED VISIBILITY OF U",3/10/2025,,16194277,9268766,6925511
USAID,Executive Coaching,3/10/2025,,246692,0,246692
USAID,Assorted USAID Branded items,3/10/2025,,54543,0,54543
USAID,"ASSORTED CAT6 CABLES, PATCH PANELS AND RJ45 CONNECTORS",3/10/2025,,21515,0,21515
USAID,FIRM FIXED PURCHASE ORDER FOR DESIGN AND INSTALLATION OF TELECOMMUNICATIONS CABLING FOR USAID BUILDING,3/10/2025,,46779,0,46779
USAID,THIS IS A FIRM FIXED PRICE PURCHASE ORDER TO DESIGN AND RENOVATE THE ELECTRICAL SYSTEM AT USAID BUILDING,3/10/2025,,26801,0,26801
USAID,SERVICE REQUEST TO HIRE FATMA SAID KAUGA AS SECRETARIAT FOR BOTH THE PRIVATE SECTOR DEVELOPMENT AND TRADE DONOR PARTNER GROUP THE PSDT-DPG AND THE AGRICULTURE DONOR WORKING GROUP (AWG). THE SECRETARIAT SERVES SECRETARIAL FUNCTIONS FOR CALLING AND PR,3/10/2025,,63285,0,63285
USAID,Development Outreach and Communications (DOC) promotional materials and DOC equipment,3/10/2025,,11626,0,11626
USAID,Anka Jiko Scoping Statement and Programmatic Assessment,3/10/2025,,189800,0,189800
USAID,Personal Services Contract,3/10/2025,,987844,162239,825605
USAID,Personal Services Contractor,3/10/2025,,391045,0,391045
USAID,Personal Services Contractor,3/10/2025,,1170768,877753,293015
USAID,Personal Services Contractor,3/10/2025,,1490260,756749,733511
USAID,Personal Services Contractor,3/10/2025,,1137578,710012,427566
USAID,Personal Services Contractor,3/10/2025,,525611,0,525611
USAID,Personal Services Contractor,3/10/2025,,1420383,1345247,75136
USAID,Personal Services Contractor,3/10/2025,,1596507,1204842,391665
USAID,Personal Services Contractor,3/10/2025,,476624,0,476624
USAID,Personal Services Contractor,3/10/2025,,1432889,963028,469861
USAID,Personal Services Contractor,3/10/2025,,1352883,1116589,236294
USAID,Personal Services Contractor,3/10/2025,,1331251,1301251,30000
USAID,Personal Services Contractor,3/10/2025,,141011,0,141011
USAID,Personal Services Contractor,3/10/2025,,1551000,1004882,546118
USAID,Personal Services Contractor,3/10/2025,,1217122,743266,473856
USAID,Personal Services Contractor,3/10/2025,,1308126,1025418,282708
USAID,Personal Services Contractor,3/10/2025,,183689,0,183689
USAID,Personal Services Contractor,3/10/2025,,272291,0,272291
USAID,Personal Services Contractor,3/10/2025,,1344394,1080023,264371
USAID,Personal Services Contractor,3/10/2025,,389825,265761,124064
USAID,Personal Services Contractor,3/10/2025,,848267,535075,313192
USAID,Personal Services Contractor,3/10/2025,,805322,529900,275422
USAID,Personal Services Contractor,3/10/2025,,593099,377485,215614
USAID,Personal Services Contractor,3/10/2025,,886900,569307,317593
USAID,Personal Services Contractor,3/10/2025,,561292,371243,190049
USAID,Personal Services Contractor,3/10/2025,,848188,519788,328400
USAID,Personal Services Contractor,3/10/2025,,561814,371587,190227
USAID,Personal Services Contractor,3/10/2025,,1023455,677034,346421
USAID,Personal Services Contractor,3/10/2025,,862821,553245,309576
USAID,Personal Services Contractor,3/10/2025,,864572,559996,304576
USAID,Personal Services Contractor,3/10/2025,,768645,502668,265977
USAID,Personal Services Contractor,3/10/2025,,784526,511661,272865
USAID,Personal Services Contractor,3/10/2025,,902657,559495,343162
USAID,Personal Services Contractor,3/10/2025,,1149156,943989,205167
USAID,Personal Services Contractor,3/10/2025,,911957,748990,162967
USAID,Personal Services Contractor,3/10/2025,,1148582,941081,207501
USAID,Personal Services Contractor,3/10/2025,,1190101,975298,214803
USAID,Personal Services Contractor,3/10/2025,,1586494,1294618,291876
USAID,Personal Services Contractor,3/10/2025,,1062283,871752,190531
USAID,Personal Services Contractor,3/10/2025,,806968,667262,139706
USAID,Personal Services Contractor,3/10/2025,,915885,752265,163620
USAID,Personal Services Contractor,3/10/2025,,1016325,833226,183099
USAID,Personal Services Contractor,3/10/2025,,210972,0,210972
USAID,Personal Services Contractor,3/10/2025,,789764,129000,660764
USAID,Personal Services Contractor,3/10/2025,,1051128,172088,879040
USAID,Personal Services Contractor,3/10/2025,,983583,268001,715582
USAID,Personal Services Contractor,3/10/2025,,880144,266500,613644
USAID,Personal Services Contractor,3/10/2025,,531358,0,531358
USAID,Personal Services Contractor,3/10/2025,,961950,152200,809750
USAID,Personal Services Contractor,3/10/2025,,928481,175000,753481
USAID,Personal Services Contractor,3/10/2025,,725343,35000,690343
USAID,Personal Services Contractor,3/10/2025,,775010,279999,495011
USAID,Personal Services Contractor,3/10/2025,,727618,0,727618
USAID,Personal Services Contractor,3/10/2025,,796895,192000,604895
USAID,Personal Services Contractor,3/10/2025,,455963,0,455963
USAID,Personal Services Contractor,3/10/2025,,818970,263000,555970
USAID,Personal Services Contractor,3/10/2025,,901358,117000,784358
USAID,Personal Services Contractor,3/10/2025,,624422,0,624422
USAID,Personal Services Contractor,3/10/2025,,765898,116000,649898
USAID,Personal Services Contractor,3/10/2025,,820086,27000,793086
USAID,Personal Services Contractor,3/10/2025,,748940,129884,619056
USAID,Personal Services Contractor,3/10/2025,,799977,112000,687977
USAID,Personal Services Contractor,3/10/2025,,642568,55000,587568
USAID,Personal Services Contractor,3/10/2025,,624582,22000,602582
USAID,Personal Services Contractor,3/10/2025,,787131,180000,607131
USAID,Personal Services Contractor,3/10/2025,,555925,101000,454925
USAID,Personal Services Contractor,3/10/2025,,671904,191000,480904
USAID,Personal Services Contractor,3/10/2025,,555289,61000,494289
USAID,Personal Services Contractor,3/10/2025,,638997,55000,583997
USAID,Personal Services Contractor,3/10/2025,,687386,85000,602386
USAID,Personal Services Contractor,3/10/2025,,652563,155529,497034
USAID,Personal Services Contractor,3/10/2025,,412143,0,412143
USAID,Personal Services Contractor,3/10/2025,,529325,31600,497725
USAID,Personal Services Contractor,3/10/2025,,552488,134000,418488
USAID,Personal Services Contractor,3/10/2025,,613432,280000,333432
USAID,Personal Services Contractor,3/10/2025,,425077,0,425077
USAID,Personal Services Contractor,3/10/2025,,582225,0,582225
USAID,Personal Services Contractor,3/10/2025,,947082,423161,523921
USAID,Personal Services Contractor,3/10/2025,,640816,281103,359713
USAID,Personal Services Contractor,3/10/2025,,1009050,436407,572643
USAID,Personal Services Contractor,3/10/2025,,753463,187000,566463
USAID,Personal Services Contractor,3/10/2025,,616628,199463,417165
USAID,Personal Services Contractor,3/10/2025,,616533,116000,500533
USAID,Personal Services Contractor,3/10/2025,,642088,20800,621288
USAID,Personal Services Contractor,3/10/2025,,535156,361523,173633
USAID,Personal Services Contractor,3/10/2025,,656580,320000,336580
USAID,Personal Services Contractor,3/10/2025,,403088,26300,376788
USAID,Personal Services Contractor,3/10/2025,,715329,210000,505329
USAID,Personal Services Contractor,3/10/2025,,846428,370356,476072
USAID,Personal Services Contractor,3/10/2025,,1090265,512337,577928
USAID,Personal Services Contractor,3/10/2025,,634931,272264,362667
USAID,Personal Services Contractor,3/10/2025,,606096,89000,517096
USAID,Personal Services Contractor,3/10/2025,,660389,127000,533389
USAID,Personal Services Contractor,3/10/2025,,1104250,450546,653704
USAID,Personal Services Contractor,3/10/2025,,979541,629762,349779
USAID,Personal Services Contractor,3/10/2025,,1008710,636806,371904
USAID,Personal Services Contractor,3/10/2025,,998556,640023,358533
USAID,Personal Services Contractor,3/10/2025,,452895,157000,295895
USAID,Personal Services Contractor,3/10/2025,,941476,618785,322691
USAID,Personal Services Contractor,3/10/2025,,1298215,1052467,245748
USAID,Personal Services Contractor,3/10/2025,,377849,28200,349649
USAID,Personal Services Contractor,3/10/2025,,655963,238373,417590
USAID,Personal Services Contractor,3/10/2025,,1149761,763566,386195
USAID,Personal Services Contractor,3/10/2025,,1022184,642344,379840
USAID,Personal Services Contractor,3/10/2025,,507071,66500,440571
USAID,Personal Services Contractor,3/10/2025,,608168,277554,330614
USAID,Personal Services Contractor,3/10/2025,,359107,0,359107
USAID,Personal Services Contractor,3/10/2025,,267240,0,267240
USAID,Personal Services Contractor,3/10/2025,,830965,533642,297323
USAID,Personal Services Contractor,3/10/2025,,667994,293135,374859
USAID,Personal Services Contractor,3/10/2025,,1157058,763381,393677
USAID,Personal Services Contractor,3/10/2025,,141070,0,141070
USAID,Personal Services Contractor,3/10/2025,,781365,162000,619365
USAID,Personal Services Contractor,3/10/2025,,762423,161457,600966
USAID,Personal Services Contractor,3/10/2025,,1107473,231754,875719
USAID,Personal Services Contractor,3/10/2025,,17163,0,17163
USAID,Personal Services Contractor,3/10/2025,,877592,213000,664592
USAID,Personal Services Contractor,3/10/2025,,933348,250000,683348
USAID,Personal Services Contractor,3/10/2025,,1198344,767344,431000
USAID,Personal Services Contractor,3/10/2025,,955873,607630,348243
USAID,Personal Services Contractor,3/10/2025,,1005716,626025,379691
USAID,Personal Services Contractor,3/10/2025,,993925,645705,348220
USAID,Personal Services Contractor,3/10/2025,,1226803,259926,966877
USAID,Personal Services Contractor,3/10/2025,,856198,0,856198
USAID,Personal Services Contractor,3/10/2025,,705181,0,705181
USAID,Personal Services Contractor,3/10/2025,,689721,0,689721
USAID,Personal Services Contractor,3/10/2025,,847083,342058,505025
USAID,Personal Services Contractor,3/10/2025,,297982,0,297982
USAID,Personal Services Contractor,3/10/2025,,747314,0,747314
USAID,Personal Services Contractor,3/10/2025,,484347,5635,478712
USAID,Personal Services Contractor,3/10/2025,,969821,369414,600407
USAID,Personal Services Contractor,3/10/2025,,884759,726573,158186
USAID,Personal Services Contractor,3/10/2025,,1221173,1000853,220320
USAID,Personal Services Contractor,3/10/2025,,748354,510623,237731
USAID,Personal Services Contractor,3/10/2025,,755943,510938,245005
USAID,Personal Services Contractor,3/10/2025,,204567,104965,99602
USAID,Personal Services Contractor,3/10/2025,,851857,698132,153725
USAID,Personal Services Contractor,3/10/2025,,1058410,868633,189777
USAID,Personal Services Contractor,3/10/2025,,1026413,843062,183351
USAID,Personal Services Contractor,3/10/2025,,804575,655663,148912
USAID,Personal Services Contractor,3/10/2025,,682930,0,682930
USAID,Personal Services Contractor,3/10/2025,,848829,540630,308199
USAID,Personal Services Contractor,3/10/2025,,1030319,634804,395515
USAID,Personal Services Contractor,3/10/2025,,990210,803045,187165
USAID,Personal Services Contractor,3/10/2025,,1227191,981553,245638
USAID,Personal Services Contractor,3/10/2025,,1114466,891373,223093
USAID,Personal Services Contractor,3/10/2025,,754435,610145,144290
USAID,Personal Services Contractor,3/10/2025,,220000,0,220000
USAID,Personal Services Contractor,3/10/2025,,1032419,879065,153354
USAID,Personal Services Contractor,3/10/2025,,994366,801366,193000
USAID,Personal Services Contractor,3/10/2025,,1045107,845246,199861
USAID,Personal Services Contractor,3/10/2025,,963690,780461,183229
USAID,Personal Services Contractor,3/10/2025,,1010973,808880,202093
USAID,Personal Services Contractor,3/10/2025,,965657,780657,185000
USAID,Personal Services Contractor,3/10/2025,,1094978,913123,181855
USAID,Personal Services Contractor,3/10/2025,,932030,753574,178456
USAID,Personal Services Contractor,3/10/2025,,827213,514207,313006
USAID,Personal Services Contractor,3/10/2025,,1111584,896488,215096
USAID,Personal Services Contractor,3/10/2025,,980246,798391,181855
USAID,Personal Services Contractor,3/10/2025,,827213,670557,156656
USAID,Personal Services Contractor,3/10/2025,,891887,729621,162266
USAID,Personal Services Contractor,3/10/2025,,1052524,856322,196202
USAID,Personal Services Contractor,3/10/2025,,870889,705513,165376
USAID,Personal Services Contractor,3/10/2025,,1228317,1107065,121252
USAID,Personal Services Contractor,3/10/2025,,1141883,202056,939827
USAID,Personal Services Contractor,3/10/2025,,1351823,361593,990230
USAID,Personal Services Contractor,3/10/2025,,1395148,472872,922276
USAID,Personal Services Contractor,3/10/2025,,1155301,343449,811852
USAID,Personal Services Contractor,3/10/2025,,1139218,1089345,49873
USAID,Personal Services Contractor,3/10/2025,,1139218,956806,182412
USAID,Personal Services Contractor,3/10/2025,,1139218,798322,340896
USAID,Personal Services Contractor,3/10/2025,,1399588,706188,693400
USAID,Personal Services Contractor,3/10/2025,,273809,0,273809
USAID,Personal Services Contractor,3/10/2025,,281919,0,281919
USAID,Personal Services Contractor,3/10/2025,,339347,0,339347
USAID,Personal Services Contractor,3/10/2025,,23260,0,23260
USAID,Personal Services Contractor,3/10/2025,,896573,558208,338365
USAID,Personal Services Contractor,3/10/2025,,602475,393015,209460
USAID,Personal Services Contractor,3/10/2025,,1059310,708310,351000
USAID,Personal Services Contractor,3/10/2025,,1300317,1185758,114559
USAID,Personal Services Contractor,3/10/2025,,962076,779240,182836
USAID,Personal Services Contractor,3/10/2025,,103595,0,103595
USAID,Personal Services Contractor,3/10/2025,,164959,0,164959
USAID,Personal Services Contractor,3/10/2025,,534859,449337,85522
USAID,Personal Services Contractor,3/10/2025,,591281,541281,50000
USAID,Personal Services Contractor,3/10/2025,,1592652,1584652,8000
USAID,Personal Services Contractor,3/10/2025,,997554,0,997554
USAID,Personal Services Contractor,3/10/2025,,16566,0,16566
USAID,Personal Services Contractor,3/10/2025,,1039044,431281,607763
USAID,Personal Services Contractor,3/10/2025,,823698,352250,471448
USAID,Personal Services Contractor,3/10/2025,,727679,458953,268726
USAID,Personal Services Contractor,3/10/2025,,792774,492039,300735
USAID,Personal Services Contractor,3/10/2025,,783790,0,783790
USAID,Personal Services Contractor,3/10/2025,,714418,491441,222977
USAID,Personal Services Contractor,3/10/2025,,523387,142022,381365
USAID,Personal Services Contractor,3/10/2025,,895152,591033,304119
USAID,Personal Services Contractor,3/10/2025,,365628,16000,349628
USAID,Personal Services Contractor,3/10/2025,,666150,276826,389324
USAID,Personal Services Contractor,3/10/2025,,952428,664430,287998
USAID,Personal Services Contractor,3/10/2025,,670535,458787,211748
USAID,Personal Services Contractor,3/10/2025,,887169,173600,713569
USAID,Personal Services Contractor,3/10/2025,,678961,218999,459962
USAID,Personal Services Contractor,3/10/2025,,756946,75000,681946
USAID,Personal Services Contractor,3/10/2025,,841624,106000,735624
USAID,Personal Services Contractor,3/10/2025,,790101,288000,502101
USAID,Personal Services Contractor,3/10/2025,,715270,155000,560270
USAID,Personal Services Contractor,3/10/2025,,764549,75000,689549
USAID,Personal Services Contractor,3/10/2025,,530401,0,530401
USAID,Personal Services Contractor,3/10/2025,,668034,74000,594034
USAID,Personal Services Contractor,3/10/2025,,590593,65000,525593
USAID,Personal Services Contractor,3/10/2025,,624764,63000,561764
USAID,Personal Services Contractor,3/10/2025,,684691,90000,594691
USAID,Personal Services Contractor,3/10/2025,,556882,120000,436882
USAID,Personal Services Contractor,3/10/2025,,629182,50000,579182
USAID,Personal Services Contractor,3/10/2025,,408104,69000,339104
USAID,Personal Services Contractor,3/10/2025,,596241,66000,530241
USAID,Personal Services Contractor,3/10/2025,,698255,100200,598055
USAID,Personal Services Contractor,3/10/2025,,531099,51000,480099
USAID,Personal Services Contractor,3/10/2025,,700886,165000,535886
USAID,Personal Services Contractor,3/10/2025,,622077,65000,557077
USAID,Personal Services Contractor,3/10/2025,,897603,388850,508753
USAID,Personal Services Contractor,3/10/2025,,662308,85000,577308
USAID,Personal Services Contractor,3/10/2025,,633115,44000,589115
USAID,Personal Services Contractor,3/10/2025,,623395,174000,449395
USAID,Personal Services Contractor,3/10/2025,,529117,87000,442117
USAID,Personal Services Contractor,3/10/2025,,507873,116000,391873
USAID,Personal Services Contractor,3/10/2025,,1052558,448586,603972
USAID,Personal Services Contractor,3/10/2025,,631651,18000,613651
USAID,Personal Services Contractor,3/10/2025,,601735,55000,546735
USAID,Personal Services Contractor,3/10/2025,,597358,403458,193900
USAID,Personal Services Contractor,3/10/2025,,533875,139000,394875
USAID,Personal Services Contractor,3/10/2025,,478156,39000,439156
USAID,Personal Services Contractor,3/10/2025,,473683,60000,413683
USAID,Personal Services Contractor,3/10/2025,,727034,313855,413179
USAID,Personal Services Contractor,3/10/2025,,1054914,597762,457152
USAID,Personal Services Contractor,3/10/2025,,1271918,924585,347333
USAID,Personal Services Contractor,3/10/2025,,958283,619576,338707
USAID,Personal Services Contractor,3/10/2025,,725718,253754,471964
USAID,Personal Services Contractor,3/10/2025,,1169753,815304,354449
USAID,Personal Services Contractor,3/10/2025,,549070,40000,509070
USAID,Personal Services Contractor,3/10/2025,,492403,15000,477403
USAID,Personal Services Contractor,3/10/2025,,1204437,754418,450019
USAID,Personal Services Contractor,3/10/2025,,1117939,717711,400228
USAID,Personal Services Contractor,3/10/2025,,619058,306314,312744
USAID,Personal Services Contractor,3/10/2025,,1065524,746714,318810
USAID,Personal Services Contractor,3/10/2025,,1311154,857705,453449
USAID,Personal Services Contractor,3/10/2025,,1194113,779440,414673
USAID,Personal Services Contractor,3/10/2025,,510324,194275,316049
USAID,Personal Services Contractor,3/10/2025,,1191705,762977,428728
USAID,Personal Services Contractor,3/10/2025,,1090800,689645,401155
USAID,Personal Services Contractor,3/10/2025,,425598,26000,399598
USAID,Personal Services Contractor,3/10/2025,,965198,625437,339761
USAID,Personal Services Contractor,3/10/2025,,417527,64000,353527
USAID,Personal Services Contractor,3/10/2025,,1220669,796039,424630
USAID,Personal Services Contractor,3/10/2025,,420468,39000,381468
USAID,Personal Services Contractor,3/10/2025,,663700,303962,359738
USAID,Personal Services Contractor,3/10/2025,,526330,164,526166
USAID,Personal Services Contractor,3/10/2025,,734954,470247,264707
USAID,Personal Services Contractor,3/10/2025,,1257583,1032324,225259
USAID,Personal Services Contractor,3/10/2025,,225289,0,225289
USAID,Personal Services Contractor,3/10/2025,,1432584,1174840,257744
USAID,Personal Services Contractor,3/10/2025,,1057226,867645,189581
USAID,Personal Services Contractor,3/10/2025,,1000852,822254,178598
USAID,Personal Services Contractor,3/10/2025,,1300693,1054842,245851
USAID,Personal Services Contractor,3/10/2025,,663454,467826,195628
USAID,Personal Services Contractor,3/10/2025,,898525,738029,160496
USAID,Personal Services Contractor,3/10/2025,,1053950,854171,199779
USAID,Personal Services Contractor,3/10/2025,,965261,782607,182654
USAID,Personal Services Contractor,3/10/2025,,1211844,993182,218662
USAID,Personal Services Contractor,3/10/2025,,1258408,1019333,239075
USAID,Personal Services Contractor,3/10/2025,,851977,699784,152193
USAID,Personal Services Contractor,3/10/2025,,1171754,960246,211508
USAID,Personal Services Contractor,3/10/2025,,1344719,1095665,249054
USAID,Personal Services Contractor,3/10/2025,,1221644,989492,232152
USAID,Personal Services Contractor,3/10/2025,,172393,0,172393
USAID,Personal Services Contractor,3/10/2025,,1405818,1155139,250679
USAID,Personal Services Contractor,3/10/2025,,964937,792413,172524
USAID,Personal Services Contractor,3/10/2025,,1159133,939971,219162
USAID,Personal Services Contractor,3/10/2025,,1350604,1094929,255675
USAID,Personal Services Contractor,3/10/2025,,1081801,887721,194080
USAID,Personal Services Contractor,3/10/2025,,1122473,921133,201340
USAID,Personal Services Contractor,3/10/2025,,1180672,967501,213171
USAID,Personal Services Contractor,3/10/2025,,1424238,1154679,269559
USAID,Personal Services Contractor,3/10/2025,,965752,598409,367343
USAID,Personal Services Contractor,3/10/2025,,389825,265761,124064
USAID,Personal Services Contractor,3/10/2025,,252343,0,252343
USAID,Personal Services Contractor,3/10/2025,,938485,748164,190321
USAID,Personal Services Contractor,3/10/2025,,257625,0,257625
USAID,Personal Services Contractor,3/10/2025,,640903,357903,283000
USAID,Personal Services Contractor,3/10/2025,,446597,0,446597
USAID,Personal Services Contractor,3/10/2025,,58102,0,58102
USAID,Personal Services Contractor,3/10/2025,,755448,495448,260000
